<DATE>	<TIME>	<OPEN>	<HIGH>	<LOW>	<CLOSE>	<TICKVOL>	<VOL>	<SPREAD>
2021.11.29	00:00:00	1795.46	1796.64	1789.97	1795.90	21237	0	6
2021.11.29	06:00:00	1795.89	1799.43	1792.04	1793.55	27239	0	6
2021.11.29	12:00:00	1793.55	1794.09	1782.52	1784.22	35425	0	6
2021.11.29	18:00:00	1784.21	1787.87	1781.19	1786.89	14856	0	6
2021.11.30	00:00:00	1786.89	1795.89	1782.98	1795.86	18682	0	6
2021.11.30	06:00:00	1795.83	1798.55	1789.94	1792.49	31371	0	6
2021.11.30	12:00:00	1792.53	1808.65	1769.90	1774.37	68372	0	6
2021.11.30	18:00:00	1774.40	1777.80	1770.92	1773.27	20947	0	6
2021.12.01	00:00:00	1773.28	1794.53	1772.67	1790.59	22744	0	5
2021.12.01	06:00:00	1790.56	1792.06	1776.69	1785.12	32284	0	5
2021.12.01	12:00:00	1785.15	1792.27	1781.41	1784.16	44375	0	6
2021.12.01	18:00:00	1784.13	1784.20	1777.39	1781.88	22236	0	6
2021.12.02	00:00:00	1781.92	1782.04	1775.07	1776.11	18179	0	6
2021.12.02	06:00:00	1776.08	1779.08	1767.36	1777.28	24525	0	5
2021.12.02	12:00:00	1777.27	1781.26	1762.32	1763.41	46173	0	6
2021.12.02	18:00:00	1763.40	1770.69	1761.91	1769.06	15145	0	6
2021.12.03	00:00:00	1769.05	1776.52	1767.56	1776.05	17070	0	5
2021.12.03	06:00:00	1776.08	1776.09	1766.15	1771.92	19535	0	5
2021.12.03	12:00:00	1771.95	1782.41	1766.42	1780.52	58067	0	6
2021.12.03	18:00:00	1780.53	1786.14	1779.51	1783.49	15314	0	6
2021.12.06	00:00:00	1782.90	1787.76	1781.14	1783.35	16892	0	5
2021.12.06	06:00:00	1783.37	1785.96	1777.79	1780.09	21274	0	6
2021.12.06	12:00:00	1780.11	1785.03	1775.68	1780.92	28347	0	6
2021.12.06	18:00:00	1780.89	1782.02	1777.84	1781.00	11433	0	5
2021.12.07	00:00:00	1780.97	1781.92	1776.91	1781.13	13866	0	5
2021.12.07	06:00:00	1781.10	1784.59	1777.44	1782.29	18764	0	5
2021.12.07	12:00:00	1782.32	1787.86	1772.12	1783.02	31318	0	6
2021.12.07	18:00:00	1783.06	1786.45	1782.25	1784.79	10507	0	5
2021.12.08	00:00:00	1784.75	1790.88	1784.54	1790.83	13667	0	5
2021.12.08	06:00:00	1790.83	1793.14	1782.91	1786.73	22978	0	6
2021.12.08	12:00:00	1786.71	1787.08	1779.65	1784.39	30787	0	5
2021.12.08	18:00:00	1784.42	1786.85	1782.36	1783.57	11551	0	6
2021.12.09	00:00:00	1783.54	1787.08	1782.21	1785.73	13992	0	6
2021.12.09	06:00:00	1785.72	1787.62	1779.41	1780.39	19068	0	5
2021.12.09	12:00:00	1780.36	1783.05	1773.71	1777.00	31865	0	6
2021.12.09	18:00:00	1777.03	1778.33	1773.49	1776.39	12399	0	5
2021.12.10	00:00:00	1776.40	1779.67	1775.62	1777.15	12406	0	5
2021.12.10	06:00:00	1777.12	1777.51	1770.14	1772.17	17331	0	5
2021.12.10	12:00:00	1772.14	1789.46	1771.76	1783.48	38647	0	6
2021.12.10	18:00:00	1783.47	1785.08	1781.44	1782.88	8279	0	5
2021.12.13	00:00:00	1783.32	1788.19	1782.52	1784.93	11804	0	5
2021.12.13	06:00:00	1784.97	1788.55	1783.29	1788.07	15649	0	6
2021.12.13	12:00:00	1788.07	1791.65	1781.84	1788.34	24944	0	5
2021.12.13	18:00:00	1788.35	1788.84	1785.07	1785.79	9825	0	5
2021.12.14	00:00:00	1785.82	1789.54	1785.13	1787.33	12166	0	5
2021.12.14	06:00:00	1787.32	1788.45	1782.04	1784.84	16157	0	6
2021.12.14	12:00:00	1784.83	1785.59	1766.48	1772.60	35389	0	5
2021.12.14	18:00:00	1772.56	1773.20	1770.33	1772.53	10478	0	5
2021.12.15	00:00:00	1772.55	1773.93	1768.13	1769.34	12704	0	5
2021.12.15	06:00:00	1769.32	1771.41	1766.72	1769.86	16136	0	6
2021.12.15	12:00:00	1769.81	1773.67	1764.14	1765.63	29175	0	6
2021.12.15	18:00:00	1765.67	1781.50	1753.12	1779.52	46219	0	6
2021.12.16	00:00:00	1779.54	1784.23	1775.57	1783.66	16521	0	5
2021.12.16	06:00:00	1783.64	1788.35	1783.55	1787.33	17834	0	6
2021.12.16	12:00:00	1787.34	1799.09	1782.23	1797.30	36600	0	6
2021.12.16	18:00:00	1797.30	1799.69	1795.02	1798.77	12396	0	6
2021.12.17	00:00:00	1798.81	1805.53	1797.31	1805.15	17028	0	5
2021.12.17	06:00:00	1805.12	1809.99	1804.79	1809.08	18730	0	6
2021.12.17	12:00:00	1809.11	1814.27	1802.28	1804.83	29348	0	5
2021.12.17	18:00:00	1804.83	1804.98	1795.86	1798.13	11609	0	6
2021.12.20	00:00:00	1800.13	1803.70	1799.07	1802.91	14363	0	5
2021.12.20	06:00:00	1802.91	1804.16	1794.85	1795.51	18449	0	5
2021.12.20	12:00:00	1795.48	1800.09	1791.76	1794.86	27255	0	6
2021.12.20	18:00:00	1794.89	1795.36	1788.36	1791.68	12722	0	5
2021.12.21	00:00:00	1791.69	1793.47	1789.29	1792.73	13495	0	5
2021.12.21	06:00:00	1792.73	1798.28	1788.84	1797.87	18151	0	5
2021.12.21	12:00:00	1797.90	1800.41	1784.87	1787.46	25932	0	6
2021.12.21	18:00:00	1787.50	1790.62	1786.65	1790.54	10684	0	5
2021.12.22	00:00:00	1790.54	1791.23	1787.43	1787.77	11437	0	5
2021.12.22	06:00:00	1787.76	1791.49	1785.92	1791.05	15879	0	6
2021.12.22	12:00:00	1791.05	1799.87	1788.94	1799.57	23584	0	6
2021.12.22	18:00:00	1799.56	1805.03	1799.31	1803.73	10777	0	6
2021.12.23	00:00:00	1803.73	1808.38	1803.17	1806.17	12280	0	5
2021.12.23	06:00:00	1806.17	1808.10	1804.20	1806.39	14276	0	5
2021.12.23	12:00:00	1806.39	1810.03	1798.78	1808.43	24096	0	6
2021.12.23	18:00:00	1808.40	1810.76	1807.49	1808.52	6898	0	6
2021.12.27	00:00:00	1807.32	1811.91	1806.67	1809.73	11784	0	5
2021.12.27	06:00:00	1809.72	1810.23	1804.78	1806.39	11787	0	5
2021.12.27	12:00:00	1806.39	1813.45	1802.97	1808.23	21206	0	6
2021.12.27	18:00:00	1808.25	1812.70	1806.73	1812.42	8887	0	5
2021.12.28	00:00:00	1812.43	1813.57	1808.55	1813.00	9746	0	5
2021.12.28	06:00:00	1812.99	1818.35	1812.57	1817.82	12817	0	5
2021.12.28	12:00:00	1817.84	1820.26	1809.36	1810.35	24469	0	6
2021.12.28	18:00:00	1810.36	1811.35	1805.07	1806.63	11310	0	6
2021.12.29	00:00:00	1806.63	1807.70	1804.11	1806.73	11291	0	5
2021.12.29	06:00:00	1806.72	1807.49	1794.23	1797.04	16071	0	6
2021.12.29	12:00:00	1797.00	1804.70	1789.38	1804.11	29120	0	6
2021.12.29	18:00:00	1804.15	1805.75	1802.31	1804.59	9970	0	6
2021.12.30	00:00:00	1804.60	1805.57	1798.32	1798.58	12236	0	6
2021.12.30	06:00:00	1798.55	1803.31	1796.24	1802.66	14208	0	6
2021.12.30	12:00:00	1802.63	1814.25	1798.82	1813.57	26194	0	6
2021.12.30	18:00:00	1813.54	1817.18	1812.86	1815.77	9471	0	6
2021.12.31	00:00:00	1815.63	1819.30	1814.77	1818.70	11887	0	6
2021.12.31	06:00:00	1818.69	1820.32	1815.17	1819.61	12637	0	5
2021.12.31	12:00:00	1819.60	1827.49	1818.58	1826.62	27448	0	6
2021.12.31	18:00:00	1826.58	1828.79	1824.78	1827.68	5692	0	6
2022.01.03	00:00:00	1828.47	1831.56	1823.77	1825.48	11972	0	5
2022.01.03	06:00:00	1825.48	1827.53	1820.99	1822.89	14617	0	5
2022.01.03	12:00:00	1822.90	1823.25	1798.37	1799.71	39065	0	6
2022.01.03	18:00:00	1799.67	1804.59	1799.10	1804.17	10800	0	6
2022.01.04	00:00:00	1804.20	1807.11	1802.97	1805.48	14955	0	6
2022.01.04	06:00:00	1805.45	1808.66	1801.97	1804.08	19105	0	6
2022.01.04	12:00:00	1804.05	1816.75	1798.52	1813.63	35350	0	6
2022.01.04	18:00:00	1813.62	1815.43	1813.10	1813.94	9594	0	5
2022.01.05	00:00:00	1813.95	1816.52	1812.78	1815.83	11630	0	5
2022.01.05	06:00:00	1815.82	1820.77	1812.48	1818.71	16551	0	5
2022.01.05	12:00:00	1818.69	1829.67	1814.88	1822.85	30150	0	6
2022.01.05	18:00:00	1822.85	1824.95	1808.32	1810.31	21525	0	6
2022.01.06	00:00:00	1810.34	1811.55	1803.07	1803.08	17286	0	6
2022.01.06	06:00:00	1803.05	1807.05	1793.67	1797.47	26715	0	6
2022.01.06	12:00:00	1797.45	1800.45	1786.89	1791.03	42188	0	6
2022.01.06	18:00:00	1791.00	1791.68	1786.40	1791.43	12692	0	6
2022.01.07	00:00:00	1791.45	1793.20	1789.82	1790.72	11854	0	5
2022.01.07	06:00:00	1790.70	1793.96	1787.80	1793.38	16597	0	5
2022.01.07	12:00:00	1793.35	1796.74	1782.49	1795.98	46599	0	6
2022.01.07	18:00:00	1796.02	1798.68	1794.36	1796.97	10430	0	5
2022.01.10	00:00:00	1795.17	1796.80	1791.47	1793.13	16058	0	5
2022.01.10	06:00:00	1793.11	1802.32	1791.35	1800.57	23492	0	5
2022.01.10	12:00:00	1800.54	1801.37	1790.35	1799.48	35856	0	0
2022.01.10	18:00:00	1799.43	1802.79	1798.43	1801.25	10920	0	0
2022.01.11	00:00:00	1801.22	1808.70	1801.22	1808.48	12671	0	0
2022.01.11	06:00:00	1808.44	1810.30	1804.35	1806.51	20639	0	0
2022.01.11	12:00:00	1806.51	1817.86	1801.80	1817.57	36552	0	0
2022.01.11	18:00:00	1817.54	1823.27	1817.27	1820.73	12629	0	0
2022.01.12	00:00:00	1820.61	1822.54	1817.79	1820.45	12482	0	0
2022.01.12	06:00:00	1820.45	1821.43	1814.72	1817.22	18337	0	0
2022.01.12	12:00:00	1817.21	1827.00	1816.35	1826.11	38963	0	0
2022.01.12	18:00:00	1826.06	1828.07	1824.89	1825.35	10181	0	0
2022.01.13	00:00:00	1825.27	1828.18	1824.05	1825.91	10559	0	0
2022.01.13	06:00:00	1825.91	1827.64	1819.05	1823.62	20553	0	0
2022.01.13	12:00:00	1823.66	1825.98	1812.31	1820.60	39269	0	0
2022.01.13	18:00:00	1820.58	1822.89	1819.51	1820.87	12270	0	0
2022.01.14	00:00:00	1820.87	1828.09	1819.62	1827.79	15912	0	0
2022.01.14	06:00:00	1827.79	1829.22	1819.77	1822.52	20606	0	0
2022.01.14	12:00:00	1822.48	1827.59	1815.39	1815.91	42474	0	0
2022.01.14	18:00:00	1815.91	1818.98	1814.69	1817.38	10466	0	0
2022.01.17	00:00:00	1816.48	1820.60	1813.12	1819.54	12958	0	0
2022.01.17	06:00:00	1819.63	1823.17	1818.74	1821.31	13284	0	0
2022.01.17	12:00:00	1821.31	1821.52	1817.70	1819.27	18205	0	0
2022.01.17	18:00:00	1819.27	1819.62	1818.13	1819.01	1707	0	5
2022.01.18	00:00:00	1819.01	1822.74	1815.23	1816.15	19162	0	5
2022.01.18	06:00:00	1816.09	1817.90	1809.20	1813.08	28716	0	5
2022.01.18	12:00:00	1813.11	1820.07	1805.79	1812.16	53444	0	5
2022.01.18	18:00:00	1812.18	1815.86	1810.61	1814.26	14533	0	5
2022.01.19	00:00:00	1814.29	1814.52	1810.25	1813.40	19814	0	5
2022.01.19	06:00:00	1813.40	1819.94	1811.32	1818.65	28134	0	5
2022.01.19	12:00:00	1817.77	1842.66	1817.06	1840.40	40209	0	0
2022.01.19	18:00:00	1840.37	1843.33	1838.31	1838.53	14735	0	0
2022.01.20	00:00:00	1838.52	1844.06	1837.98	1839.33	17845	0	0
2022.01.20	06:00:00	1839.28	1842.16	1836.74	1839.50	21006	0	0
2022.01.20	12:00:00	1839.50	1847.93	1835.97	1842.40	38100	0	0
2022.01.20	18:00:00	1842.40	1842.57	1837.37	1838.92	15136	0	0
2022.01.21	00:00:00	1838.94	1842.14	1836.30	1841.37	17443	0	0
2022.01.21	06:00:00	1841.37	1842.80	1828.49	1832.01	23876	0	0
2022.01.21	12:00:00	1832.01	1843.22	1831.15	1832.83	42245	0	0
2022.01.21	18:00:00	1832.83	1834.95	1828.54	1834.39	12314	0	0
2022.01.24	00:00:00	1834.71	1839.62	1832.58	1838.80	13951	0	0
2022.01.24	06:00:00	1838.81	1844.35	1836.49	1838.23	26222	0	0
2022.01.24	12:00:00	1838.23	1843.07	1829.67	1838.50	48049	0	0
2022.01.24	18:00:00	1838.49	1844.06	1837.73	1843.64	22976	0	0
2022.01.25	00:00:00	1843.66	1843.69	1839.46	1841.71	15555	0	0
2022.01.25	06:00:00	1841.72	1843.35	1834.85	1837.68	24884	0	0
2022.01.25	12:00:00	1837.71	1852.87	1837.60	1849.82	42241	0	0
2022.01.25	18:00:00	1849.80	1853.88	1847.01	1849.53	15001	0	0
2022.01.26	00:00:00	1849.47	1849.59	1846.53	1847.61	10057	0	0
2022.01.26	06:00:00	1847.61	1848.71	1842.87	1843.16	18181	0	0
2022.01.26	12:00:00	1843.20	1848.10	1828.95	1830.33	38263	0	0
2022.01.26	18:00:00	1830.23	1833.21	1814.98	1821.97	31398	0	0
2022.01.27	00:00:00	1821.99	1822.00	1812.25	1812.73	21256	0	0
2022.01.27	06:00:00	1812.75	1816.91	1807.61	1811.42	28568	0	0
2022.01.27	12:00:00	1811.41	1813.76	1791.84	1792.49	46709	0	0
2022.01.27	18:00:00	1792.51	1798.30	1791.82	1797.30	17991	0	0
2022.01.28	00:00:00	1797.28	1799.44	1795.09	1797.47	13633	0	0
2022.01.28	06:00:00	1797.48	1798.71	1780.31	1785.65	25611	0	0
2022.01.28	12:00:00	1785.65	1793.03	1780.68	1784.02	44213	0	0
2022.01.28	18:00:00	1784.06	1792.09	1784.05	1791.81	12111	0	0
2022.01.31	00:00:00	1789.59	1790.33	1785.59	1789.23	11982	0	0
2022.01.31	06:00:00	1789.23	1793.62	1786.04	1792.30	18378	0	0
2022.01.31	12:00:00	1792.32	1799.64	1789.59	1796.95	35058	0	0
2022.01.31	18:00:00	1796.95	1799.92	1794.97	1797.86	14104	0	0
2022.02.01	00:00:00	1797.84	1803.49	1795.76	1802.71	9990	0	0
2022.02.01	06:00:00	1802.70	1808.28	1801.13	1806.22	18214	0	0
2022.02.01	12:00:00	1806.19	1808.78	1797.79	1802.75	38017	0	0
2022.02.01	18:00:00	1802.69	1803.11	1798.62	1800.77	10588	0	0
2022.02.02	00:00:00	1800.79	1801.66	1797.16	1798.51	7851	0	0
2022.02.02	06:00:00	1798.51	1803.71	1794.41	1802.87	18683	0	0
2022.02.02	12:00:00	1802.87	1810.79	1800.57	1810.11	34607	0	0
2022.02.02	18:00:00	1810.11	1810.64	1805.19	1807.93	11316	0	0
2022.02.03	00:00:00	1807.91	1808.96	1805.51	1806.79	7488	0	0
2022.02.03	06:00:00	1806.79	1806.85	1802.21	1804.20	16694	0	0
2022.02.03	12:00:00	1804.10	1807.62	1788.70	1804.09	47408	0	0
2022.02.03	18:00:00	1804.09	1806.72	1803.24	1805.73	11340	0	0
2022.02.04	00:00:00	1805.73	1808.00	1805.03	1806.57	8704	0	0
2022.02.04	06:00:00	1806.58	1814.52	1805.86	1810.99	20716	0	0
2022.02.04	12:00:00	1811.01	1814.92	1792.19	1806.39	40724	0	0
2022.02.04	18:00:00	1806.39	1808.61	1805.91	1808.20	8380	0	0
2022.02.07	00:00:00	1810.05	1815.27	1808.75	1810.33	15624	0	0
2022.02.07	06:00:00	1810.30	1814.18	1808.74	1813.64	21888	0	0
2022.02.07	12:00:00	1813.64	1820.20	1811.73	1819.97	31600	0	0
2022.02.07	18:00:00	1819.97	1823.57	1819.61	1822.03	9809	0	0
2022.02.08	00:00:00	1822.01	1823.31	1818.96	1820.39	13315	0	0
2022.02.08	06:00:00	1820.31	1821.06	1815.46	1818.13	17987	0	0
2022.02.08	12:00:00	1818.13	1828.36	1817.28	1827.47	25954	0	0
2022.02.08	18:00:00	1827.45	1828.77	1825.48	1825.96	10239	0	0
2022.02.09	00:00:00	1825.98	1829.12	1825.07	1827.46	10717	0	0
2022.02.09	06:00:00	1827.46	1828.40	1825.70	1826.92	14679	0	0
2022.02.09	12:00:00	1826.93	1835.85	1824.69	1834.14	29818	0	0
2022.02.09	18:00:00	1834.14	1835.81	1831.19	1832.63	7918	0	0
2022.02.10	00:00:00	1832.64	1834.75	1831.53	1834.49	9481	0	0
2022.02.10	06:00:00	1834.42	1836.15	1830.41	1832.37	15167	0	0
2022.02.10	12:00:00	1832.36	1841.96	1821.65	1835.29	42514	0	0
2022.02.10	18:00:00	1835.29	1837.70	1825.70	1826.83	21843	0	0
2022.02.11	00:00:00	1826.86	1827.16	1823.12	1824.57	16521	0	0
2022.02.11	06:00:00	1824.60	1827.80	1820.98	1827.32	21301	0	0
2022.02.11	12:00:00	1827.34	1840.93	1824.96	1840.63	37053	0	0
2022.02.11	18:00:00	1840.53	1865.50	1839.44	1859.00	31764	0	0
2022.02.14	00:00:00	1859.61	1860.72	1851.47	1854.63	21751	0	0
2022.02.14	06:00:00	1854.63	1858.49	1850.81	1856.40	31196	0	0
2022.02.14	12:00:00	1856.40	1871.02	1851.28	1864.65	50029	0	0
2022.02.14	18:00:00	1864.55	1874.15	1863.97	1871.09	18259	0	0
2022.02.15	00:00:00	1871.10	1879.42	1870.17	1877.90	18614	0	0
2022.02.15	06:00:00	1877.90	1879.49	1849.98	1852.50	31151	0	0
2022.02.15	12:00:00	1852.53	1857.06	1844.56	1852.93	41510	0	0
2022.02.15	18:00:00	1852.91	1856.54	1851.55	1852.95	10866	0	0
2022.02.16	00:00:00	1852.97	1854.77	1850.30	1854.31	12689	0	0
2022.02.16	06:00:00	1854.31	1859.62	1853.35	1856.42	18515	0	0
2022.02.16	12:00:00	1856.42	1870.02	1851.45	1869.11	33989	0	0
2022.02.16	18:00:00	1869.10	1872.57	1865.21	1869.98	20528	0	0
2022.02.17	00:00:00	1870.01	1876.27	1867.85	1875.05	22314	0	0
2022.02.17	06:00:00	1875.05	1893.33	1872.92	1883.61	31514	0	0
2022.02.17	12:00:00	1883.63	1900.21	1882.81	1897.74	44682	0	0
2022.02.17	18:00:00	1897.74	1901.12	1896.70	1899.97	14406	0	0
2022.02.18	00:00:00	1900.01	1902.49	1888.37	1891.92	20662	0	0
2022.02.18	06:00:00	1891.90	1895.86	1886.58	1891.23	24504	0	0
2022.02.18	12:00:00	1891.24	1899.99	1889.40	1896.85	42329	0	0
2022.02.18	18:00:00	1896.90	1899.50	1893.62	1897.44	14807	0	0
2022.02.21	00:00:00	1904.87	1908.26	1889.27	1891.58	20598	0	0
2022.02.21	06:00:00	1891.58	1898.71	1887.66	1894.65	22195	0	0
2022.02.21	12:00:00	1894.64	1897.78	1892.43	1897.74	20956	0	0
2022.02.21	18:00:00	1897.72	1914.10	1896.62	1909.56	8152	0	0
2022.02.22	00:00:00	1909.53	1913.93	1905.31	1910.17	23084	0	0
2022.02.22	06:00:00	1910.15	1913.42	1891.42	1893.84	37429	0	0
2022.02.22	12:00:00	1893.86	1907.21	1893.74	1903.43	51985	0	0
2022.02.22	18:00:00	1903.46	1905.72	1896.08	1898.27	17134	0	0
2022.02.23	00:00:00	1898.37	1901.30	1894.65	1896.27	13438	0	0
2022.02.23	06:00:00	1896.31	1898.41	1893.39	1894.69	7012	0	0
2022.05.31	06:00:00	1852.01	1852.08	1852.01	1852.07	9	0	6
2022.07.25	00:00:00	1724.71	1728.91	1719.95	1725.29	22845	0	0
2022.07.25	06:00:00	1725.29	1736.28	1724.05	1725.98	32358	0	0
2022.07.25	12:00:00	1726.29	1727.43	1714.77	1719.31	40631	0	0
2022.07.25	18:00:00	1719.34	1719.83	1716.20	1718.99	9628	0	0
2022.07.26	00:00:00	1718.99	1728.22	1718.71	1721.43	19285	0	0
2022.07.26	06:00:00	1721.52	1727.84	1716.17	1717.83	26822	0	0
2022.07.26	12:00:00	1717.83	1721.93	1713.66	1717.39	38300	0	0
2022.07.26	18:00:00	1717.41	1719.04	1716.36	1717.96	9230	0	0
2022.07.27	00:00:00	1717.97	1720.13	1713.67	1719.02	16843	0	0
2022.07.27	06:00:00	1719.02	1725.22	1717.90	1720.68	23750	0	0
2022.07.27	12:00:00	1720.67	1723.24	1711.52	1721.61	32965	0	0
2022.07.27	18:00:00	1721.56	1740.32	1719.16	1738.80	28405	0	0
2022.07.28	00:00:00	1738.80	1741.73	1734.06	1738.77	22192	0	0
2022.07.28	06:00:00	1738.77	1748.53	1737.81	1740.38	31706	0	0
2022.07.28	12:00:00	1740.34	1756.87	1736.09	1752.73	57924	0	0
2022.07.28	18:00:00	1752.68	1757.11	1750.39	1754.88	11598	0	0
2022.07.29	00:00:00	1754.92	1765.12	1752.61	1763.76	24218	0	0
2022.07.29	06:00:00	1763.76	1767.93	1756.40	1761.24	31969	0	0
2022.07.29	12:00:00	1761.23	1767.16	1751.98	1765.50	51802	0	0
2022.07.29	18:00:00	1765.47	1766.60	1760.93	1766.02	9657	0	0
2022.08.01	00:00:00	1762.20	1765.86	1758.37	1759.01	23384	0	0
2022.08.01	06:00:00	1759.01	1774.96	1758.96	1772.70	29488	0	0
2022.08.01	12:00:00	1772.70	1775.23	1764.22	1769.03	47796	0	0
2022.08.01	18:00:00	1769.11	1772.56	1766.57	1772.18	9674	0	0
2022.08.02	00:00:00	1772.24	1780.58	1770.89	1772.53	23494	0	0
2022.08.02	06:00:00	1772.50	1779.78	1768.96	1778.64	28468	0	0
2022.08.02	12:00:00	1778.64	1788.06	1770.23	1770.34	55504	0	0
2022.08.02	18:00:00	1770.44	1770.44	1754.95	1756.72	17072	0	0
2022.08.03	00:00:00	1756.69	1770.64	1755.50	1769.56	20815	0	0
2022.08.03	06:00:00	1769.56	1769.78	1760.30	1765.54	23826	0	0
2022.08.03	12:00:00	1765.54	1772.80	1754.34	1762.05	40942	0	0
2022.08.03	18:00:00	1762.05	1766.28	1760.33	1763.65	6228	0	0
2022.08.04	00:00:00	1763.65	1774.63	1763.33	1769.80	13604	0	0
2022.08.04	06:00:00	1769.86	1786.28	1769.12	1785.72	20410	0	0
2022.08.04	12:00:00	1785.72	1792.87	1774.30	1791.89	42446	0	0
2022.08.04	18:00:00	1791.89	1794.95	1789.63	1793.40	9845	0	6
2022.08.05	00:00:00	1793.40	1794.89	1788.73	1791.42	20216	0	5
2022.08.05	06:00:00	1791.42	1792.40	1783.91	1787.88	26263	0	6
2022.08.05	12:00:00	1787.88	1789.24	1764.98	1775.07	58827	0	5
2022.08.05	18:00:00	1775.07	1775.95	1771.93	1775.31	7019	0	6
2022.08.08	00:00:00	1774.56	1776.41	1771.19	1775.11	18722	0	10
2022.08.08	06:00:00	1775.11	1783.25	1772.56	1782.92	25191	0	9
2022.08.08	12:00:00	1782.92	1790.01	1780.70	1787.69	37783	0	8
2022.08.08	18:00:00	1787.71	1790.63	1786.45	1789.22	8276	0	10
2022.08.09	00:00:00	1789.22	1790.15	1783.23	1788.61	16586	0	10
2022.08.09	06:00:00	1788.58	1794.71	1783.61	1789.45	23796	0	6
2022.08.09	12:00:00	1789.45	1800.45	1788.03	1794.37	37340	0	8
2022.08.09	18:00:00	1794.42	1796.05	1793.13	1794.08	7146	0	10
2022.08.10	00:00:00	1794.08	1794.61	1788.27	1788.35	13404	0	10
2022.08.10	06:00:00	1788.35	1795.29	1787.62	1792.36	23453	0	9
2022.08.10	12:00:00	1792.36	1807.87	1787.94	1794.71	57758	0	7
2022.08.10	18:00:00	1794.71	1795.15	1788.16	1791.69	13139	0	10
2022.08.11	00:00:00	1791.71	1792.45	1783.59	1786.41	16320	0	10
2022.08.11	06:00:00	1786.49	1795.16	1783.91	1794.91	23242	0	6
2022.08.11	12:00:00	1794.90	1799.31	1786.39	1789.31	52160	0	8
2022.08.11	18:00:00	1789.31	1789.66	1785.04	1788.95	12028	0	10
2022.08.12	00:00:00	1788.93	1792.56	1786.29	1790.62	14727	0	10
2022.08.12	06:00:00	1790.62	1794.12	1784.88	1785.35	27458	0	10
2022.08.12	12:00:00	1785.33	1801.93	1784.94	1798.94	46986	0	9
2022.08.12	18:00:00	1798.95	1802.11	1798.14	1801.80	7362	0	9
2022.08.15	00:00:00	1799.09	1801.76	1792.21	1792.39	15949	0	10
2022.08.15	06:00:00	1792.40	1792.99	1772.98	1775.12	33573	0	9
2022.08.15	12:00:00	1775.18	1786.48	1773.02	1780.18	44998	0	8
2022.08.15	18:00:00	1780.19	1780.84	1777.48	1778.52	9958	0	9
2022.08.16	00:00:00	1778.60	1783.09	1776.83	1781.62	14200	0	10
2022.08.16	06:00:00	1781.61	1781.99	1773.85	1776.05	25059	0	10
2022.08.16	12:00:00	1776.06	1778.64	1771.47	1776.39	39962	0	9
2022.08.16	18:00:00	1776.39	1777.54	1774.99	1775.57	8682	0	10
2022.08.17	00:00:00	1775.53	1781.71	1773.83	1781.67	14972	0	10
2022.08.17	06:00:00	1781.68	1782.34	1767.29	1769.30	32303	0	8
2022.08.17	12:00:00	1769.27	1773.65	1759.80	1761.70	50139	0	8
2022.08.17	18:00:00	1761.70	1770.27	1761.67	1764.96	18104	0	10
2022.08.18	00:00:00	1764.96	1767.56	1761.65	1763.37	16141	0	10
2022.08.18	06:00:00	1763.36	1772.40	1760.90	1770.55	29201	0	10
2022.08.18	12:00:00	1770.48	1772.09	1755.35	1758.48	47707	0	10
2022.08.18	18:00:00	1758.51	1761.26	1757.10	1758.40	9718	0	6
2022.08.19	00:00:00	1758.40	1758.58	1751.79	1755.78	18785	0	10
2022.08.19	06:00:00	1755.79	1757.36	1749.78	1753.02	31601	0	10
2022.08.19	12:00:00	1753.03	1758.14	1745.79	1749.67	44341	0	10
2022.08.19	18:00:00	1749.71	1749.83	1745.54	1747.01	7348	0	10
2022.08.22	00:00:00	1745.67	1749.06	1742.91	1743.62	15776	0	5
2022.08.22	06:00:00	1743.59	1743.78	1730.67	1733.30	33495	0	10
2022.08.22	12:00:00	1733.28	1740.05	1727.77	1736.13	46171	0	10
2022.08.22	18:00:00	1736.06	1737.81	1734.40	1735.25	8569	0	10
2022.08.23	00:00:00	1735.25	1740.52	1734.21	1737.08	17647	0	10
2022.08.23	06:00:00	1737.16	1743.90	1734.47	1738.05	29490	0	10
2022.08.23	12:00:00	1738.05	1754.11	1730.82	1746.88	51534	0	10
2022.08.23	18:00:00	1746.89	1748.50	1745.42	1746.05	9006	0	10
2022.08.24	00:00:00	1746.03	1748.09	1744.10	1745.95	15856	0	10
2022.08.24	06:00:00	1745.97	1753.63	1742.46	1745.49	31111	0	10
2022.08.24	12:00:00	1745.48	1755.90	1742.94	1749.62	45158	0	10
2022.08.24	18:00:00	1749.55	1752.72	1749.02	1751.03	8114	0	10
2022.08.25	00:00:00	1751.03	1758.75	1749.98	1756.95	17483	0	10
2022.08.25	06:00:00	1756.95	1765.50	1756.26	1762.54	32464	0	10
2022.08.25	12:00:00	1762.49	1762.81	1752.22	1758.73	42470	0	10
2022.08.25	18:00:00	1758.75	1758.88	1754.93	1756.40	8630	0	10
2022.08.26	00:00:00	1756.41	1757.48	1752.31	1756.11	14717	0	10
2022.08.26	06:00:00	1756.10	1758.82	1743.76	1745.06	30954	0	10
2022.08.26	12:00:00	1745.06	1756.21	1734.20	1739.07	66403	0	10
2022.08.26	18:00:00	1739.13	1739.58	1736.01	1738.35	7753	0	10
2022.08.29	00:00:00	1734.68	1736.20	1721.18	1723.52	23814	0	10
2022.08.29	06:00:00	1723.56	1729.75	1720.31	1727.74	29489	0	10
2022.08.29	12:00:00	1727.71	1745.52	1725.65	1738.19	46008	0	10
2022.08.29	18:00:00	1738.26	1739.84	1735.92	1739.56	9946	0	10
2022.08.30	00:00:00	1739.58	1740.55	1733.63	1734.55	18321	0	5
2022.08.30	06:00:00	1734.54	1737.93	1729.08	1732.98	32870	0	10
2022.08.30	12:00:00	1732.98	1733.40	1721.18	1724.08	47722	0	10
2022.08.30	18:00:00	1724.10	1726.30	1722.25	1723.32	9960	0	10
2022.08.31	00:00:00	1723.31	1726.52	1720.62	1724.51	16553	0	8
2022.08.31	06:00:00	1724.50	1725.15	1709.63	1713.98	37341	0	10
2022.08.31	12:00:00	1713.98	1723.53	1709.78	1712.85	52907	0	10
2022.08.31	18:00:00	1712.79	1714.08	1705.26	1708.92	15249	0	10
2022.09.01	00:00:00	1708.91	1708.91	1702.32	1707.47	21432	0	5
2022.09.01	06:00:00	1707.45	1708.72	1699.97	1701.81	33818	0	5
2022.09.01	12:00:00	1701.81	1704.10	1688.80	1697.08	56978	0	10
2022.09.01	18:00:00	1697.09	1698.40	1694.31	1697.28	11092	0	5
2022.09.02	00:00:00	1697.19	1701.69	1696.28	1701.69	16747	0	7
2022.09.02	06:00:00	1701.70	1707.33	1700.44	1705.81	25083	0	10
2022.09.02	12:00:00	1705.80	1717.98	1704.15	1710.84	61290	0	10
2022.09.02	18:00:00	1710.99	1715.62	1708.84	1711.89	9589	0	10
2022.09.05	00:00:00	1707.98	1714.03	1707.71	1713.34	18214	0	5
2022.09.05	06:00:00	1713.34	1715.75	1708.25	1713.66	25351	0	6
2022.09.05	12:00:00	1713.66	1713.80	1710.05	1710.38	15814	0	5
2022.09.05	18:00:00	1710.38	1714.37	1709.48	1713.89	2450	0	8
2022.09.06	00:00:00	1713.89	1726.77	1713.59	1717.82	19786	0	5
2022.09.06	06:00:00	1717.76	1720.77	1710.68	1714.58	33755	0	10
2022.09.06	12:00:00	1714.55	1715.00	1700.37	1701.02	54612	0	10
2022.09.06	18:00:00	1701.02	1703.86	1699.85	1703.40	13555	0	10
2022.09.07	00:00:00	1703.43	1703.79	1691.27	1696.14	27343	0	5
2022.09.07	06:00:00	1696.15	1707.14	1694.18	1701.12	37446	0	10
2022.09.07	12:00:00	1701.13	1719.22	1697.09	1716.99	49953	0	10
2022.09.07	18:00:00	1716.99	1719.11	1714.16	1716.59	11216	0	10
2022.09.08	00:00:00	1716.59	1719.31	1713.58	1716.21	22309	0	10
2022.09.08	06:00:00	1716.20	1728.20	1715.43	1723.79	37643	0	10
2022.09.08	12:00:00	1723.79	1726.65	1703.96	1709.40	63024	0	10
2022.09.08	18:00:00	1709.40	1710.93	1706.68	1710.68	10457	0	10
2022.09.09	00:00:00	1710.69	1721.89	1709.74	1719.49	20787	0	10
2022.09.09	06:00:00	1719.49	1729.41	1718.19	1721.01	38367	0	10
2022.09.09	12:00:00	1720.99	1722.54	1711.37	1716.49	45266	0	10
2022.09.09	18:00:00	1716.52	1717.66	1714.63	1717.57	5257	0	8
2022.09.12	00:00:00	1718.40	1718.75	1711.95	1713.14	13776	0	8
2022.09.12	06:00:00	1713.13	1729.91	1712.16	1729.59	36000	0	10
2022.09.12	12:00:00	1729.58	1735.13	1723.78	1728.86	47243	0	10
2022.09.12	18:00:00	1728.86	1729.02	1723.78	1725.28	11529	0	5
2022.09.13	00:00:00	1725.28	1727.55	1720.07	1721.48	18041	0	5
2022.09.13	06:00:00	1721.47	1731.46	1721.24	1729.74	31990	0	10
2022.09.13	12:00:00	1729.72	1731.82	1697.11	1703.72	64262	0	10
2022.09.13	18:00:00	1703.69	1705.60	1700.37	1702.11	12766	0	10
2022.09.14	00:00:00	1702.09	1705.10	1697.22	1701.52	23322	0	10
2022.09.14	06:00:00	1701.54	1706.13	1698.89	1701.62	40039	0	10
2022.09.14	12:00:00	1701.65	1707.11	1697.34	1697.65	48934	0	10
2022.09.14	18:00:00	1697.63	1698.21	1693.67	1697.52	12928	0	5
2022.09.15	00:00:00	1697.53	1697.83	1686.09	1688.96	17734	0	6
2022.09.15	06:00:00	1688.91	1691.35	1684.18	1686.36	32930	0	10
2022.09.15	12:00:00	1686.39	1692.29	1660.35	1665.68	58630	0	10
2022.09.15	18:00:00	1665.68	1666.29	1661.32	1662.36	12611	0	10
2022.09.16	00:00:00	1662.38	1667.71	1661.29	1662.86	18986	0	10
2022.09.16	06:00:00	1662.93	1667.82	1654.16	1665.43	34082	0	10
2022.09.16	12:00:00	1665.35	1680.34	1657.16	1671.45	54069	0	10
2022.09.16	18:00:00	1671.46	1677.73	1671.46	1675.56	8680	0	10
2022.09.19	00:00:00	1677.96	1678.79	1666.82	1667.65	17033	0	5
2022.09.19	06:00:00	1667.64	1667.64	1659.63	1661.92	26707	0	5
2022.09.19	12:00:00	1661.91	1675.29	1661.34	1670.81	46107	0	10
2022.09.19	18:00:00	1670.87	1676.06	1669.76	1675.77	10009	0	10
2022.09.20	00:00:00	1675.76	1679.46	1670.45	1670.70	17818	0	10
2022.09.20	06:00:00	1670.81	1675.89	1666.12	1668.75	31959	0	10
2022.09.20	12:00:00	1668.83	1669.24	1660.00	1664.98	46040	0	10
2022.09.20	18:00:00	1664.98	1666.63	1664.06	1666.36	6196	0	10
2022.09.21	00:00:00	1666.35	1667.50	1661.66	1665.87	17561	0	6
2022.09.21	06:00:00	1665.85	1677.39	1664.95	1675.17	36004	0	10
2022.09.21	12:00:00	1675.17	1676.39	1664.90	1668.74	39942	0	10
2022.09.21	18:00:00	1668.81	1688.03	1653.93	1667.01	43939	0	10
2022.09.22	00:00:00	1667.01	1667.11	1656.75	1661.03	24734	0	5
2022.09.22	06:00:00	1661.04	1678.15	1655.67	1672.21	55576	0	10
2022.09.22	12:00:00	1672.20	1684.91	1667.93	1671.99	64319	0	10
2022.09.22	18:00:00	1672.00	1674.47	1669.36	1672.76	12947	0	10
2022.09.23	00:00:00	1672.76	1675.92	1668.23	1672.02	18337	0	10
2022.09.23	06:00:00	1672.03	1674.18	1641.28	1647.70	55172	0	10
2022.09.23	12:00:00	1647.71	1657.88	1641.61	1644.52	62771	0	10
2022.09.23	18:00:00	1644.61	1645.38	1639.75	1645.09	14098	0	10
2022.09.26	00:00:00	1644.12	1646.09	1626.81	1636.97	37114	0	10
2022.09.26	06:00:00	1636.97	1649.76	1635.59	1639.95	51163	0	10
2022.09.26	12:00:00	1639.97	1648.29	1621.75	1624.42	68964	0	10
2022.09.26	18:00:00	1624.42	1631.33	1621.17	1627.67	21566	0	10
2022.09.27	00:00:00	1627.66	1636.39	1627.53	1636.02	22916	0	10
2022.09.27	06:00:00	1636.02	1642.45	1632.46	1636.74	44360	0	10
2022.09.27	12:00:00	1636.76	1640.49	1626.68	1630.92	62696	0	10
2022.09.27	18:00:00	1630.95	1632.67	1626.76	1629.93	14792	0	10
2022.09.28	00:00:00	1623.47	1625.52	1622.68	1623.19	3140	0	10
2022.09.28	06:00:00	1623.20	1631.63	1614.81	1624.41	63245	0	10
2022.09.28	12:00:00	1624.45	1662.69	1624.21	1660.66	72631	0	10
2022.09.28	18:00:00	1660.66	1662.37	1656.19	1656.19	16111	0	10
2022.09.29	00:00:00	1656.23	1659.39	1642.90	1644.00	27476	0	10
2022.09.29	06:00:00	1644.00	1652.24	1641.53	1651.41	51344	0	10
2022.09.29	12:00:00	1651.45	1664.87	1644.62	1658.20	68982	0	10
2022.09.29	18:00:00	1658.23	1665.16	1657.23	1664.59	13996	0	10
2022.09.30	00:00:00	1664.60	1668.11	1659.24	1667.54	22051	0	10
2022.09.30	06:00:00	1667.61	1674.25	1662.62	1663.31	47641	0	10
2022.09.30	12:00:00	1663.35	1675.36	1661.05	1663.00	60227	0	10
2022.09.30	18:00:00	1663.01	1664.79	1660.14	1660.83	14236	0	10
2022.10.03	00:00:00	1664.12	1669.50	1661.98	1666.98	21246	0	7
2022.10.03	06:00:00	1666.99	1668.32	1659.72	1666.24	41795	0	4
2022.10.03	12:00:00	1666.25	1697.19	1663.89	1695.07	67801	0	4
2022.10.03	18:00:00	1695.07	1702.59	1694.54	1700.99	16883	0	4
2022.10.04	00:00:00	1700.98	1704.22	1695.24	1703.25	23926	0	4
2022.10.04	06:00:00	1703.26	1712.58	1700.51	1705.93	45861	0	4
2022.10.04	12:00:00	1706.01	1729.49	1704.09	1723.42	60000	0	4
2022.10.04	18:00:00	1723.50	1726.65	1722.65	1725.58	14886	0	4
2022.10.05	00:00:00	1725.58	1725.72	1717.51	1718.50	21809	0	4
2022.10.05	06:00:00	1718.52	1727.80	1703.20	1706.26	42062	0	4
2022.10.05	12:00:00	1706.14	1714.85	1700.52	1713.00	56323	0	4
2022.10.05	18:00:00	1713.00	1718.88	1712.57	1718.43	14231	0	4
2022.10.06	00:00:00	1718.43	1725.05	1717.97	1723.20	19450	0	4
2022.10.06	06:00:00	1723.27	1725.57	1710.92	1714.92	41271	0	4
2022.10.06	12:00:00	1714.92	1719.58	1706.96	1712.35	56760	0	4
2022.10.06	18:00:00	1712.37	1715.21	1710.62	1711.94	12869	0	4
2022.10.07	00:00:00	1711.95	1713.84	1709.14	1712.99	20082	0	4
2022.10.07	06:00:00	1712.99	1714.83	1706.27	1709.34	34461	0	4
2022.10.07	12:00:00	1709.26	1713.32	1690.65	1699.97	62992	0	4
2022.10.07	18:00:00	1699.96	1700.55	1693.28	1694.63	10630	0	4
2022.10.10	00:00:00	1696.74	1697.28	1685.06	1685.91	23217	0	4
2022.10.10	06:00:00	1685.91	1689.31	1674.21	1677.04	37904	0	2
2022.10.10	12:00:00	1677.04	1679.18	1665.71	1669.68	50085	0	4
2022.10.10	18:00:00	1669.69	1670.95	1667.50	1670.14	11186	0	4
2022.10.11	00:00:00	1670.13	1673.65	1661.39	1666.59	25456	0	4
2022.10.11	06:00:00	1666.59	1670.69	1661.01	1670.24	42008	0	4
2022.10.11	12:00:00	1670.19	1683.97	1663.52	1678.24	56347	0	4
2022.10.11	18:00:00	1678.24	1679.08	1663.80	1664.11	18837	0	4
2022.10.12	00:00:00	1663.94	1672.20	1661.38	1669.67	24182	0	4
2022.10.12	06:00:00	1669.68	1675.31	1666.64	1668.56	42434	0	4
2022.10.12	12:00:00	1668.60	1673.19	1664.85	1671.03	52752	0	4
2022.10.12	18:00:00	1671.06	1678.38	1670.44	1674.47	16418	0	4
2022.10.13	00:00:00	1674.45	1675.46	1669.06	1669.07	13680	0	4
2022.10.13	06:00:00	1669.09	1682.46	1667.05	1678.79	33587	0	4
2022.10.13	12:00:00	1678.79	1680.46	1642.46	1671.54	86360	0	4
2022.10.13	18:00:00	1671.55	1671.55	1662.78	1663.46	14541	0	4
2022.10.14	00:00:00	1663.43	1670.60	1659.03	1668.40	25003	0	4
2022.10.14	06:00:00	1668.32	1671.77	1650.17	1654.96	46984	0	4
2022.10.14	12:00:00	1654.98	1663.97	1640.67	1645.26	69440	0	4
2022.10.14	18:00:00	1645.32	1645.32	1640.19	1644.49	12318	0	4
2022.10.17	00:00:00	1647.49	1654.19	1646.42	1653.82	20409	0	4
2022.10.17	06:00:00	1653.83	1660.68	1648.61	1658.00	40184	0	4
2022.10.17	12:00:00	1658.00	1668.46	1651.91	1652.84	51950	0	4
2022.10.17	18:00:00	1652.87	1653.46	1646.81	1650.69	12895	0	4
2022.10.18	00:00:00	1650.69	1660.93	1648.99	1656.59	23303	0	4
2022.10.18	06:00:00	1656.59	1657.58	1648.70	1652.93	41462	0	4
2022.10.18	12:00:00	1652.93	1657.39	1645.83	1651.90	51322	0	4
2022.10.18	18:00:00	1651.89	1654.50	1648.26	1652.36	13733	0	4
2022.10.19	00:00:00	1652.37	1653.45	1645.04	1646.96	17480	0	4
2022.10.19	06:00:00	1646.94	1647.10	1631.85	1635.31	43518	0	4
2022.10.19	12:00:00	1635.26	1637.76	1627.93	1628.54	54889	0	4
2022.10.19	18:00:00	1628.54	1630.19	1626.45	1627.13	12441	0	4
2022.10.20	00:00:00	1627.12	1635.05	1622.43	1632.37	24862	0	4
2022.10.20	06:00:00	1632.33	1639.30	1627.12	1637.38	40190	0	4
2022.10.20	12:00:00	1637.28	1645.64	1629.63	1630.92	59961	0	4
2022.10.20	18:00:00	1630.94	1631.23	1624.82	1626.92	14838	0	4
2022.10.21	00:00:00	1626.93	1628.32	1619.93	1621.40	20288	0	4
2022.10.21	06:00:00	1621.40	1628.08	1617.29	1623.18	40454	0	4
2022.10.21	12:00:00	1623.18	1654.44	1619.18	1651.96	102008	0	4
2022.10.21	18:00:00	1651.98	1657.74	1651.18	1657.03	15198	0	4
2022.10.24	00:00:00	1661.29	1661.91	1651.91	1654.59	28033	0	4
2022.10.24	06:00:00	1654.48	1658.38	1644.44	1650.09	50739	0	4
2022.10.24	12:00:00	1650.09	1654.48	1644.01	1649.31	65578	0	4
2022.10.24	18:00:00	1649.31	1652.59	1647.83	1651.77	11990	0	4
2022.10.25	00:00:00	1651.77	1654.93	1647.24	1648.19	27494	0	4
2022.10.25	06:00:00	1648.19	1651.76	1638.20	1643.86	37708	0	4
2022.10.25	12:00:00	1643.86	1662.43	1639.10	1655.56	61776	0	4
2022.10.25	18:00:00	1655.59	1657.04	1651.03	1652.79	13044	0	4
2022.10.26	00:00:00	1652.84	1660.35	1649.68	1658.71	20242	0	4
2022.10.26	06:00:00	1658.71	1674.93	1657.72	1668.56	46274	0	4
2022.10.26	12:00:00	1668.58	1672.66	1660.67	1665.91	64785	0	4
2022.10.26	18:00:00	1665.90	1667.58	1663.29	1667.52	14664	0	4
2022.10.27	00:00:00	1667.51	1670.83	1662.27	1668.94	27435	0	4
2022.10.27	06:00:00	1668.93	1669.03	1659.08	1662.05	39631	0	4
2022.10.27	12:00:00	1662.03	1665.79	1654.88	1659.99	75786	0	4
2022.10.27	18:00:00	1659.99	1663.46	1657.93	1661.90	16598	0	4
2022.10.28	00:00:00	1661.94	1667.04	1659.48	1659.88	28502	0	4
2022.10.28	06:00:00	1659.89	1661.51	1646.30	1650.44	46328	0	1
2022.10.28	12:00:00	1650.44	1653.07	1638.05	1641.19	64655	0	4
2022.10.28	18:00:00	1641.22	1645.63	1640.83	1645.16	8673	0	4
2022.10.31	00:00:00	1643.50	1645.65	1640.65	1641.57	19111	0	4
2022.10.31	06:00:00	1641.56	1644.62	1635.65	1639.83	29971	0	4
2022.10.31	12:00:00	1639.84	1642.16	1633.47	1635.45	50933	0	4
2022.10.31	18:00:00	1635.47	1636.46	1631.78	1632.45	15727	0	4
2022.11.01	00:00:00	1632.52	1642.16	1630.65	1641.92	23277	0	4
2022.11.01	06:00:00	1641.93	1655.29	1641.49	1652.55	40761	0	4
2022.11.01	12:00:00	1653.80	1657.04	1642.13	1649.15	65362	0	4
2022.11.01	18:00:00	1649.12	1651.14	1645.84	1646.82	12025	0	4
2022.11.02	00:00:00	1646.85	1653.39	1646.65	1650.73	20575	0	4
2022.11.02	06:00:00	1650.77	1656.92	1649.62	1655.23	30478	0	4
2022.11.02	12:00:00	1655.23	1658.92	1645.69	1649.85	44710	0	4
2022.11.02	18:00:00	1649.86	1669.33	1631.88	1633.74	46281	0	4
2022.11.03	00:00:00	1633.72	1641.00	1632.80	1636.95	21020	0	4
2022.11.03	06:00:00	1636.96	1636.96	1616.72	1619.81	44995	0	4
2022.11.03	12:00:00	1619.64	1631.61	1617.20	1629.38	68604	0	4
2022.11.03	18:00:00	1629.42	1632.36	1628.50	1629.75	11829	0	4
2022.11.04	00:00:00	1629.75	1648.58	1629.42	1647.21	22314	0	4
2022.11.04	06:00:00	1647.21	1653.54	1643.91	1651.40	41646	0	4
2022.11.04	12:00:00	1651.41	1675.49	1643.66	1674.54	80854	0	4
2022.11.04	18:00:00	1674.52	1681.72	1673.39	1680.61	15549	0	4
2022.11.07	00:00:00	1672.69	1675.32	1670.38	1672.31	25883	0	4
2022.11.07	06:00:00	1672.31	1680.42	1666.90	1677.01	39831	0	4
2022.11.07	12:00:00	1677.01	1681.90	1673.50	1677.07	59744	0	4
2022.11.07	18:00:00	1677.09	1678.02	1673.64	1674.12	15490	0	4
2022.11.08	00:00:00	1674.12	1676.73	1668.30	1668.36	18175	0	4
2022.11.08	06:00:00	1668.37	1673.36	1664.71	1672.64	33073	0	4
2022.11.08	12:00:00	1672.62	1716.88	1670.06	1715.03	56522	0	4
2022.11.08	18:00:00	1715.06	1716.88	1708.28	1711.48	25499	0	4
2022.11.09	00:00:00	1711.47	1712.52	1707.00	1709.46	21120	0	4
2022.11.09	06:00:00	1709.46	1715.83	1703.97	1708.79	36486	0	4
2022.11.09	12:00:00	1708.83	1722.37	1703.11	1712.59	56946	0	4
2022.11.09	18:00:00	1712.66	1712.98	1702.20	1706.49	23129	0	4
2022.11.10	00:00:00	1706.49	1712.21	1705.15	1712.19	18156	0	4
2022.11.10	06:00:00	1712.20	1712.61	1704.04	1707.43	33449	0	4
2022.11.10	12:00:00	1707.43	1753.29	1706.91	1748.43	79177	0	4
2022.11.10	18:00:00	1748.55	1757.19	1748.45	1752.23	21680	0	4
2022.11.11	00:00:00	1752.23	1763.16	1747.30	1760.77	24197	0	4
2022.11.11	06:00:00	1760.71	1766.64	1755.10	1759.33	50343	0	4
2022.11.11	12:00:00	1759.41	1766.13	1755.60	1764.56	54202	0	4
2022.11.11	18:00:00	1764.61	1772.45	1763.22	1769.86	14221	0	4
2022.11.14	00:00:00	1763.48	1766.34	1757.97	1758.48	28175	0	4
2022.11.14	06:00:00	1758.50	1766.22	1753.30	1756.33	36744	0	4
2022.11.14	12:00:00	1756.33	1775.09	1755.56	1770.84	57333	0	4
2022.11.14	18:00:00	1770.86	1774.51	1769.13	1769.50	17844	0	4
2022.11.15	00:00:00	1769.54	1773.72	1767.13	1770.87	23293	0	4
2022.11.15	06:00:00	1770.88	1784.36	1768.76	1776.92	48032	0	4
2022.11.15	12:00:00	1776.92	1786.57	1768.08	1772.38	89039	0	4
2022.11.15	18:00:00	1772.47	1785.78	1768.37	1780.79	49608	0	4
2022.11.16	00:00:00	1780.81	1781.43	1770.35	1774.18	33313	0	4
2022.11.16	06:00:00	1774.18	1785.06	1771.36	1783.58	47388	0	4
2022.11.16	12:00:00	1783.57	1783.57	1773.16	1774.71	67433	0	4
2022.11.16	18:00:00	1774.74	1776.21	1770.97	1773.92	24222	0	4
2022.11.17	00:00:00	1773.91	1774.88	1761.46	1763.13	23310	0	4
2022.11.17	06:00:00	1763.11	1771.02	1761.52	1765.60	44283	0	4
2022.11.17	12:00:00	1765.61	1767.70	1754.51	1760.25	65535	0	4
2022.11.17	18:00:00	1760.25	1762.36	1759.19	1760.10	15646	0	4
2022.11.18	00:00:00	1760.09	1765.80	1759.92	1764.09	20457	0	4
2022.11.18	06:00:00	1764.08	1767.72	1760.00	1760.38	38352	0	4
2022.11.18	12:00:00	1760.39	1764.18	1749.94	1751.36	55963	0	4
2022.11.18	18:00:00	1751.36	1752.89	1747.55	1750.14	12743	0	4
2022.11.21	00:00:00	1752.13	1752.95	1743.83	1746.81	24049	0	4
2022.11.21	06:00:00	1746.80	1747.10	1737.02	1740.06	39745	0	4
2022.11.21	12:00:00	1740.01	1747.01	1732.54	1736.67	58697	0	4
2022.11.21	18:00:00	1736.67	1739.67	1735.44	1738.57	19793	0	4
2022.11.22	00:00:00	1738.57	1745.71	1738.06	1741.62	19865	0	4
2022.11.22	06:00:00	1741.60	1749.74	1740.36	1748.56	40976	0	4
2022.11.22	12:00:00	1748.56	1748.60	1738.63	1739.62	52178	0	4
2022.11.22	18:00:00	1739.62	1741.27	1737.08	1741.15	15140	0	4
2022.11.23	00:00:00	1741.17	1742.88	1733.09	1736.55	18959	0	4
2022.11.23	06:00:00	1736.49	1745.77	1734.49	1739.60	33305	0	4
2022.11.23	12:00:00	1739.59	1747.66	1727.31	1743.38	63806	0	4
2022.11.23	18:00:00	1743.36	1753.39	1742.62	1752.33	24279	0	4
2022.11.24	00:00:00	1752.35	1756.80	1752.21	1753.14	22630	0	4
2022.11.24	06:00:00	1753.20	1758.61	1752.48	1758.34	35319	0	4
2022.11.24	12:00:00	1758.37	1758.61	1754.88	1755.41	26408	0	4
2022.11.24	18:00:00	1755.41	1755.97	1754.56	1755.36	1083	0	4
2022.11.25	00:00:00	1755.25	1761.24	1752.31	1756.61	22313	0	4
2022.11.25	06:00:00	1756.60	1757.12	1749.28	1751.13	33483	0	4
2022.11.25	12:00:00	1751.12	1755.62	1746.05	1753.27	44616	0	4
2022.11.25	18:00:00	1753.26	1756.32	1752.92	1756.10	1821	0	4
2022.11.28	00:00:00	1750.74	1753.84	1746.00	1749.49	21754	0	4
2022.11.28	06:00:00	1749.58	1763.76	1749.09	1758.73	38005	0	4
2022.11.28	12:00:00	1758.73	1759.18	1741.92	1742.68	54122	0	4
2022.11.28	18:00:00	1742.68	1742.98	1739.63	1741.27	14918	0	4
2022.11.29	00:00:00	1741.27	1755.07	1740.24	1754.24	28591	0	4
2022.11.29	06:00:00	1754.26	1759.05	1751.50	1757.36	42353	0	4
2022.11.29	12:00:00	1757.36	1758.06	1746.97	1751.02	60560	0	4
2022.11.29	18:00:00	1750.92	1752.46	1747.92	1748.80	18378	0	4
2022.11.30	00:00:00	1749.23	1755.76	1747.64	1753.83	21820	0	4
2022.11.30	06:00:00	1753.84	1763.19	1752.95	1762.24	38276	0	4
2022.11.30	12:00:00	1762.26	1764.79	1749.17	1752.84	69582	0	4
2022.11.30	18:00:00	1752.84	1773.50	1744.91	1773.41	45881	0	4
2022.12.01	00:00:00	1773.41	1782.72	1771.98	1780.09	37987	0	4
2022.12.01	06:00:00	1780.08	1783.79	1774.66	1780.55	43541	0	4
2022.12.01	12:00:00	1780.67	1804.12	1780.61	1801.66	81604	0	4
2022.12.01	18:00:00	1801.65	1804.52	1799.30	1802.28	22436	0	4
2022.12.02	00:00:00	1798.39	1799.11	1795.61	1797.27	14474	0	4
2022.12.02	06:00:00	1797.27	1803.10	1797.06	1798.54	42399	0	4
2022.12.02	12:00:00	1798.46	1801.05	1778.49	1795.20	78130	0	4
2022.12.02	18:00:00	1795.21	1799.58	1793.54	1798.56	17122	0	4
2022.12.05	00:00:00	1798.90	1810.01	1798.66	1807.42	27111	0	4
2022.12.05	06:00:00	1807.41	1807.86	1793.32	1793.93	33792	0	4
2022.12.05	12:00:00	1793.93	1798.46	1769.03	1769.90	73483	0	4
2022.12.05	18:00:00	1769.90	1770.40	1765.85	1769.28	20599	0	4
2022.12.06	00:00:00	1769.25	1776.32	1768.30	1770.88	28196	0	4
2022.12.06	06:00:00	1770.87	1779.00	1767.27	1779.00	38277	0	4
2022.12.06	12:00:00	1779.00	1780.86	1770.30	1771.52	56852	0	4
2022.12.06	18:00:00	1771.52	1772.78	1767.36	1770.99	16233	0	4
2022.12.07	00:00:00	1770.99	1775.23	1768.74	1773.14	21686	0	8
2022.12.07	06:00:00	1773.17	1775.94	1769.65	1771.48	34808	0	4
2022.12.07	12:00:00	1771.45	1787.88	1770.80	1783.15	72974	0	4
2022.12.07	18:00:00	1783.18	1790.52	1782.76	1787.01	20415	0	4
2022.12.08	00:00:00	1786.98	1787.99	1781.45	1784.48	22505	0	6
2022.12.08	06:00:00	1784.40	1787.13	1781.65	1783.68	30763	0	4
2022.12.08	12:00:00	1783.68	1794.83	1783.41	1787.16	60065	0	4
2022.12.08	18:00:00	1787.16	1792.14	1786.60	1789.24	13768	0	14
2022.12.09	00:00:00	1789.24	1797.72	1788.44	1795.18	21168	0	8
2022.12.09	06:00:00	1795.19	1801.09	1788.91	1800.40	29899	0	14
2022.12.09	12:00:00	1800.43	1806.14	1790.05	1798.79	65910	0	14
2022.12.09	18:00:00	1798.81	1800.11	1794.81	1796.80	12616	0	10
2022.12.12	00:00:00	1794.98	1795.01	1785.50	1786.92	20841	0	4
2022.12.12	06:00:00	1786.94	1795.53	1786.08	1794.41	31012	0	4
2022.12.12	12:00:00	1794.45	1794.77	1781.09	1783.06	50067	0	4
2022.12.12	18:00:00	1783.06	1783.31	1777.63	1781.94	14372	0	5
2022.12.13	00:00:00	1781.94	1786.06	1780.99	1785.44	15136	0	4
2022.12.13	06:00:00	1785.44	1788.65	1782.62	1787.63	31223	0	4
2022.12.13	12:00:00	1787.55	1824.52	1786.60	1808.41	92605	0	0
2022.12.13	18:00:00	1808.40	1814.46	1807.79	1809.61	26908	0	4
2022.12.14	00:00:00	1809.63	1812.67	1808.28	1809.65	16847	0	6
2022.12.14	06:00:00	1809.65	1813.19	1805.26	1806.72	39276	0	4
2022.12.14	12:00:00	1806.77	1813.05	1804.31	1808.35	56395	0	4
2022.12.14	18:00:00	1808.35	1814.22	1795.64	1807.65	51847	0	0
2022.12.15	00:00:00	1807.65	1807.87	1789.62	1792.91	27896	0	4
2022.12.15	06:00:00	1792.91	1796.46	1773.75	1778.90	46012	0	2
2022.12.15	12:00:00	1778.91	1786.14	1773.87	1776.76	81497	0	4
2022.12.15	18:00:00	1776.83	1779.32	1775.53	1776.49	16506	0	4
2022.12.16	00:00:00	1776.48	1784.16	1775.98	1779.11	23619	0	2
2022.12.16	06:00:00	1779.09	1785.48	1774.25	1782.49	38127	0	4
2022.12.16	12:00:00	1782.52	1793.86	1782.18	1787.58	62773	0	0
2022.12.16	18:00:00	1787.63	1794.27	1787.42	1793.01	15715	0	4
2022.12.19	00:00:00	1791.01	1796.99	1790.28	1790.81	26358	0	4
2022.12.19	06:00:00	1790.81	1798.73	1790.67	1794.91	30348	0	4
2022.12.19	12:00:00	1794.87	1795.98	1783.79	1790.05	51113	0	4
2022.12.19	18:00:00	1790.05	1790.07	1786.32	1787.28	16877	0	5
2022.12.20	00:00:00	1787.24	1796.19	1784.61	1788.83	46921	0	4
2022.12.20	06:00:00	1788.82	1809.48	1788.31	1807.77	52347	0	4
2022.12.20	12:00:00	1807.74	1821.12	1798.32	1817.95	69909	0	2
2022.12.20	18:00:00	1817.93	1819.27	1814.21	1817.21	18447	0	4
2022.12.21	00:00:00	1817.19	1819.86	1813.07	1814.15	26193	0	4
2022.12.21	06:00:00	1814.14	1817.43	1811.85	1813.73	33821	0	4
2022.12.21	12:00:00	1813.76	1823.84	1813.29	1816.87	54522	0	3
2022.12.21	18:00:00	1816.86	1818.38	1812.86	1814.90	16079	0	4
2022.12.22	00:00:00	1814.90	1820.43	1814.55	1818.55	22284	0	5
2022.12.22	06:00:00	1818.55	1819.68	1813.69	1815.88	29458	0	4
2022.12.22	12:00:00	1815.89	1819.95	1792.64	1793.06	62076	0	1
2022.12.22	18:00:00	1793.06	1795.12	1784.67	1793.49	21371	0	4
2022.12.23	00:00:00	1793.51	1796.28	1791.26	1794.79	23057	0	3
2022.12.23	06:00:00	1794.77	1799.59	1794.51	1797.80	23342	0	3
2022.12.23	12:00:00	1797.82	1803.22	1791.18	1797.27	50448	0	4
2022.12.23	18:00:00	1797.28	1797.75	1793.61	1795.73	3973	0	5
2022.12.26	18:00:00	1800.60	1804.00	1799.89	1801.77	1649	0	10
2022.12.27	00:00:00	1801.77	1807.50	1800.62	1805.94	18156	0	4
2022.12.27	06:00:00	1805.93	1810.60	1805.06	1809.80	19677	0	4
2022.12.27	12:00:00	1809.78	1833.63	1802.31	1813.77	52921	0	2
2022.12.27	18:00:00	1813.73	1817.61	1812.23	1812.42	14701	0	4
2022.12.28	00:00:00	1812.39	1814.62	1809.43	1810.54	17030	0	4
2022.12.28	06:00:00	1810.51	1811.53	1799.32	1803.28	26641	0	1
2022.12.28	12:00:00	1803.30	1809.50	1797.04	1805.67	44046	0	1
2022.12.28	18:00:00	1805.68	1809.22	1802.82	1805.77	14632	0	5
2022.12.29	00:00:00	1805.72	1810.17	1804.30	1809.64	15539	0	5
2022.12.29	06:00:00	1809.67	1811.96	1804.38	1806.72	23563	0	4
2022.12.29	12:00:00	1806.78	1819.91	1805.23	1819.00	48017	0	3
2022.12.29	18:00:00	1819.00	1820.24	1813.61	1815.09	12623	0	4
2022.12.30	00:00:00	1814.99	1819.20	1814.75	1818.91	15919	0	5
2022.12.30	06:00:00	1818.87	1822.49	1813.39	1818.94	24125	0	4
2022.12.30	12:00:00	1818.97	1825.27	1814.30	1823.95	51603	0	3
2022.12.30	18:00:00	1823.94	1826.04	1818.97	1819.17	8711	0	4
2023.01.02	18:00:00	1827.53	1830.07	1823.52	1829.44	2104	0	10
2023.01.03	00:00:00	1829.44	1843.14	1826.83	1840.39	28294	0	2
2023.01.03	06:00:00	1840.38	1849.99	1830.85	1833.19	43775	0	1
2023.01.03	12:00:00	1833.20	1849.86	1827.58	1839.34	62165	0	2
2023.01.03	18:00:00	1839.33	1840.21	1836.50	1836.51	18296	0	4
2023.01.04	00:00:00	1836.50	1847.18	1836.18	1846.40	21235	0	2
2023.01.04	06:00:00	1846.42	1865.12	1845.85	1860.19	39649	0	1
2023.01.04	12:00:00	1860.21	1862.74	1849.08	1850.53	68865	0	2
2023.01.04	18:00:00	1850.53	1857.15	1847.12	1854.88	28782	0	4
2023.01.05	00:00:00	1854.88	1859.03	1850.21	1852.66	21248	0	4
2023.01.05	06:00:00	1852.71	1855.66	1843.83	1846.31	35809	0	4
2023.01.05	12:00:00	1846.31	1848.83	1825.11	1833.98	69160	0	0
2023.01.05	18:00:00	1833.96	1837.48	1831.71	1832.74	16299	0	4
2023.01.06	00:00:00	1832.73	1840.85	1831.31	1837.14	19486	0	4
2023.01.06	06:00:00	1837.14	1840.65	1833.28	1836.69	28944	0	4
2023.01.06	12:00:00	1836.69	1864.99	1834.65	1862.38	72029	0	4
2023.01.06	18:00:00	1862.28	1869.87	1861.78	1866.44	13217	0	3
2023.01.09	00:00:00	1869.62	1879.54	1867.16	1877.95	24513	0	3
2023.01.09	06:00:00	1877.95	1880.99	1870.48	1873.07	34095	0	4
2023.01.09	12:00:00	1873.05	1881.58	1869.07	1871.90	56440	0	4
2023.01.09	18:00:00	1871.91	1875.77	1869.22	1870.51	17624	0	4
2023.01.10	00:00:00	1870.51	1875.99	1867.72	1874.06	24741	0	4
2023.01.10	06:00:00	1874.07	1877.31	1870.64	1875.23	31152	0	4
2023.01.10	12:00:00	1875.21	1880.77	1870.47	1874.30	60535	0	4
2023.01.10	18:00:00	1874.30	1878.67	1871.99	1877.20	14136	0	4
2023.01.11	00:00:00	1877.17	1884.61	1872.11	1882.27	21422	0	4
2023.01.11	06:00:00	1882.27	1886.63	1880.32	1883.03	33531	0	4
2023.01.11	12:00:00	1883.04	1883.32	1867.15	1873.94	56074	0	3
2023.01.11	18:00:00	1873.94	1878.51	1873.14	1876.92	15067	0	6
2023.01.12	00:00:00	1876.92	1885.03	1875.84	1883.67	21488	0	3
2023.01.12	06:00:00	1883.67	1886.30	1881.23	1885.24	19517	0	5
2023.01.12	12:00:00	1885.19	1901.62	1870.74	1897.73	57981	0	0
2023.01.12	18:00:00	1897.74	1899.59	1894.09	1898.10	20165	0	5
2023.01.13	00:00:00	1898.09	1900.98	1892.35	1893.71	24837	0	5
2023.01.13	06:00:00	1893.72	1909.67	1893.56	1899.81	34344	0	5
2023.01.13	12:00:00	1899.75	1917.89	1893.70	1916.93	47629	0	0
2023.01.13	18:00:00	1916.94	1921.92	1916.77	1920.37	14672	0	5
2023.01.15	18:00:00	1921.91	1922.04	1916.89	1916.92	2270	0	9
2023.01.16	06:00:00	1916.37	1919.34	1910.90	1916.61	14092	0	5
2023.01.16	12:00:00	1916.54	1917.28	1911.44	1913.93	23379	0	5
2023.01.16	18:00:00	1913.95	1918.42	1913.86	1917.95	2542	0	5
2023.01.17	00:00:00	1917.98	1919.08	1908.18	1911.06	20030	0	5
2023.01.17	06:00:00	1911.07	1912.87	1904.27	1912.74	26611	0	5
2023.01.17	12:00:00	1912.75	1916.68	1905.26	1907.21	43761	0	0
2023.01.17	18:00:00	1907.23	1910.92	1903.82	1908.79	14315	0	5
2023.01.18	00:00:00	1908.78	1910.40	1896.63	1898.00	25644	0	5
2023.01.18	06:00:00	1897.98	1916.78	1897.87	1915.73	32236	0	5
2023.01.18	12:00:00	1915.72	1925.95	1901.61	1905.31	50329	0	0
2023.01.18	18:00:00	1905.36	1907.41	1902.34	1906.89	16289	0	5
2023.01.19	00:00:00	1906.98	1911.00	1901.02	1910.11	22531	0	5
2023.01.19	06:00:00	1910.10	1916.80	1906.46	1908.18	27651	0	5
2023.01.19	12:00:00	1908.19	1923.33	1906.87	1920.14	45283	0	5
2023.01.19	18:00:00	1920.17	1935.20	1919.90	1931.79	20059	0	5
2023.01.20	00:00:00	1931.76	1934.90	1923.21	1928.00	18133	0	5
2023.01.20	06:00:00	1927.98	1937.55	1926.25	1927.16	28263	0	5
2023.01.20	12:00:00	1927.14	1931.03	1920.69	1925.21	40265	0	5
2023.01.20	18:00:00	1925.24	1931.04	1924.78	1926.18	13179	0	5
2023.01.22	18:00:00	1926.64	1927.76	1923.92	1927.31	2006	0	5
2023.01.23	00:00:00	1927.40	1935.57	1926.12	1926.22	15546	0	5
2023.01.23	06:00:00	1926.25	1929.42	1918.94	1925.63	27432	0	0
2023.01.23	12:00:00	1925.60	1927.85	1911.42	1923.92	45524	0	5
2023.01.23	18:00:00	1924.07	1932.80	1923.83	1931.36	15751	0	5
2023.01.24	00:00:00	1931.38	1937.13	1930.82	1934.10	12030	0	5
2023.01.24	06:00:00	1934.08	1942.53	1933.97	1937.25	24683	0	5
2023.01.24	12:00:00	1937.23	1939.41	1917.19	1933.93	43981	0	0
2023.01.24	18:00:00	1933.97	1938.29	1933.11	1937.07	13958	0	5
2023.01.25	00:00:00	1937.05	1939.66	1925.85	1927.56	13956	0	5
2023.01.25	06:00:00	1927.58	1933.91	1923.12	1926.03	14301	0	0
2023.01.25	12:00:00	1925.98	1940.48	1919.91	1937.36	40739	0	0
2023.01.25	18:00:00	1937.55	1948.84	1937.48	1948.40	16217	0	5
2023.01.26	00:00:00	1948.42	1949.21	1942.56	1947.58	12948	0	5
2023.01.26	06:00:00	1947.51	1949.02	1933.14	1937.08	25701	0	5
2023.01.26	12:00:00	1937.11	1942.45	1918.74	1926.66	48302	0	0
2023.01.26	18:00:00	1926.64	1933.17	1926.48	1930.81	16292	0	5
2023.01.27	00:00:00	1930.77	1934.86	1919.86	1925.15	17547	0	5
2023.01.27	06:00:00	1925.18	1931.49	1922.22	1930.16	24285	0	5
2023.01.27	12:00:00	1930.18	1935.00	1916.77	1928.61	40097	0	0
2023.01.27	18:00:00	1928.62	1932.03	1926.16	1928.41	10819	0	5
2023.01.29	18:00:00	1929.48	1929.65	1925.64	1928.97	1748	0	5
2023.01.30	00:00:00	1929.02	1934.50	1924.48	1931.47	20701	0	5
2023.01.30	06:00:00	1931.41	1932.19	1920.67	1923.27	27800	0	5
2023.01.30	12:00:00	1923.32	1930.42	1922.00	1924.36	34753	0	5
2023.01.30	18:00:00	1924.33	1924.68	1920.86	1922.16	13226	0	5
2023.01.31	00:00:00	1922.27	1927.39	1917.03	1917.42	17463	0	5
2023.01.31	06:00:00	1917.41	1917.41	1901.19	1904.26	26780	0	5
2023.01.31	12:00:00	1904.27	1930.60	1900.85	1929.61	47347	0	0
2023.01.31	18:00:00	1929.63	1931.11	1927.15	1927.38	14475	0	5
2023.02.01	00:00:00	1927.40	1928.78	1924.63	1926.15	13713	0	5
2023.02.01	06:00:00	1926.09	1930.28	1923.36	1928.84	22542	0	5
2023.02.01	12:00:00	1928.85	1933.27	1920.67	1925.69	36843	0	0
2023.02.01	18:00:00	1925.74	1956.25	1921.29	1953.12	28142	0	0
2023.02.02	00:00:00	1953.05	1957.32	1950.92	1952.65	18010	0	5
2023.02.02	06:00:00	1952.66	1959.78	1951.29	1954.80	26476	0	5
2023.02.02	12:00:00	1954.85	1956.12	1911.93	1912.22	57859	0	5
2023.02.02	18:00:00	1912.25	1918.61	1911.35	1915.16	24482	0	5
2023.02.03	00:00:00	1915.24	1918.66	1913.91	1915.01	19118	0	5
2023.02.03	06:00:00	1915.03	1918.24	1909.35	1914.49	27548	0	5
2023.02.03	12:00:00	1914.50	1917.07	1862.73	1863.55	58466	0	0
2023.02.03	18:00:00	1863.40	1867.03	1861.42	1865.19	19587	0	5
2023.02.05	18:00:00	1865.17	1870.04	1860.59	1865.55	3321	0	5
2023.02.06	00:00:00	1865.41	1878.75	1863.73	1878.10	22535	0	0
2023.02.06	06:00:00	1878.12	1881.33	1868.26	1871.66	27877	0	3
2023.02.06	12:00:00	1871.56	1875.81	1863.07	1866.03	44173	0	3
2023.02.06	18:00:00	1866.02	1871.32	1864.32	1868.62	16278	0	3
2023.02.07	00:00:00	1868.62	1875.69	1868.39	1874.98	17335	0	3
2023.02.07	06:00:00	1875.01	1878.08	1866.10	1867.52	26648	0	3
2023.02.07	12:00:00	1867.55	1884.43	1865.79	1880.65	42665	0	3
2023.02.07	18:00:00	1880.69	1882.81	1865.04	1872.91	27433	0	3
2023.02.08	00:00:00	1872.95	1878.46	1872.58	1876.99	15159	0	3
2023.02.08	06:00:00	1876.97	1886.29	1873.31	1880.26	26469	0	3
2023.02.08	12:00:00	1880.18	1883.67	1869.12	1875.77	43015	0	3
2023.02.08	18:00:00	1875.82	1879.91	1873.85	1875.02	17616	0	3
2023.02.09	00:00:00	1875.00	1881.44	1872.09	1879.12	16963	0	3
2023.02.09	06:00:00	1879.14	1886.18	1876.90	1882.21	27349	0	3
2023.02.09	12:00:00	1882.20	1890.23	1863.06	1868.50	45900	0	3
2023.02.09	18:00:00	1868.40	1869.67	1858.95	1862.48	21625	0	3
2023.02.10	00:00:00	1862.59	1865.51	1852.81	1860.15	20606	0	3
2023.02.10	06:00:00	1860.16	1872.29	1857.62	1864.80	36702	0	3
2023.02.10	12:00:00	1864.79	1868.66	1856.47	1861.76	44427	0	3
2023.02.10	18:00:00	1861.74	1865.77	1861.21	1865.57	13172	0	3
2023.02.12	18:00:00	1864.65	1865.43	1862.71	1862.78	2245	0	3
2023.02.13	00:00:00	1862.80	1863.90	1857.04	1859.69	18940	0	3
2023.02.13	06:00:00	1859.64	1866.62	1854.12	1862.19	27447	0	3
2023.02.13	12:00:00	1862.20	1863.07	1850.70	1851.60	37287	0	3
2023.02.13	18:00:00	1851.57	1855.77	1850.50	1854.45	13596	0	3
2023.02.14	00:00:00	1854.29	1859.46	1854.06	1859.40	14847	0	3
2023.02.14	06:00:00	1859.38	1864.94	1853.75	1857.31	24522	0	3
2023.02.14	12:00:00	1857.32	1870.63	1843.37	1849.80	50530	0	3
2023.02.14	18:00:00	1849.79	1858.92	1849.59	1854.98	16046	0	3
2023.02.15	00:00:00	1854.93	1860.16	1845.27	1846.35	18509	0	3
2023.02.15	06:00:00	1846.40	1846.63	1831.90	1834.99	29103	0	3
2023.02.15	12:00:00	1834.91	1838.96	1830.47	1834.97	44252	0	3
2023.02.15	18:00:00	1834.98	1838.64	1833.75	1836.45	15489	0	3
2023.02.16	00:00:00	1836.44	1842.65	1834.53	1837.09	19370	0	3
2023.02.16	06:00:00	1837.11	1844.86	1834.31	1837.43	24335	0	3
2023.02.16	12:00:00	1837.44	1843.93	1827.65	1842.49	46744	0	3
2023.02.16	18:00:00	1842.49	1845.31	1833.30	1834.35	18779	0	3
2023.02.17	00:00:00	1834.36	1834.38	1824.21	1827.59	18231	0	3
2023.02.17	06:00:00	1827.52	1828.16	1818.95	1824.69	26911	0	4
2023.02.17	12:00:00	1824.75	1842.87	1822.74	1840.88	46314	0	4
2023.02.17	18:00:00	1840.89	1843.64	1840.29	1842.68	14670	0	4
2023.02.19	18:00:00	1840.80	1842.09	1838.45	1838.78	1830	0	4
2023.02.20	00:00:00	1838.77	1844.90	1837.35	1844.49	17902	0	4
2023.02.20	06:00:00	1844.51	1847.55	1841.14	1844.87	20518	0	4
2023.02.20	12:00:00	1844.95	1847.03	1840.78	1840.84	17665	0	4
2023.02.20	18:00:00	1840.80	1842.90	1840.70	1841.74	2031	0	4
2023.02.21	00:00:00	1841.78	1843.78	1837.14	1839.77	15239	0	4
2023.02.21	06:00:00	1839.79	1839.79	1831.17	1833.86	25909	0	4
2023.02.21	12:00:00	1833.92	1843.86	1830.27	1836.89	44022	0	4
2023.02.21	18:00:00	1836.86	1837.51	1831.82	1835.65	14424	0	4
2023.02.22	00:00:00	1835.65	1838.49	1834.65	1837.00	15540	0	4
2023.02.22	06:00:00	1837.04	1841.26	1832.13	1838.94	23389	0	4
2023.02.22	12:00:00	1839.01	1846.07	1830.73	1833.22	41104	0	4
2023.02.22	18:00:00	1833.25	1834.29	1823.59	1825.20	21782	0	4
2023.02.23	00:00:00	1825.21	1830.49	1823.24	1828.95	14564	0	4
2023.02.23	06:00:00	1828.97	1833.80	1824.01	1826.51	21486	0	4
2023.02.23	12:00:00	1826.49	1830.18	1817.54	1821.32	47218	0	4
2023.02.23	18:00:00	1821.30	1824.17	1819.24	1823.25	15975	0	4
2023.02.24	00:00:00	1823.26	1827.87	1823.07	1824.65	20431	0	4
2023.02.24	06:00:00	1824.64	1826.37	1817.43	1819.19	23907	0	4
2023.02.24	12:00:00	1819.21	1819.22	1809.06	1809.96	48766	0	4
2023.02.24	18:00:00	1809.97	1813.47	1808.99	1810.88	14691	0	4
2023.02.26	18:00:00	1810.88	1813.17	1809.91	1811.85	1720	0	4
2023.02.27	00:00:00	1811.83	1814.25	1806.78	1808.77	19942	0	4
2023.02.27	06:00:00	1808.75	1813.79	1807.18	1811.51	24931	0	4
2023.02.27	12:00:00	1811.52	1820.13	1810.16	1818.69	40483	0	4
2023.02.27	18:00:00	1818.69	1820.19	1816.03	1817.30	14691	0	4
2023.02.28	00:00:00	1817.29	1819.45	1812.30	1813.45	15205	0	4
2023.02.28	06:00:00	1813.46	1817.02	1804.81	1809.11	24405	0	4
2023.02.28	12:00:00	1809.00	1831.19	1807.30	1829.32	42522	0	4
2023.02.28	18:00:00	1829.32	1830.85	1825.47	1825.61	15833	0	4
2023.03.01	00:00:00	1825.65	1832.71	1823.11	1831.17	18318	0	4
2023.03.01	06:00:00	1831.19	1838.55	1830.51	1835.34	28234	0	4
2023.03.01	12:00:00	1835.33	1844.68	1833.49	1837.24	46009	0	4
2023.03.01	18:00:00	1837.27	1839.19	1836.53	1836.64	14350	0	4
2023.03.02	00:00:00	1836.53	1838.24	1831.09	1833.58	16546	0	4
2023.03.02	06:00:00	1833.57	1837.33	1830.05	1836.82	25450	0	4
2023.03.02	12:00:00	1836.76	1839.03	1830.16	1838.03	27284	0	4
2023.03.06	06:00:00	1849.81	1850.11	1847.31	1848.54	2711	0	4
2023.03.06	12:00:00	1848.54	1854.02	1848.13	1850.42	34781	0	4
2023.03.06	18:00:00	1850.42	1850.43	1845.16	1846.40	12804	0	4
2023.03.07	00:00:00	1846.36	1850.48	1844.16	1847.48	15151	0	4
2023.03.07	06:00:00	1847.49	1851.68	1840.99	1841.99	20653	0	4
2023.03.07	12:00:00	1842.01	1842.01	1815.66	1817.11	49102	0	4
2023.03.07	18:00:00	1817.12	1818.15	1811.91	1814.07	17946	0	4
2023.03.08	00:00:00	1814.04	1814.22	1809.45	1812.14	16837	0	4
2023.03.08	06:00:00	1812.14	1816.67	1811.50	1815.10	20019	0	4
2023.03.08	12:00:00	1815.14	1824.30	1812.25	1815.68	43010	0	4
2023.03.08	18:00:00	1815.65	1816.41	1812.93	1815.32	14163	0	4
2023.03.09	00:00:00	1815.35	1816.53	1811.95	1815.11	13608	0	4
2023.03.09	06:00:00	1815.11	1820.40	1812.82	1818.79	19102	0	4
2023.03.09	12:00:00	1818.79	1835.64	1815.49	1829.33	40849	0	4
2023.03.09	18:00:00	1829.28	1835.06	1828.28	1831.62	20773	0	4
2023.03.10	00:00:00	1831.63	1834.89	1827.77	1831.04	20040	0	4
2023.03.10	06:00:00	1831.07	1837.35	1830.25	1835.01	25902	0	4
2023.03.10	12:00:00	1835.06	1867.42	1831.85	1864.28	61902	0	4
2023.03.10	18:00:00	1864.28	1870.19	1860.92	1867.15	23266	0	4
2023.03.12	18:00:00	1884.20	1889.44	1875.84	1877.83	6083	0	4
2023.03.13	00:00:00	1877.80	1888.94	1872.22	1877.99	30185	0	4
2023.03.13	06:00:00	1877.94	1893.86	1871.60	1889.73	47658	0	4
2023.03.13	12:00:00	1889.74	1913.12	1887.35	1909.81	68344	0	4
2023.03.13	18:00:00	1909.80	1914.65	1908.01	1912.12	20097	0	4
2023.03.14	00:00:00	1912.13	1914.17	1901.54	1904.13	21330	0	4
2023.03.14	06:00:00	1904.05	1913.57	1900.84	1904.21	38343	0	4
2023.03.14	12:00:00	1904.19	1912.01	1895.43	1906.79	56642	0	4
2023.03.14	18:00:00	1906.80	1909.80	1902.29	1903.16	17878	0	4
2023.03.15	00:00:00	1903.15	1905.72	1899.21	1900.23	18367	0	4
2023.03.15	06:00:00	1900.22	1918.98	1885.78	1918.17	43686	0	4
2023.03.15	12:00:00	1918.12	1937.39	1917.03	1924.42	63083	0	4
2023.03.15	18:00:00	1924.44	1926.35	1909.11	1921.25	20726	0	4
2023.03.16	00:00:00	1921.26	1924.43	1907.60	1919.98	25710	0	4
2023.03.16	06:00:00	1919.98	1927.12	1912.48	1926.99	30876	0	4
2023.03.16	12:00:00	1927.00	1933.56	1913.41	1916.32	62516	0	4
2023.03.16	18:00:00	1916.32	1922.16	1916.31	1921.38	14260	0	4
2023.03.17	00:00:00	1921.44	1932.95	1918.30	1929.56	18401	0	4
2023.03.17	06:00:00	1929.55	1937.20	1927.40	1935.08	28678	0	4
2023.03.17	12:00:00	1935.32	1975.26	1934.99	1972.97	58771	0	4
2023.03.17	18:00:00	1972.93	1989.10	1970.43	1989.00	21380	0	4
2023.03.19	18:00:00	1983.17	1990.66	1975.09	1977.06	6046	0	4
2023.03.20	00:00:00	1977.04	1988.69	1968.16	1988.12	22616	0	4
2023.03.20	06:00:00	1988.12	2009.82	1973.95	1983.88	48916	0	4
2023.03.20	12:00:00	1983.89	1986.63	1965.93	1977.56	53334	0	4
2023.03.20	18:00:00	1977.62	1984.41	1976.22	1976.66	12690	0	4
2023.03.21	00:00:00	1976.76	1985.21	1975.47	1982.55	15660	0	4
2023.03.21	06:00:00	1982.55	1983.29	1962.96	1966.36	30418	0	4
2023.03.21	12:00:00	1966.45	1967.14	1936.71	1941.52	47327	0	4
2023.03.21	18:00:00	1941.54	1944.00	1935.48	1943.13	10038	0	4
2023.03.22	00:00:00	1943.19	1946.28	1937.99	1939.82	16471	0	4
2023.03.22	06:00:00	1939.80	1945.73	1934.33	1942.50	26130	0	4
2023.03.22	12:00:00	1942.39	1951.98	1937.11	1946.16	37599	0	4
2023.03.22	18:00:00	1946.26	1978.85	1946.26	1969.73	30497	0	4
2023.03.23	00:00:00	1969.75	1980.93	1966.36	1977.12	23482	0	4
2023.03.23	06:00:00	1977.12	1983.70	1974.25	1978.47	30383	0	4
2023.03.23	12:00:00	1978.47	1999.76	1966.66	1999.68	51700	0	4
2023.03.23	18:00:00	1999.61	2003.38	1989.35	1991.34	23163	0	4
2023.03.24	00:00:00	1991.34	1994.96	1989.45	1990.59	22120	0	4
2023.03.24	06:00:00	1990.58	2000.29	1981.31	1995.88	38932	0	4
2023.03.24	12:00:00	1995.88	2002.98	1975.68	1979.82	61569	0	4
2023.03.24	18:00:00	1979.84	1979.94	1975.27	1978.52	12293	0	4
2023.03.26	18:00:00	1975.04	1980.11	1969.39	1975.83	4020	0	4
2023.03.27	00:00:00	1975.80	1978.76	1969.39	1970.19	25469	0	4
2023.03.27	06:00:00	1970.10	1972.68	1948.29	1954.23	37762	0	4
2023.03.27	12:00:00	1954.09	1959.50	1944.09	1952.74	46357	0	4
2023.03.27	18:00:00	1952.75	1958.35	1952.71	1958.17	10456	0	4
2023.03.28	00:00:00	1958.16	1964.09	1956.78	1959.54	22589	0	4
2023.03.28	06:00:00	1959.54	1959.59	1949.23	1957.03	33086	0	4
2023.03.28	12:00:00	1957.01	1975.18	1957.00	1974.60	45072	0	4
2023.03.28	18:00:00	1974.59	1975.32	1971.17	1971.97	11352	0	4
2023.03.29	00:00:00	1972.05	1972.90	1963.08	1963.10	18477	0	4
2023.03.29	06:00:00	1963.07	1969.21	1958.74	1966.77	27941	0	4
2023.03.29	12:00:00	1966.76	1971.78	1960.76	1969.07	42162	0	4
2023.03.29	18:00:00	1969.06	1969.17	1961.18	1963.30	9029	0	4
2023.03.30	00:00:00	1963.34	1965.50	1955.45	1964.67	21546	0	4
2023.03.30	06:00:00	1964.59	1971.58	1963.84	1968.67	27816	0	4
2023.03.30	12:00:00	1968.68	1984.36	1964.00	1979.95	45750	0	4
2023.03.30	18:00:00	1979.90	1983.14	1978.04	1978.54	9414	0	4
2023.03.31	00:00:00	1978.50	1983.71	1977.70	1979.10	21171	0	4
2023.03.31	06:00:00	1979.10	1985.10	1973.27	1980.27	29723	0	4
2023.03.31	12:00:00	1980.29	1987.60	1966.93	1967.45	46320	0	4
2023.03.31	18:00:00	1967.54	1972.15	1967.29	1969.32	11318	0	4
2023.04.02	18:00:00	1962.59	1962.68	1957.12	1957.18	2204	0	4
2023.04.03	00:00:00	1957.16	1964.57	1949.82	1953.84	25696	0	4
2023.04.03	06:00:00	1953.81	1978.82	1950.85	1978.72	32253	0	4
2023.04.03	12:00:00	1978.59	1990.54	1972.49	1985.06	49338	0	4
2023.04.03	18:00:00	1985.07	1986.14	1982.24	1985.01	11234	0	4
2023.04.04	00:00:00	1984.99	1985.36	1977.87	1978.91	20461	0	4
2023.04.04	06:00:00	1978.89	1984.38	1977.00	1982.06	29638	0	4
2023.04.04	12:00:00	1982.06	2024.98	1981.57	2018.38	53848	0	4
2023.04.04	18:00:00	2018.24	2023.66	2017.89	2021.88	12033	0	4
2023.04.05	00:00:00	2021.84	2025.38	2019.45	2024.35	17583	0	4
2023.04.05	06:00:00	2024.36	2028.42	2021.58	2023.02	26832	0	4
2023.04.05	12:00:00	2023.02	2032.11	2010.09	2021.05	53687	0	4
2023.04.05	18:00:00	2021.16	2023.35	2020.16	2020.35	8625	0	4
2023.04.06	00:00:00	2020.36	2020.52	2008.07	2015.72	21534	0	4
2023.04.06	06:00:00	2015.71	2020.99	2011.85	2018.60	27998	0	4
2023.04.06	12:00:00	2018.49	2020.76	2000.91	2010.03	40313	0	4
2023.04.06	18:00:00	2010.02	2011.62	2005.81	2007.29	8194	0	4
2023.04.09	18:00:00	2005.59	2006.02	2004.81	2005.53	1502	0	4
2023.04.10	00:00:00	2005.63	2005.91	1988.97	1994.56	19051	0	4
2023.04.10	06:00:00	1994.54	2003.06	1991.75	2001.61	17991	0	4
2023.04.10	12:00:00	2001.62	2002.03	1981.69	1989.06	40594	0	4
2023.04.10	18:00:00	1989.07	1992.89	1987.66	1992.45	8210	0	4
2023.04.11	00:00:00	1992.36	2001.62	1988.84	1999.12	21638	0	4
2023.04.11	06:00:00	1999.14	2007.49	1997.87	2000.50	29406	0	4
2023.04.11	12:00:00	2000.49	2006.60	1995.65	2005.62	38690	0	4
2023.04.11	18:00:00	2005.61	2006.80	2002.96	2004.78	8560	0	4
2023.04.12	00:00:00	2004.76	2021.14	2004.00	2018.29	22121	0	4
2023.04.12	06:00:00	2018.22	2018.81	2007.38	2007.76	25239	0	4
2023.04.12	12:00:00	2007.73	2028.38	2001.41	2011.56	53293	0	4
2023.04.12	18:00:00	2011.60	2018.55	2011.34	2018.21	13915	0	4
2023.04.13	00:00:00	2018.24	2019.82	2015.39	2015.42	22603	0	4
2023.04.13	06:00:00	2015.36	2029.23	2015.30	2028.61	27687	0	4
2023.04.13	12:00:00	2028.62	2048.67	2026.59	2043.77	49817	0	4
2023.04.13	18:00:00	2043.78	2044.05	2036.67	2039.78	11586	0	4
2023.04.14	00:00:00	2039.72	2047.48	2038.68	2042.84	22650	0	4
2023.04.14	06:00:00	2042.87	2044.34	2031.85	2033.33	28998	0	4
2023.04.14	12:00:00	2033.33	2040.36	1992.42	2003.96	58001	0	4
2023.04.14	18:00:00	2004.00	2008.05	2003.38	2004.17	9534	0	4
2023.04.16	18:00:00	2001.19	2005.03	2001.19	2002.97	1469	0	4
2023.04.17	00:00:00	2003.01	2012.82	1995.47	2011.39	23581	0	4
2023.04.17	06:00:00	2011.31	2015.07	2004.96	2009.10	27877	0	4
2023.04.17	12:00:00	2009.25	2010.66	1981.20	1995.31	46430	0	4
2023.04.17	18:00:00	1995.31	1997.18	1993.88	1994.01	7982	0	4
2023.04.18	00:00:00	1994.03	2001.84	1993.39	2000.62	19126	0	4
2023.04.18	06:00:00	2000.61	2005.18	1998.18	2003.94	25151	0	4
2023.04.18	12:00:00	2003.97	2011.88	1991.30	2004.12	44021	0	4
2023.04.18	18:00:00	2004.14	2006.32	2003.43	2005.81	9283	0	4
2023.04.19	00:00:00	2005.82	2008.22	1999.47	2000.44	22015	0	4
2023.04.19	06:00:00	2000.55	2001.39	1969.27	1970.64	41368	0	4
2023.04.19	12:00:00	1970.63	1996.57	1969.74	1994.00	45995	0	4
2023.04.19	18:00:00	1994.01	1996.87	1993.21	1993.77	11344	0	4
2023.04.20	00:00:00	1993.84	1998.78	1990.54	1994.35	22128	0	4
2023.04.20	06:00:00	1994.46	2004.92	1992.38	2001.12	31771	0	4
2023.04.20	12:00:00	2001.13	2012.38	1997.48	2006.71	45133	0	4
2023.04.20	18:00:00	2006.80	2006.91	2001.93	2005.32	11014	0	4
2023.04.21	00:00:00	2005.32	2005.57	1994.00	1995.04	17167	0	4
2023.04.21	06:00:00	1995.03	1998.11	1981.98	1988.00	34051	0	4
2023.04.21	12:00:00	1987.95	1997.97	1971.67	1980.66	44698	0	4
2023.04.21	18:00:00	1980.70	1983.64	1978.71	1983.07	6853	0	4
2023.04.23	18:00:00	1984.05	1985.42	1983.93	1984.71	1278	0	4
2023.04.24	00:00:00	1984.65	1984.65	1976.51	1978.66	24208	0	4
2023.04.24	06:00:00	1978.65	1987.00	1977.77	1983.14	29451	0	4
2023.04.24	12:00:00	1983.14	1990.87	1974.14	1989.57	39858	0	4
2023.04.24	18:00:00	1989.58	1996.66	1987.53	1995.07	8657	0	4
2023.04.25	00:00:00	1995.12	2000.99	1990.91	1995.55	23354	0	4
2023.04.25	06:00:00	1995.37	1997.33	1976.78	1977.67	35261	0	4
2023.04.25	12:00:00	1977.66	1999.68	1976.17	1999.07	49549	0	4
2023.04.25	18:00:00	1999.24	2003.88	1994.40	2000.25	14228	0	4
2023.04.26	00:00:00	2000.24	2002.47	1993.23	1996.25	25640	0	4
2023.04.26	06:00:00	1996.24	2001.76	1991.51	1995.87	33750	0	4
2023.04.26	12:00:00	1995.86	2009.38	1983.43	1988.36	53857	0	4
2023.04.26	18:00:00	1988.35	1991.97	1984.58	1991.71	14238	0	4
2023.04.27	00:00:00	1991.66	2002.82	1989.60	1999.09	24566	0	4
2023.04.27	06:00:00	1999.08	2003.25	1995.97	1996.92	29493	0	4
2023.04.27	12:00:00	1996.92	2003.29	1974.13	1989.16	51441	0	4
2023.04.27	18:00:00	1989.22	1989.94	1986.41	1986.96	10980	0	4
2023.04.28	00:00:00	1987.04	1991.53	1983.48	1984.85	26685	0	4
2023.04.28	06:00:00	1984.78	1987.17	1979.84	1983.31	33808	0	4
2023.04.28	12:00:00	1983.32	1995.01	1976.28	1990.73	50206	0	4
2023.04.28	18:00:00	1990.73	1991.22	1987.55	1989.61	10421	0	4
2023.04.30	18:00:00	1989.35	1989.38	1986.67	1986.93	1429	0	4
2023.05.01	00:00:00	1987.12	1987.45	1979.93	1982.13	17858	0	4
2023.05.01	06:00:00	1981.94	1989.99	1977.13	1989.06	21075	0	4
2023.05.01	12:00:00	1989.09	2006.03	1979.96	1982.24	50209	0	4
2023.05.01	18:00:00	1982.25	1983.37	1979.48	1981.48	11060	0	4
2023.05.02	00:00:00	1981.48	1985.29	1981.33	1982.82	18416	0	4
2023.05.02	06:00:00	1982.82	1990.21	1978.52	1986.43	29430	0	4
2023.05.02	12:00:00	1986.41	2019.43	1984.52	2012.33	53966	0	4
2023.05.02	18:00:00	2012.37	2018.41	2011.34	2015.99	12652	0	4
2023.05.03	00:00:00	2015.98	2019.59	2014.28	2014.98	13720	0	4
2023.05.03	06:00:00	2015.05	2018.82	2012.71	2015.96	24985	0	4
2023.05.03	12:00:00	2015.97	2028.66	2007.39	2023.65	46797	0	4
2023.05.03	18:00:00	2023.65	2056.74	2017.16	2052.00	30323	0	4
2023.05.04	00:00:00	2051.99	2057.11	2038.50	2042.89	21627	0	4
2023.05.04	06:00:00	2042.93	2044.91	2030.41	2042.06	33952	0	4
2023.05.04	12:00:00	2042.01	2059.63	2032.10	2046.32	64989	0	4
2023.05.04	18:00:00	2046.23	2050.98	2045.04	2050.01	15197	0	4
2023.05.05	00:00:00	2050.02	2053.04	2045.54	2046.01	16051	0	4
2023.05.05	06:00:00	2045.99	2048.41	2034.82	2035.53	28930	0	4
2023.05.05	12:00:00	2035.52	2038.35	1999.55	2015.55	57632	0	4
2023.05.05	18:00:00	2015.55	2018.97	2013.52	2016.80	9530	0	4
2023.05.07	18:00:00	2014.63	2017.39	2014.63	2016.12	1636	0	4
2023.05.08	00:00:00	2016.10	2024.81	2015.17	2020.98	18618	0	4
2023.05.08	06:00:00	2020.97	2025.47	2019.98	2022.28	20618	0	4
2023.05.08	12:00:00	2022.30	2029.39	2017.92	2023.88	41359	0	4
2023.05.08	18:00:00	2023.88	2023.88	2020.23	2021.32	11178	0	4
2023.05.09	00:00:00	2021.28	2028.77	2019.50	2026.06	17976	0	4
2023.05.09	06:00:00	2026.19	2032.87	2021.48	2031.09	29110	0	4
2023.05.09	12:00:00	2031.12	2037.64	2022.96	2035.66	48529	0	4
2023.05.09	18:00:00	2035.66	2037.22	2034.17	2036.39	10830	0	4
2023.05.10	00:00:00	2036.38	2038.21	2027.77	2029.10	17131	0	4
2023.05.10	06:00:00	2029.07	2032.99	2026.29	2029.35	26281	0	4
2023.05.10	12:00:00	2029.36	2048.21	2021.56	2030.91	63221	0	4
2023.05.10	18:00:00	2030.94	2034.20	2029.18	2031.54	12620	0	4
2023.05.11	00:00:00	2031.54	2036.49	2030.10	2032.30	20277	0	4
2023.05.11	06:00:00	2032.22	2039.18	2021.70	2036.81	37290	0	4
2023.05.11	12:00:00	2036.93	2041.26	2011.20	2013.98	62513	0	4
2023.05.11	18:00:00	2013.98	2016.67	2013.49	2016.40	12387	0	4
2023.05.12	00:00:00	2016.41	2017.62	2008.30	2009.63	22582	0	4
2023.05.12	06:00:00	2009.68	2012.64	2000.95	2004.80	32269	0	4
2023.05.12	12:00:00	2004.79	2022.59	2003.57	2014.54	52860	0	4
2023.05.12	18:00:00	2014.54	2015.69	2010.46	2010.83	9447	0	4
2023.05.14	18:00:00	2010.98	2011.04	2009.38	2009.64	1196	0	4
2023.05.15	00:00:00	2009.58	2019.25	2008.75	2016.92	19995	0	4
2023.05.15	06:00:00	2016.89	2020.93	2012.00	2013.11	25895	0	4
2023.05.15	12:00:00	2013.12	2022.20	2011.57	2018.19	36795	0	4
2023.05.15	18:00:00	2018.23	2018.34	2013.82	2014.49	7850	0	4
2023.05.16	00:00:00	2014.50	2018.38	2012.51	2012.81	17149	0	4
2023.05.16	06:00:00	2012.98	2013.13	2002.72	2005.53	28608	0	4
2023.05.16	12:00:00	2005.53	2014.94	1985.51	1986.87	53611	0	4
2023.05.16	18:00:00	1986.94	1991.24	1986.94	1989.71	10793	0	4
2023.05.17	00:00:00	1989.77	1993.10	1987.79	1987.94	17830	0	4
2023.05.17	06:00:00	1987.93	1990.64	1983.76	1987.46	27139	0	4
2023.05.17	12:00:00	1987.46	1988.05	1975.10	1981.59	49508	0	4
2023.05.17	18:00:00	1981.59	1984.58	1981.16	1982.79	10605	0	4
2023.05.18	00:00:00	1982.81	1986.02	1977.61	1978.30	17919	0	4
2023.05.18	06:00:00	1978.24	1981.56	1972.23	1974.20	27379	0	4
2023.05.18	12:00:00	1974.20	1975.47	1952.00	1958.54	53713	0	4
2023.05.18	18:00:00	1958.54	1959.28	1955.22	1958.45	9966	0	4
2023.05.19	00:00:00	1958.49	1964.19	1954.08	1962.78	20313	0	4
2023.05.19	06:00:00	1962.78	1968.78	1961.69	1963.78	29044	0	4
2023.05.19	12:00:00	1963.74	1984.24	1957.22	1983.02	53435	0	4
2023.05.19	18:00:00	1983.03	1983.29	1974.34	1977.76	9463	0	4
2023.05.21	18:00:00	1980.20	1981.53	1979.37	1980.91	1353	0	4
2023.05.22	00:00:00	1980.91	1982.38	1972.40	1973.14	20925	0	4
2023.05.22	06:00:00	1973.13	1982.62	1969.93	1972.98	27079	0	4
2023.05.22	12:00:00	1973.00	1978.94	1968.96	1974.99	44495	0	4
2023.05.22	18:00:00	1975.00	1975.86	1969.63	1969.83	9328	0	4
2023.05.23	00:00:00	1969.86	1971.85	1959.64	1961.08	20982	0	4
2023.05.23	06:00:00	1961.08	1964.66	1954.28	1958.98	29486	0	4
2023.05.23	12:00:00	1958.94	1975.17	1957.80	1975.01	48135	0	4
2023.05.23	18:00:00	1974.99	1977.74	1974.01	1975.09	11499	0	4
2023.05.24	00:00:00	1975.12	1980.59	1972.83	1979.52	19391	0	4
2023.05.24	06:00:00	1979.52	1982.04	1970.74	1981.95	30071	0	4
2023.05.24	12:00:00	1981.95	1985.24	1956.77	1962.71	53135	0	4
2023.05.24	18:00:00	1962.75	1965.28	1957.09	1959.86	12133	0	4
2023.05.25	00:00:00	1959.86	1960.19	1954.98	1956.00	21445	0	4
2023.05.25	06:00:00	1955.99	1964.78	1955.01	1962.01	27446	0	4
2023.05.25	12:00:00	1962.04	1963.13	1939.31	1944.55	47806	0	4
2023.05.25	18:00:00	1944.54	1944.54	1938.88	1940.60	9192	0	4
2023.05.26	00:00:00	1940.57	1951.84	1936.81	1948.71	22808	0	4
2023.05.26	06:00:00	1948.67	1957.30	1947.03	1951.52	25380	0	4
2023.05.26	12:00:00	1951.52	1953.95	1938.82	1944.93	49823	0	4
2023.05.26	18:00:00	1944.97	1947.66	1944.58	1946.36	7422	0	4
2023.05.28	18:00:00	1944.08	1944.79	1943.36	1943.76	1221	0	4
2023.05.29	00:00:00	1943.73	1947.11	1940.33	1947.04	15292	0	4
2023.05.29	06:00:00	1947.04	1948.98	1940.90	1946.37	17670	0	4
2023.05.29	12:00:00	1946.45	1949.75	1942.84	1943.53	15563	0	4
2023.05.29	18:00:00	1943.52	1944.06	1941.39	1941.61	1536	0	4
2023.05.30	00:00:00	1941.61	1946.69	1932.11	1933.47	25750	0	4
2023.05.30	06:00:00	1933.43	1960.84	1932.22	1960.29	36681	0	4
2023.05.30	12:00:00	1960.26	1963.58	1950.87	1958.68	42160	0	4
2023.05.30	18:00:00	1958.66	1960.84	1957.80	1958.62	7666	0	4
2023.05.31	00:00:00	1958.63	1965.43	1953.71	1964.46	20021	0	4
2023.05.31	06:00:00	1964.56	1965.03	1954.99	1960.38	30253	0	4
2023.05.31	12:00:00	1960.39	1974.78	1960.01	1966.27	46402	0	4
2023.05.31	18:00:00	1966.29	1967.62	1962.43	1966.37	11738	0	4
2023.06.01	00:00:00	1966.39	1967.54	1962.11	1962.80	19485	0	4
2023.06.01	06:00:00	1962.88	1968.47	1953.42	1967.98	26494	0	4
2023.06.01	12:00:00	1967.96	1983.16	1958.75	1978.12	49167	0	4
2023.06.01	18:00:00	1978.13	1978.82	1975.69	1977.09	7370	0	4
2023.06.02	00:00:00	1977.10	1983.48	1974.08	1980.60	20178	0	4
2023.06.02	06:00:00	1980.74	1981.18	1975.07	1978.87	21625	0	4
2023.06.02	12:00:00	1978.89	1980.27	1951.33	1951.98	52443	0	4
2023.06.02	18:00:00	1952.00	1952.12	1947.57	1948.18	8984	0	4
2023.06.04	18:00:00	1948.97	1950.02	1947.44	1949.43	1794	0	4
2023.06.05	00:00:00	1949.46	1949.55	1942.99	1944.98	22890	0	4
2023.06.05	06:00:00	1944.85	1946.01	1938.36	1942.35	25763	0	4
2023.06.05	12:00:00	1942.35	1962.02	1938.13	1960.36	45835	0	4
2023.06.05	18:00:00	1960.36	1964.06	1960.16	1961.33	11560	0	4
2023.06.06	00:00:00	1961.34	1964.64	1957.93	1957.94	23292	0	4
2023.06.06	06:00:00	1957.91	1965.01	1956.87	1962.86	31807	0	4
2023.06.06	12:00:00	1962.86	1966.38	1954.41	1964.52	44859	0	4
2023.06.06	18:00:00	1964.53	1965.15	1962.38	1963.45	9159	0	4
2023.06.07	00:00:00	1963.47	1966.88	1962.79	1963.24	15787	0	4
2023.06.07	06:00:00	1963.22	1966.42	1955.00	1961.34	23495	0	4
2023.06.07	12:00:00	1961.33	1970.23	1940.94	1944.51	46748	0	4
2023.06.07	18:00:00	1944.54	1945.43	1939.82	1944.53	9489	0	4
2023.06.08	00:00:00	1944.56	1947.87	1944.35	1946.01	16970	0	4
2023.06.08	06:00:00	1946.00	1949.17	1942.88	1946.68	23499	0	4
2023.06.08	12:00:00	1946.76	1970.51	1946.28	1963.91	47312	0	4
2023.06.08	18:00:00	1963.90	1966.26	1962.93	1965.42	7770	0	4
2023.06.09	00:00:00	1965.42	1965.73	1962.45	1964.83	13487	0	4
2023.06.09	06:00:00	1964.81	1967.04	1960.67	1966.53	21247	0	4
2023.06.09	12:00:00	1966.53	1973.11	1956.65	1961.63	42871	0	4
2023.06.09	18:00:00	1961.69	1962.85	1959.71	1960.92	6805	0	4
2023.06.11	18:00:00	1959.01	1960.62	1958.05	1960.03	1567	0	4
2023.06.12	00:00:00	1959.98	1961.52	1954.32	1959.21	19409	0	4
2023.06.12	06:00:00	1959.22	1967.03	1958.04	1964.03	27057	0	4
2023.06.12	12:00:00	1964.06	1965.98	1949.26	1955.98	43435	0	4
2023.06.12	18:00:00	1955.96	1960.62	1955.83	1960.02	10300	0	4
2023.06.13	00:00:00	1960.00	1962.22	1956.00	1958.46	17589	0	0
2023.06.13	06:00:00	1958.51	1966.28	1958.36	1963.88	23672	0	0
2023.06.13	12:00:00	1963.84	1971.06	1941.32	1942.65	51091	0	0
2023.06.13	18:00:00	1942.65	1944.57	1940.09	1943.93	11568	0	0
2023.06.14	00:00:00	1944.06	1949.57	1942.84	1946.37	16081	0	0
2023.06.14	06:00:00	1946.34	1952.94	1945.31	1947.03	22874	0	0
2023.06.14	12:00:00	1947.02	1960.33	1946.29	1953.50	38466	0	4
2023.06.14	18:00:00	1953.50	1953.64	1939.72	1945.30	28238	0	4
2023.06.15	00:00:00	1945.24	1945.33	1930.83	1937.83	24447	0	4
2023.06.15	06:00:00	1937.71	1937.72	1927.98	1928.56	27129	0	4
2023.06.15	12:00:00	1928.52	1960.29	1925.04	1958.80	40559	0	4
2023.06.15	18:00:00	1958.83	1959.69	1956.97	1958.31	8835	0	4
2023.06.16	00:00:00	1958.27	1962.06	1954.74	1958.15	16487	0	4
2023.06.16	06:00:00	1958.27	1966.57	1957.46	1965.64	26219	0	4
2023.06.16	12:00:00	1965.70	1967.93	1953.29	1959.24	39499	0	4
2023.06.16	18:00:00	1959.25	1959.80	1955.43	1957.62	7412	0	4
2023.06.18	18:00:00	1958.14	1958.38	1956.34	1957.17	926	0	4
2023.06.19	00:00:00	1957.18	1958.72	1954.03	1954.69	14119	0	4
2023.06.19	06:00:00	1954.68	1958.74	1948.36	1948.55	18266	0	4
2023.06.19	12:00:00	1948.56	1953.49	1947.85	1950.02	16343	0	4
2023.06.19	18:00:00	1952.25	1952.55	1951.04	1952.52	637	0	4
2023.06.20	00:00:00	1952.59	1953.03	1945.18	1948.83	17285	0	4
2023.06.20	06:00:00	1948.86	1956.83	1948.23	1951.41	23757	0	4
2023.06.20	12:00:00	1951.40	1954.57	1929.82	1938.10	38088	0	4
2023.06.20	18:00:00	1938.06	1938.91	1935.51	1937.35	9252	0	4
2023.06.21	00:00:00	1937.38	1939.56	1934.25	1935.57	15449	0	4
2023.06.21	06:00:00	1935.60	1937.43	1931.32	1934.62	23719	0	4
2023.06.21	12:00:00	1934.60	1935.81	1919.28	1934.19	39054	0	4
2023.06.21	18:00:00	1934.23	1937.63	1931.98	1933.90	8985	0	4
2023.06.22	00:00:00	1933.94	1934.31	1928.02	1930.58	11244	0	4
2023.06.22	06:00:00	1930.59	1931.55	1924.94	1927.39	23497	0	4
2023.06.22	12:00:00	1927.36	1930.98	1912.84	1916.53	35086	0	4
2023.06.22	18:00:00	1916.57	1916.62	1912.48	1914.52	8300	0	4
2023.06.23	00:00:00	1914.53	1918.07	1910.18	1915.27	15022	0	4
2023.06.23	06:00:00	1915.24	1920.68	1913.00	1919.19	24152	0	4
2023.06.23	12:00:00	1919.19	1937.33	1917.98	1920.91	35380	0	4
2023.06.23	18:00:00	1920.88	1921.70	1919.04	1920.86	6545	0	4
2023.06.25	18:00:00	1924.78	1925.48	1923.93	1925.36	1270	0	4
2023.06.26	00:00:00	1925.37	1928.60	1924.03	1926.81	16337	0	4
2023.06.26	06:00:00	1926.86	1933.37	1922.24	1931.42	22612	0	4
2023.06.26	12:00:00	1931.42	1933.10	1921.57	1924.55	30470	0	4
2023.06.26	18:00:00	1924.58	1924.90	1921.08	1922.58	7948	0	4
2023.06.27	00:00:00	1922.54	1930.47	1921.78	1925.09	15846	0	4
2023.06.27	06:00:00	1925.07	1929.74	1919.74	1923.16	20356	0	4
2023.06.27	12:00:00	1923.15	1930.69	1911.58	1912.23	35425	0	4
2023.06.27	18:00:00	1912.25	1915.90	1911.07	1915.52	8530	0	4
2023.06.28	00:00:00	1915.53	1917.25	1913.45	1915.65	14532	0	4
2023.06.28	06:00:00	1915.62	1916.30	1905.77	1907.19	22705	0	4
2023.06.28	12:00:00	1907.18	1913.43	1902.89	1911.78	33196	0	4
2023.06.28	18:00:00	1911.81	1913.14	1906.82	1909.75	7480	0	4
2023.06.29	00:00:00	1909.76	1912.84	1902.84	1904.47	16786	0	4
2023.06.29	06:00:00	1904.50	1911.02	1902.58	1910.06	21258	0	4
2023.06.29	12:00:00	1910.06	1913.13	1893.01	1908.02	37524	0	4
2023.06.29	18:00:00	1908.05	1909.22	1906.28	1908.80	7780	0	4
2023.06.30	00:00:00	1908.81	1909.97	1906.91	1907.20	14716	0	4
2023.06.30	06:00:00	1907.19	1907.58	1900.59	1905.35	21751	0	4
2023.06.30	12:00:00	1905.38	1922.77	1904.67	1918.66	36712	0	4
2023.06.30	18:00:00	1918.70	1920.41	1917.93	1919.51	7302	0	4
2023.07.02	18:00:00	1919.34	1919.41	1917.49	1918.30	1092	0	4
2023.07.03	00:00:00	1918.27	1920.62	1914.71	1917.02	15369	0	4
2023.07.03	06:00:00	1917.05	1917.73	1910.13	1912.63	20544	0	4
2023.07.03	12:00:00	1912.64	1931.06	1911.67	1920.68	29940	0	4
2023.07.03	18:00:00	1920.68	1921.89	1920.01	1921.30	2823	0	4
2023.07.04	00:00:00	1921.31	1924.72	1920.09	1923.74	13443	0	4
2023.07.04	06:00:00	1923.73	1930.75	1923.45	1928.56	16668	0	4
2023.07.04	12:00:00	1928.59	1930.34	1924.05	1925.51	13876	0	4
2023.07.04	18:00:00	1925.52	1926.40	1924.13	1926.37	1312	0	4
2023.07.05	00:00:00	1926.40	1927.15	1923.24	1925.56	13531	0	4
2023.07.05	06:00:00	1925.58	1929.62	1920.90	1927.58	20892	0	4
2023.07.05	12:00:00	1927.57	1935.08	1919.04	1919.82	33909	0	4
2023.07.05	18:00:00	1919.82	1921.34	1914.86	1916.88	10708	0	4
2023.07.06	00:00:00	1916.92	1921.25	1916.17	1920.17	15603	0	4
2023.07.06	06:00:00	1920.18	1927.50	1916.29	1926.67	20415	0	4
2023.07.06	12:00:00	1926.65	1927.68	1902.70	1910.87	38726	0	4
2023.07.06	18:00:00	1910.87	1912.31	1909.66	1911.65	6703	0	4
2023.07.07	00:00:00	1911.65	1914.60	1909.68	1914.37	13355	0	4
2023.07.07	06:00:00	1914.36	1918.37	1912.11	1917.56	20042	0	4
2023.07.07	12:00:00	1917.71	1934.81	1914.31	1927.04	37992	0	4
2023.07.07	18:00:00	1927.18	1927.32	1924.33	1925.46	6222	0	4
2023.07.09	18:00:00	1926.12	1926.12	1923.95	1924.93	1282	0	4
2023.07.10	00:00:00	1924.95	1926.96	1919.67	1920.24	17447	0	4
2023.07.10	06:00:00	1920.24	1926.29	1919.42	1924.72	18509	0	4
2023.07.10	12:00:00	1924.73	1926.84	1912.68	1925.68	33263	0	4
2023.07.10	18:00:00	1925.70	1926.44	1924.43	1924.93	6816	0	4
2023.07.11	00:00:00	1924.94	1930.07	1924.49	1929.05	17699	0	4
2023.07.11	06:00:00	1929.12	1938.51	1928.89	1936.37	23736	0	4
2023.07.11	12:00:00	1936.36	1936.56	1929.39	1932.10	29058	0	4
2023.07.11	18:00:00	1932.12	1933.59	1930.56	1933.37	6745	0	4
2023.07.12	00:00:00	1933.37	1941.01	1933.28	1938.66	18159	0	4
2023.07.12	06:00:00	1938.75	1940.25	1933.58	1934.71	17836	0	4
2023.07.12	12:00:00	1934.69	1959.68	1933.64	1957.28	39109	0	4
2023.07.12	18:00:00	1957.32	1958.91	1956.78	1957.83	8416	0	4
2023.07.13	00:00:00	1957.89	1962.32	1955.35	1955.48	19918	0	4
2023.07.13	06:00:00	1955.51	1963.37	1955.48	1959.95	20784	0	4
2023.07.13	12:00:00	1960.06	1963.54	1952.46	1960.07	36016	0	4
2023.07.13	18:00:00	1960.05	1961.89	1958.90	1960.16	8721	0	4
2023.07.14	00:00:00	1960.33	1963.79	1957.95	1958.90	18338	0	4
2023.07.14	06:00:00	1958.96	1960.42	1954.37	1959.27	19934	0	4
2023.07.14	12:00:00	1959.28	1962.75	1951.04	1960.36	35153	0	4
2023.07.14	18:00:00	1960.37	1961.06	1954.36	1955.41	7783	0	4
2023.07.16	18:00:00	1953.18	1953.48	1951.48	1953.41	1485	0	4
2023.07.17	00:00:00	1953.41	1956.88	1951.03	1954.00	14614	0	4
2023.07.17	06:00:00	1954.05	1959.87	1950.69	1957.68	20357	0	4
2023.07.17	12:00:00	1957.64	1959.49	1945.81	1955.25	30133	0	4
2023.07.17	18:00:00	1955.23	1956.43	1954.47	1955.50	6177	0	4
2023.07.18	00:00:00	1955.53	1961.78	1954.74	1959.33	17072	0	4
2023.07.18	06:00:00	1959.30	1972.16	1957.83	1963.10	23258	0	4
2023.07.18	12:00:00	1963.29	1984.40	1960.82	1976.35	38779	0	4
2023.07.18	18:00:00	1976.32	1979.20	1975.40	1977.55	7754	0	4
2023.07.19	00:00:00	1977.58	1978.55	1974.18	1978.21	16776	0	4
2023.07.19	06:00:00	1978.50	1981.01	1971.67	1973.77	22555	0	4
2023.07.19	12:00:00	1973.80	1979.87	1969.81	1977.34	33113	0	4
2023.07.19	18:00:00	1977.35	1978.59	1976.56	1977.83	7018	0	4
2023.07.20	00:00:00	1977.80	1987.52	1977.38	1980.83	18922	0	4
2023.07.20	06:00:00	1980.91	1983.91	1977.91	1981.48	21027	0	4
2023.07.20	12:00:00	1981.47	1981.68	1965.40	1970.62	34486	0	4
2023.07.20	18:00:00	1970.62	1972.91	1968.57	1972.25	7283	0	4
2023.07.21	00:00:00	1972.27	1973.84	1968.15	1969.37	14887	0	4
2023.07.21	06:00:00	1969.40	1972.28	1961.13	1965.80	23813	0	4
2023.07.21	12:00:00	1965.79	1968.12	1956.88	1962.79	30641	0	4
2023.07.21	18:00:00	1962.85	1964.31	1961.56	1961.87	4947	0	4
2023.07.23	18:00:00	1962.06	1962.32	1960.43	1961.23	1033	0	4
2023.07.24	00:00:00	1961.23	1962.68	1959.08	1960.04	15058	0	4
2023.07.24	06:00:00	1960.04	1967.91	1957.93	1965.01	21701	0	4
2023.07.24	12:00:00	1965.02	1967.70	1957.17	1959.10	29282	0	4
2023.07.24	18:00:00	1959.13	1959.21	1953.27	1954.47	6863	0	4
2023.07.25	00:00:00	1954.48	1963.58	1953.91	1962.64	16952	0	4
2023.07.25	06:00:00	1962.65	1964.12	1953.24	1960.78	21590	0	4
2023.07.25	12:00:00	1960.77	1965.68	1951.90	1962.27	25657	0	4
2023.07.25	18:00:00	1962.31	1965.97	1962.17	1965.37	5810	0	4
2023.07.26	00:00:00	1965.37	1966.10	1962.08	1965.04	13248	0	4
2023.07.26	06:00:00	1965.06	1974.24	1964.50	1972.20	19736	0	4
2023.07.26	12:00:00	1972.21	1975.07	1963.96	1969.26	28722	0	4
2023.07.26	18:00:00	1969.26	1978.38	1965.45	1972.09	16389	0	4
2023.07.27	00:00:00	1972.14	1982.06	1971.21	1975.74	15949	0	4
2023.07.27	06:00:00	1975.79	1982.19	1973.66	1979.10	21850	0	4
2023.07.27	12:00:00	1979.09	1979.19	1942.65	1948.85	38310	0	4
2023.07.27	18:00:00	1948.83	1948.86	1943.51	1947.51	9817	0	4
2023.07.28	00:00:00	1947.52	1956.80	1946.12	1952.77	25031	0	4
2023.07.28	06:00:00	1952.78	1958.02	1947.95	1956.65	25528	0	4
2023.07.28	12:00:00	1956.58	1963.55	1952.30	1959.68	31085	0	4
2023.07.28	18:00:00	1959.74	1960.97	1957.54	1959.27	5051	0	4
2023.07.30	18:00:00	1960.14	1960.24	1957.48	1958.11	1509	0	4
2023.07.31	00:00:00	1958.05	1958.94	1953.18	1955.19	16597	0	4
2023.07.31	06:00:00	1955.12	1961.13	1951.13	1959.13	18488	0	4
2023.07.31	12:00:00	1959.16	1972.44	1957.57	1971.04	24952	0	4
2023.07.31	18:00:00	1971.00	1971.10	1963.93	1963.94	7933	0	4
2023.08.01	00:00:00	1963.97	1964.74	1958.30	1959.02	15212	0	4
2023.08.01	06:00:00	1958.99	1959.20	1953.13	1953.65	19673	0	4
2023.08.01	12:00:00	1953.67	1956.07	1941.29	1942.83	31782	0	4
2023.08.01	18:00:00	1942.83	1952.94	1942.82	1952.21	7113	0	4
2023.08.02	00:00:00	1952.19	1952.44	1945.34	1949.01	15856	0	0
2023.08.02	06:00:00	1949.06	1954.83	1947.79	1950.75	19844	0	4
2023.08.02	12:00:00	1950.83	1951.93	1932.97	1936.64	33104	0	4
2023.08.02	18:00:00	1936.67	1936.90	1934.50	1936.11	5028	0	4
2023.08.03	00:00:00	1936.13	1938.99	1933.00	1935.17	13808	0	4
2023.08.03	06:00:00	1935.21	1938.47	1930.98	1935.12	22444	0	4
2023.08.03	12:00:00	1935.04	1938.78	1929.58	1934.82	33440	0	4
2023.08.03	18:00:00	1934.82	1935.90	1932.57	1935.86	5519	0	4
2023.08.04	00:00:00	1935.85	1938.06	1933.25	1936.37	14757	0	4
2023.08.04	06:00:00	1936.33	1936.48	1931.31	1932.33	15996	0	4
2023.08.04	12:00:00	1932.35	1946.87	1925.50	1942.02	33947	0	4
2023.08.04	18:00:00	1942.06	1943.35	1939.87	1942.81	5408	0	4
2023.08.06	18:00:00	1943.75	1944.00	1942.76	1943.91	1097	0	4
2023.08.07	00:00:00	1943.95	1945.37	1936.26	1936.68	12333	0	4
2023.08.07	06:00:00	1936.72	1938.19	1933.43	1936.21	16282	0	4
2023.08.07	12:00:00	1936.24	1941.71	1931.51	1936.06	24402	0	4
2023.08.07	18:00:00	1936.07	1938.12	1935.69	1936.83	5959	0	4
2023.08.08	00:00:00	1936.87	1937.38	1931.20	1934.06	13838	0	4
2023.08.08	06:00:00	1934.05	1935.64	1928.20	1928.83	19575	0	4
2023.08.08	12:00:00	1928.90	1932.05	1922.75	1925.58	28849	0	4
2023.08.08	18:00:00	1925.61	1926.65	1924.41	1925.58	5360	0	4
2023.08.09	00:00:00	1925.63	1932.16	1924.26	1931.19	12050	0	4
2023.08.09	06:00:00	1931.16	1932.36	1923.30	1924.60	14903	0	4
2023.08.09	12:00:00	1924.48	1927.56	1915.63	1916.42	28493	0	4
2023.08.09	18:00:00	1916.44	1917.00	1914.10	1916.75	5943	0	4
2023.08.10	00:00:00	1916.75	1919.23	1915.35	1918.52	11132	0	4
2023.08.10	06:00:00	1918.50	1922.72	1915.54	1921.88	15007	0	4
2023.08.10	12:00:00	1921.89	1930.09	1912.96	1913.66	36091	0	4
2023.08.10	18:00:00	1913.64	1915.14	1910.93	1912.44	8229	0	4
2023.08.11	00:00:00	1912.44	1915.96	1911.93	1915.73	10258	0	4
2023.08.11	06:00:00	1915.66	1919.83	1915.42	1919.02	15051	0	4
2023.08.11	12:00:00	1919.03	1920.92	1912.97	1913.32	29301	0	4
2023.08.11	18:00:00	1913.33	1914.05	1912.23	1913.67	4938	0	4
2023.08.13	18:00:00	1913.73	1914.42	1912.45	1913.70	1012	0	4
2023.08.14	00:00:00	1913.70	1914.64	1910.16	1912.95	12357	0	4
2023.08.14	06:00:00	1912.94	1916.22	1910.61	1913.97	15186	0	4
2023.08.14	12:00:00	1913.92	1914.00	1902.71	1910.36	29714	0	4
2023.08.14	18:00:00	1910.35	1910.62	1905.13	1907.65	6012	0	0
2023.08.15	00:00:00	1907.61	1907.76	1904.18	1905.20	2295	0	0
2023.08.15	06:00:00	1905.24	1907.15	1902.01	1904.25	19598	0	4
2023.08.15	12:00:00	1904.28	1911.63	1896.39	1904.40	34742	0	4
2023.08.15	18:00:00	1904.48	1905.33	1900.36	1901.50	8186	0	4
2023.08.16	00:00:00	1901.51	1905.48	1900.52	1905.17	11932	0	4
2023.08.16	06:00:00	1905.05	1907.20	1902.86	1903.13	15626	0	4
2023.08.16	12:00:00	1903.13	1906.46	1897.00	1898.56	29282	0	4
2023.08.16	18:00:00	1898.56	1899.68	1891.86	1893.38	12605	0	4
2023.08.17	00:00:00	1893.39	1893.96	1889.57	1893.43	13697	0	4
2023.08.17	06:00:00	1893.46	1899.55	1892.72	1898.84	19119	0	4
2023.08.17	12:00:00	1898.78	1903.48	1885.06	1886.19	33051	0	4
2023.08.17	18:00:00	1886.19	1891.70	1885.09	1891.32	8129	0	4
2023.08.18	00:00:00	1891.31	1895.20	1890.72	1893.65	12536	0	4
2023.08.18	06:00:00	1893.70	1895.56	1891.41	1893.80	16622	0	4
2023.08.18	12:00:00	1893.86	1896.86	1886.78	1888.95	27141	0	4
2023.08.18	18:00:00	1888.99	1890.00	1887.61	1889.34	5147	0	4
2023.08.20	18:00:00	1890.38	1890.38	1888.88	1890.05	1282	0	4
2023.08.21	00:00:00	1890.05	1894.14	1884.84	1888.06	14903	0	4
2023.08.21	06:00:00	1888.09	1893.12	1886.84	1893.06	17044	0	4
2023.08.21	12:00:00	1893.09	1898.78	1885.31	1894.39	30453	0	4
2023.08.21	18:00:00	1894.37	1896.11	1893.85	1894.77	5784	0	4
2023.08.22	00:00:00	1894.74	1897.31	1893.70	1895.45	12292	0	4
2023.08.22	06:00:00	1895.44	1904.44	1895.19	1902.19	18666	0	4
2023.08.22	12:00:00	1902.25	1903.44	1889.20	1897.76	27863	0	4
2023.08.22	18:00:00	1897.79	1898.68	1896.42	1898.59	4534	0	4
2023.08.23	00:00:00	1898.68	1904.03	1898.52	1902.67	12282	0	4
2023.08.23	06:00:00	1902.66	1905.49	1901.29	1903.34	18536	0	5
2023.08.23	12:00:00	1903.32	1920.38	1902.70	1918.03	32428	0	5
2023.08.23	18:00:00	1917.94	1918.15	1914.53	1917.94	6767	0	4
2023.08.24	00:00:00	1917.95	1922.45	1917.40	1921.60	13334	0	5
2023.08.24	06:00:00	1921.59	1922.97	1916.50	1916.68	17610	0	5
2023.08.24	12:00:00	1916.73	1923.38	1911.84	1917.18	30001	0	5
2023.08.24	18:00:00	1917.20	1918.11	1915.74	1915.95	5598	0	4
2023.08.25	00:00:00	1915.94	1917.59	1913.13	1914.49	11134	0	5
2023.08.25	06:00:00	1914.56	1918.48	1912.85	1918.39	14461	0	5
2023.08.25	12:00:00	1918.31	1922.43	1903.84	1912.38	33734	0	5
2023.08.25	18:00:00	1912.36	1914.99	1911.91	1914.58	6526	0	5
2023.08.27	18:00:00	1915.00	1916.12	1914.35	1915.10	1344	0	5
2023.08.28	00:00:00	1915.09	1917.61	1914.64	1915.71	12104	0	5
2023.08.28	06:00:00	1915.70	1917.80	1913.54	1914.80	13609	0	5
2023.08.28	12:00:00	1914.80	1926.11	1912.83	1920.34	26913	0	5
2023.08.28	18:00:00	1920.35	1921.66	1919.48	1921.29	5133	0	4
2023.08.29	00:00:00	1921.28	1925.85	1921.09	1924.48	10610	0	5
2023.08.29	06:00:00	1924.49	1925.33	1916.79	1917.26	15861	0	5
2023.08.29	12:00:00	1917.26	1938.20	1914.50	1937.24	33002	0	5
2023.08.29	18:00:00	1937.23	1938.17	1935.17	1936.27	6377	0	4
2023.08.30	00:00:00	1936.27	1937.52	1935.28	1935.41	11425	0	5
2023.08.30	06:00:00	1935.40	1939.68	1935.00	1939.16	16526	0	5
2023.08.30	12:00:00	1939.15	1949.07	1938.80	1943.74	33554	0	5
2023.08.30	18:00:00	1943.72	1944.81	1942.12	1944.29	6175	0	4
2023.08.31	00:00:00	1944.35	1947.78	1944.23	1945.47	10728	0	5
2023.08.31	06:00:00	1945.48	1946.33	1943.27	1945.70	15229	0	5
2023.08.31	12:00:00	1945.71	1947.91	1939.08	1940.51	30055	0	5
2023.08.31	18:00:00	1940.51	1942.11	1939.11	1939.94	5875	0	4
2023.09.01	00:00:00	1939.95	1944.11	1938.24	1939.79	11360	0	5
2023.09.01	06:00:00	1939.78	1945.91	1938.50	1944.52	13871	0	5
2023.09.01	12:00:00	1944.50	1952.94	1934.57	1941.18	36214	0	5
2023.09.01	18:00:00	1941.19	1941.41	1939.60	1940.22	4183	0	5
2023.09.03	18:00:00	1939.60	1941.10	1939.56	1940.61	737	0	5
2023.09.04	00:00:00	1940.62	1946.13	1940.18	1944.71	11797	0	5
2023.09.04	06:00:00	1944.76	1946.36	1939.89	1941.69	13406	0	5
2023.09.04	12:00:00	1941.68	1941.76	1936.81	1938.54	11624	0	5
2023.09.04	18:00:00	1938.54	1938.83	1935.72	1937.64	647	0	4
2023.09.05	00:00:00	1937.63	1938.99	1935.02	1937.04	11200	0	5
2023.09.05	06:00:00	1937.06	1938.26	1929.95	1930.51	19413	0	5
2023.09.05	12:00:00	1930.51	1934.79	1925.39	1926.55	31159	0	5
2023.09.05	18:00:00	1926.52	1927.53	1925.42	1926.63	5845	0	4
2023.09.06	00:00:00	1926.65	1928.52	1924.26	1928.26	11810	0	5
2023.09.06	06:00:00	1928.22	1928.40	1922.59	1925.50	17235	0	5
2023.09.06	12:00:00	1925.54	1929.20	1915.32	1917.70	30674	0	5
2023.09.06	18:00:00	1917.69	1918.19	1916.01	1917.15	5417	0	4
2023.09.07	00:00:00	1917.16	1920.70	1916.33	1917.60	11383	0	5
2023.09.07	06:00:00	1917.55	1922.26	1917.14	1921.88	15681	0	4
2023.09.07	12:00:00	1921.88	1923.62	1916.23	1918.48	27144	0	4
2023.09.07	18:00:00	1918.49	1920.76	1918.12	1920.30	4553	0	4
2023.09.08	00:00:00	1920.27	1927.30	1920.10	1925.71	13111	0	4
2023.09.08	06:00:00	1925.71	1927.34	1922.67	1923.00	14422	0	5
2023.09.08	12:00:00	1923.02	1929.71	1917.38	1920.50	26791	0	5
2023.09.08	18:00:00	1920.53	1920.72	1918.15	1919.04	3853	0	5
2023.09.10	18:00:00	1918.26	1919.73	1916.72	1918.92	1551	0	5
2023.09.11	00:00:00	1918.92	1928.08	1918.41	1927.70	17148	0	5
2023.09.11	06:00:00	1927.68	1930.74	1924.77	1925.84	14420	0	5
2023.09.11	12:00:00	1925.82	1930.13	1921.43	1923.45	25138	0	5
2023.09.11	18:00:00	1923.47	1924.39	1921.49	1922.55	7183	0	4
2023.09.12	00:00:00	1922.54	1924.55	1920.39	1922.29	11745	0	4
2023.09.12	06:00:00	1922.28	1922.39	1915.09	1915.58	16019	0	5
2023.09.12	12:00:00	1915.59	1915.61	1907.64	1912.41	27388	0	5
2023.09.12	18:00:00	1912.40	1913.80	1911.81	1913.53	7975	0	4
2023.09.13	00:00:00	1913.52	1913.87	1908.22	1911.66	12005	0	4
2023.09.13	06:00:00	1911.67	1912.69	1908.29	1912.59	16041	0	5
2023.09.13	12:00:00	1912.65	1915.76	1905.57	1909.43	31664	0	5
2023.09.13	18:00:00	1909.44	1911.20	1908.16	1908.90	8847	0	4
2023.09.14	00:00:00	1908.91	1912.93	1907.57	1909.48	13711	0	4
2023.09.14	06:00:00	1909.49	1911.08	1905.22	1909.08	16874	0	5
2023.09.14	12:00:00	1909.05	1912.10	1901.03	1910.28	36063	0	5
2023.09.14	18:00:00	1910.27	1911.47	1908.12	1910.41	8278	0	4
2023.09.15	00:00:00	1910.40	1916.85	1909.86	1916.22	13437	0	4
2023.09.15	06:00:00	1916.22	1919.60	1914.98	1917.15	19698	0	5
2023.09.15	12:00:00	1917.13	1930.43	1916.10	1925.40	31573	0	5
2023.09.15	18:00:00	1925.55	1926.01	1922.40	1923.69	8876	0	5
2023.09.17	18:00:00	1923.80	1924.57	1923.40	1923.72	871	0	5
2023.09.18	00:00:00	1923.73	1929.49	1922.58	1928.21	12993	0	5
2023.09.18	06:00:00	1928.23	1930.69	1925.14	1926.84	16802	0	5
2023.09.18	12:00:00	1926.83	1931.20	1922.88	1931.09	23940	0	5
2023.09.18	18:00:00	1931.10	1934.23	1931.03	1933.72	8309	0	4
2023.09.19	00:00:00	1933.72	1934.63	1931.37	1931.37	9779	0	4
2023.09.19	06:00:00	1931.37	1936.83	1929.85	1935.34	13747	0	5
2023.09.19	12:00:00	1935.33	1937.40	1930.87	1930.95	21823	0	5
2023.09.19	18:00:00	1930.95	1933.03	1929.81	1931.91	6399	0	4
2023.09.20	00:00:00	1931.90	1931.90	1928.58	1929.82	8074	0	4
2023.09.20	06:00:00	1929.81	1932.74	1928.00	1932.56	13479	0	5
2023.09.20	12:00:00	1932.57	1946.75	1930.96	1946.71	22397	0	5
2023.09.20	18:00:00	1946.73	1947.43	1929.24	1931.20	20533	0	4
2023.09.21	00:00:00	1931.19	1931.19	1924.21	1928.03	12560	0	4
2023.09.21	06:00:00	1927.98	1930.55	1922.56	1925.25	14447	0	5
2023.09.21	12:00:00	1925.20	1925.30	1913.96	1919.54	31460	0	5
2023.09.21	18:00:00	1919.51	1921.30	1918.74	1920.20	7567	0	4
2023.09.22	00:00:00	1920.19	1925.56	1920.15	1924.39	10597	0	4
2023.09.22	06:00:00	1924.38	1928.74	1923.76	1924.64	15605	0	4
2023.09.22	12:00:00	1924.69	1929.14	1924.18	1925.36	22820	0	4
2023.09.22	18:00:00	1925.36	1926.40	1924.38	1925.38	5227	0	4
2023.09.24	18:00:00	1924.63	1926.48	1924.63	1925.79	740	0	4
2023.09.25	00:00:00	1925.77	1925.79	1922.72	1923.19	7590	0	4
2023.09.25	06:00:00	1923.16	1927.20	1920.92	1924.94	13558	0	4
2023.09.25	12:00:00	1924.94	1926.86	1915.20	1916.75	23105	0	4
2023.09.25	18:00:00	1916.76	1917.66	1915.23	1916.55	6502	0	4
2023.09.26	00:00:00	1916.61	1916.72	1913.11	1914.66	7757	0	4
2023.09.26	06:00:00	1914.65	1915.69	1909.82	1911.78	13479	0	4
2023.09.26	12:00:00	1911.75	1913.67	1900.82	1901.25	25824	0	4
2023.09.26	18:00:00	1901.32	1902.32	1899.17	1900.94	8279	0	4
2023.09.27	00:00:00	1900.94	1903.95	1896.60	1897.73	10295	0	4
2023.09.27	06:00:00	1897.72	1899.09	1893.72	1893.91	14670	0	5
2023.09.27	12:00:00	1893.83	1894.16	1875.51	1875.92	27564	0	5
2023.09.27	18:00:00	1875.92	1878.29	1872.56	1877.03	13085	0	4
2023.09.28	00:00:00	1877.03	1877.94	1873.63	1874.89	10577	0	4
2023.09.28	06:00:00	1874.89	1878.23	1873.71	1874.98	17344	0	5
2023.09.28	12:00:00	1874.95	1879.63	1857.70	1863.56	33575	0	5
2023.09.28	18:00:00	1863.58	1867.35	1861.04	1864.41	9982	0	4
2023.09.29	00:00:00	1864.39	1867.27	1863.00	1865.06	9206	0	4
2023.09.29	06:00:00	1865.05	1874.01	1864.50	1872.37	16184	0	5
2023.09.29	12:00:00	1872.35	1879.87	1852.29	1853.72	34751	0	5
2023.09.29	18:00:00	1853.73	1853.73	1846.36	1848.53	11145	0	5
2023.10.01	18:00:00	1847.48	1850.68	1844.62	1846.49	1569	0	5
2023.10.02	00:00:00	1846.57	1848.96	1842.41	1842.58	8285	0	5
2023.10.02	06:00:00	1842.58	1846.29	1831.20	1833.52	19551	0	5
2023.10.02	12:00:00	1833.69	1840.62	1827.19	1831.65	33718	0	5
2023.10.02	18:00:00	1831.67	1833.63	1827.45	1828.22	10824	0	4
2023.10.03	00:00:00	1828.20	1828.20	1815.30	1820.73	14010	0	4
2023.10.03	06:00:00	1820.71	1829.16	1818.23	1825.83	19296	0	5
2023.10.03	12:00:00	1825.82	1833.35	1819.37	1823.96	39243	0	5
2023.10.03	18:00:00	1823.97	1826.03	1821.97	1822.69	12111	0	4
2023.10.04	00:00:00	1822.70	1825.05	1819.76	1823.61	12916	0	4
2023.10.04	06:00:00	1823.65	1824.57	1816.75	1823.17	22311	0	5
2023.10.04	12:00:00	1823.17	1830.59	1817.13	1821.04	40111	0	5
2023.10.04	18:00:00	1821.03	1823.71	1816.65	1822.37	11447	0	4
2023.10.05	00:00:00	1822.39	1829.21	1821.82	1827.67	10879	0	4
2023.10.05	06:00:00	1827.60	1828.18	1819.70	1823.26	18008	0	5
2023.10.05	12:00:00	1823.15	1823.93	1813.10	1818.14	35244	0	5
2023.10.05	18:00:00	1818.14	1821.51	1815.87	1821.22	10136	0	4
2023.10.06	00:00:00	1821.23	1824.59	1819.72	1822.81	9259	0	4
2023.10.06	06:00:00	1822.83	1825.13	1818.64	1822.62	16616	0	5
2023.10.06	12:00:00	1822.67	1834.90	1810.46	1829.25	41628	0	5
2023.10.06	18:00:00	1829.23	1833.99	1828.83	1832.52	10195	0	5
2023.10.08	18:00:00	1853.42	1854.52	1845.52	1849.87	3565	0	5
2023.10.09	00:00:00	1849.87	1853.27	1846.34	1850.54	15574	0	5
2023.10.09	06:00:00	1850.57	1854.43	1848.11	1850.14	18034	0	5
2023.10.09	12:00:00	1850.15	1853.19	1844.23	1850.07	25372	0	5
2023.10.09	18:00:00	1850.07	1863.54	1849.97	1861.53	10086	0	4
2023.10.10	00:00:00	1861.52	1865.42	1860.41	1860.88	15130	0	4
2023.10.10	06:00:00	1860.88	1862.22	1855.23	1856.72	21617	0	5
2023.10.10	12:00:00	1856.75	1862.51	1853.03	1861.97	27167	0	5
2023.10.10	18:00:00	1862.02	1862.81	1858.14	1859.87	9531	0	4
2023.10.11	00:00:00	1859.84	1862.14	1859.47	1859.76	9752	0	4
2023.10.11	06:00:00	1859.75	1874.80	1858.65	1873.98	18962	0	5
2023.10.11	12:00:00	1873.95	1877.21	1867.44	1874.38	28004	0	5
2023.10.11	18:00:00	1874.38	1875.37	1870.85	1874.71	10757	0	4
2023.10.12	00:00:00	1874.72	1879.15	1874.52	1878.93	9548	0	4
2023.10.12	06:00:00	1878.92	1882.76	1878.44	1881.41	15067	0	5
2023.10.12	12:00:00	1881.40	1884.95	1870.70	1871.47	28422	0	5
2023.10.12	18:00:00	1871.48	1872.05	1867.94	1869.79	11334	0	4
2023.10.13	00:00:00	1869.77	1876.84	1869.77	1876.36	9478	0	4
2023.10.13	06:00:00	1876.36	1889.95	1875.78	1887.66	18872	0	5
2023.10.13	12:00:00	1887.59	1927.51	1887.44	1927.20	35067	0	5
2023.10.13	18:00:00	1927.23	1932.90	1926.91	1932.79	10552	0	5
2023.10.15	18:00:00	1927.73	1927.73	1921.25	1924.42	1635	0	5
2023.10.16	00:00:00	1924.49	1926.36	1918.11	1920.18	12079	0	5
2023.10.16	06:00:00	1920.21	1920.21	1908.26	1918.01	18351	0	5
2023.10.16	12:00:00	1918.25	1924.60	1914.53	1921.95	23502	0	5
2023.10.16	18:00:00	1921.96	1922.79	1917.90	1918.89	7207	0	4
2023.10.17	00:00:00	1918.90	1921.84	1913.34	1914.74	7703	0	4
2023.10.17	06:00:00	1914.83	1926.58	1914.23	1923.50	15444	0	5
2023.10.17	12:00:00	1923.51	1931.61	1919.07	1924.16	24962	0	5
2023.10.17	18:00:00	1924.15	1925.58	1919.18	1924.91	8832	0	4
2023.10.18	00:00:00	1924.95	1942.72	1923.80	1938.11	13024	0	4
2023.10.18	06:00:00	1938.10	1946.20	1935.15	1945.27	17606	0	5
2023.10.18	12:00:00	1945.33	1962.61	1938.32	1949.91	26762	0	5
2023.10.18	18:00:00	1949.89	1956.61	1947.41	1949.80	11124	0	4
2023.10.19	00:00:00	1949.89	1953.35	1945.27	1948.20	11176	0	4
2023.10.19	06:00:00	1948.18	1954.46	1945.59	1951.01	17246	0	5
2023.10.19	12:00:00	1950.99	1962.14	1949.64	1962.05	26999	0	5
2023.10.19	18:00:00	1962.10	1977.75	1960.90	1972.58	16076	0	4
2023.10.20	00:00:00	1972.57	1982.20	1972.03	1977.29	15245	0	4
2023.10.20	06:00:00	1977.33	1985.37	1975.56	1983.32	15124	0	5
2023.10.20	12:00:00	1983.33	1997.20	1973.32	1982.67	26555	0	5
2023.10.20	18:00:00	1982.68	1986.74	1974.42	1981.54	11079	0	5
2023.10.22	18:00:00	1973.08	1978.62	1972.81	1976.35	1374	0	5
2023.10.23	00:00:00	1976.70	1978.23	1964.41	1973.81	13700	0	5
2023.10.23	06:00:00	1973.72	1982.85	1972.81	1977.52	16647	0	5
2023.10.23	12:00:00	1977.52	1982.00	1970.16	1974.51	25054	0	5
2023.10.23	18:00:00	1974.30	1978.17	1971.25	1973.08	9537	0	4
2023.10.24	00:00:00	1973.10	1980.85	1971.48	1976.24	11250	0	4
2023.10.24	06:00:00	1976.29	1979.22	1961.03	1961.90	17768	0	5
2023.10.24	12:00:00	1961.84	1976.02	1953.67	1974.37	25925	0	5
2023.10.24	18:00:00	1974.30	1977.59	1970.06	1970.59	8434	0	4
2023.10.25	00:00:00	1970.58	1977.04	1970.46	1972.49	10091	0	4
2023.10.25	06:00:00	1972.36	1975.97	1968.34	1972.25	14479	0	5
2023.10.25	12:00:00	1972.71	1987.26	1963.13	1978.24	24520	0	5
2023.10.25	18:00:00	1978.32	1985.68	1976.59	1982.16	10416	0	4
2023.10.26	00:00:00	1982.17	1989.42	1981.57	1988.54	11393	0	4
2023.10.26	06:00:00	1988.50	1993.50	1984.02	1986.72	17242	0	5
2023.10.26	12:00:00	1986.70	1987.61	1971.78	1984.25	26785	0	5
2023.10.26	18:00:00	1984.27	1989.32	1982.38	1985.36	10143	0	4
2023.10.27	00:00:00	1985.52	1989.95	1982.97	1989.52	11071	0	4
2023.10.27	06:00:00	1989.58	1989.74	1980.67	1980.67	15201	0	5
2023.10.27	12:00:00	1980.77	1986.20	1976.91	1983.68	23947	0	5
2023.10.27	18:00:00	1983.70	2009.40	1983.08	2006.24	13957	0	5
2023.10.29	18:00:00	2001.45	2003.69	2000.62	2002.81	1291	0	5
2023.10.30	00:00:00	2002.57	2006.82	1999.55	1999.64	11221	0	5
2023.10.30	06:00:00	1999.64	2000.80	1990.95	1995.80	18622	0	5
2023.10.30	12:00:00	1995.94	2002.56	1992.17	1997.96	26673	0	5
2023.10.30	18:00:00	1997.96	1999.91	1994.04	1995.61	6999	0	4
2023.10.31	00:00:00	1995.60	1997.32	1990.65	1993.09	12440	0	5
2023.10.31	06:00:00	1993.09	2000.37	1992.44	1999.96	16363	0	5
2023.10.31	12:00:00	1999.90	2007.91	1983.37	1984.17	28162	0	5
2023.10.31	18:00:00	1984.15	1986.77	1978.88	1983.69	9338	0	4
2023.11.01	00:00:00	1983.69	1984.03	1975.28	1979.07	11771	0	5
2023.11.01	06:00:00	1979.07	1985.22	1976.51	1983.47	15015	0	5
2023.11.01	12:00:00	1983.46	1992.01	1974.82	1977.78	25264	0	5
2023.11.01	18:00:00	1977.75	1985.76	1969.90	1985.10	13656	0	4
2023.11.02	00:00:00	1985.10	1988.26	1983.38	1985.44	11782	0	5
2023.11.02	06:00:00	1985.38	1990.41	1983.72	1988.58	14632	0	5
2023.11.02	12:00:00	1988.56	1991.05	1978.87	1985.03	27096	0	5
2023.11.02	18:00:00	1985.04	1986.59	1983.72	1985.02	6454	0	4
2023.11.03	00:00:00	1985.01	1987.88	1983.30	1987.16	8931	0	5
2023.11.03	06:00:00	1987.16	1990.34	1984.63	1987.61	14283	0	5
2023.11.03	12:00:00	1987.69	2004.09	1986.16	1993.12	30170	0	5
2023.11.03	18:00:00	1993.14	1995.12	1991.63	1992.61	6129	0	5
2023.11.05	18:00:00	1991.55	1991.58	1987.19	1988.53	1666	0	5
2023.11.06	00:00:00	1988.51	1993.17	1982.10	1983.95	14667	0	5
2023.11.06	06:00:00	1983.96	1988.36	1982.32	1987.75	15377	0	5
2023.11.06	12:00:00	1987.71	1989.12	1979.97	1983.77	22385	0	5
2023.11.06	18:00:00	1983.79	1983.79	1975.87	1976.80	8738	0	4
2023.11.07	00:00:00	1976.95	1977.09	1971.04	1973.74	11666	0	5
2023.11.07	06:00:00	1973.73	1973.97	1962.72	1963.93	16540	0	5
2023.11.07	12:00:00	1963.93	1967.28	1956.73	1964.04	24660	0	5
2023.11.07	18:00:00	1964.07	1969.87	1963.73	1969.01	9073	0	4
2023.11.08	00:00:00	1969.00	1971.05	1965.09	1965.62	11600	0	5
2023.11.08	06:00:00	1965.64	1969.20	1959.57	1964.54	16313	0	5
2023.11.08	12:00:00	1964.53	1966.69	1951.01	1953.76	24064	0	5
2023.11.08	18:00:00	1953.84	1954.78	1947.48	1950.89	9785	0	4
2023.11.09	00:00:00	1950.89	1954.62	1947.80	1950.17	12556	0	5
2023.11.09	06:00:00	1950.20	1950.55	1944.82	1948.84	14315	0	5
2023.11.09	12:00:00	1948.85	1964.87	1944.87	1961.93	24658	0	5
2023.11.09	18:00:00	1961.89	1965.60	1956.19	1959.16	13468	0	4
2023.11.10	00:00:00	1959.10	1960.83	1956.44	1957.30	12040	0	5
2023.11.10	06:00:00	1957.32	1958.26	1947.21	1948.26	15609	0	5
2023.11.10	12:00:00	1948.29	1949.24	1936.62	1936.80	25374	0	5
2023.11.10	18:00:00	1936.80	1938.93	1933.20	1938.23	7935	0	5
2023.11.13	00:00:00	1936.93	1939.79	1934.13	1939.20	5091	0	5
2023.11.13	06:00:00	1939.21	1941.27	1936.01	1938.03	14263	0	5
2023.11.13	12:00:00	1937.96	1949.24	1931.74	1945.78	22076	0	5
2023.11.13	18:00:00	1945.81	1948.05	1944.83	1946.54	7019	0	4
2023.11.14	00:00:00	1946.55	1948.42	1943.82	1944.48	9262	0	5
2023.11.14	06:00:00	1944.48	1948.19	1944.22	1945.97	12456	0	5
2023.11.14	12:00:00	1946.00	1970.92	1944.42	1962.27	24955	0	5
2023.11.14	18:00:00	1962.24	1964.50	1961.70	1962.52	7577	0	4
2023.11.15	00:00:00	1962.56	1968.00	1961.61	1966.95	12059	0	5
2023.11.15	06:00:00	1966.98	1974.10	1966.87	1973.00	15974	0	4
2023.11.15	12:00:00	1973.03	1975.24	1955.49	1961.47	24458	0	5
2023.11.15	18:00:00	1961.45	1962.27	1959.05	1960.44	7901	0	4
2023.11.16	00:00:00	1960.42	1963.91	1956.53	1962.96	10340	0	5
2023.11.16	06:00:00	1962.95	1968.61	1962.84	1965.60	12698	0	5
2023.11.16	12:00:00	1965.59	1987.95	1962.15	1983.44	24559	0	5
2023.11.16	18:00:00	1983.50	1985.25	1980.68	1982.68	7920	0	4
2023.11.17	00:00:00	1982.60	1987.13	1981.82	1984.43	10359	0	5
2023.11.17	06:00:00	1984.44	1993.43	1982.73	1988.87	16377	0	5
2023.11.17	12:00:00	1988.87	1991.61	1978.66	1981.13	21655	0	5
2023.11.17	18:00:00	1981.13	1982.82	1979.08	1980.76	6168	0	5
2023.11.19	18:00:00	1977.68	1978.80	1974.28	1974.58	1283	0	5
2023.11.20	00:00:00	1974.66	1985.22	1973.49	1980.71	15271	0	5
2023.11.20	06:00:00	1980.68	1981.93	1972.33	1973.43	17330	0	4
2023.11.20	12:00:00	1973.41	1976.29	1965.51	1973.89	22613	0	5
2023.11.20	18:00:00	1973.82	1981.64	1973.53	1981.32	9315	0	4
2023.11.21	00:00:00	1981.30	1994.09	1980.83	1991.78	9064	0	5
2023.11.21	06:00:00	1991.80	1994.31	1984.36	1987.31	17887	0	5
2023.11.21	12:00:00	1987.32	2007.52	1986.66	2001.53	24253	0	5
2023.11.21	18:00:00	2001.53	2001.84	1996.30	1999.39	9720	0	4
2023.11.22	00:00:00	1999.37	2000.37	1995.54	1998.87	12681	0	5
2023.11.22	06:00:00	1998.92	2006.30	1998.32	2000.69	17978	0	5
2023.11.22	12:00:00	2000.64	2003.22	1988.69	1991.63	23281	0	5
2023.11.22	18:00:00	1991.55	1992.68	1986.96	1990.55	7664	0	4
2023.11.23	00:00:00	1990.50	1998.22	1990.23	1996.30	10577	0	5
2023.11.23	06:00:00	1996.34	1998.56	1992.25	1993.91	12414	0	5
2023.11.23	12:00:00	1993.90	1994.92	1989.89	1992.84	10298	0	5
2023.11.23	18:00:00	1992.86	1994.37	1992.16	1994.16	697	0	4
2023.11.24	00:00:00	1994.15	1994.95	1991.51	1994.32	10741	0	5
2023.11.24	06:00:00	1994.31	1996.34	1992.10	1995.24	12092	0	5
2023.11.24	12:00:00	1995.31	2003.62	1994.44	2001.02	19879	0	5
2023.11.24	18:00:00	2000.99	2002.45	2000.08	2002.38	727	0	5
2023.11.27	00:00:00	2011.63	2012.53	2010.65	2010.69	948	0	5
2023.11.27	06:00:00	2010.69	2015.54	2008.83	2012.62	16347	0	5
2023.11.27	12:00:00	2012.68	2016.29	2005.83	2009.99	22313	0	5
2023.11.27	18:00:00	2010.00	2015.44	2009.53	2015.32	7543	0	4
2023.11.28	00:00:00	2015.34	2018.09	2013.97	2015.24	13770	0	5
2023.11.28	06:00:00	2015.23	2016.89	2012.07	2015.24	15590	0	5
2023.11.28	12:00:00	2015.34	2043.02	2011.75	2040.74	25531	0	5
2023.11.28	18:00:00	2040.83	2044.57	2038.26	2044.46	9485	0	4
2023.11.29	00:00:00	2044.52	2052.01	2042.88	2046.05	16740	0	5
2023.11.29	06:00:00	2046.03	2046.28	2035.49	2040.08	19008	0	5
2023.11.29	12:00:00	2040.08	2046.97	2037.17	2045.11	24346	0	5
2023.11.29	18:00:00	2045.11	2049.60	2042.84	2044.71	9431	0	4
2023.11.30	00:00:00	2044.70	2047.26	2041.49	2041.83	12268	0	5
2023.11.30	06:00:00	2041.74	2046.97	2036.03	2037.19	17292	0	5
2023.11.30	12:00:00	2037.22	2044.01	2031.70	2037.09	25213	0	5
2023.11.30	18:00:00	2037.14	2040.68	2033.78	2040.14	8338	0	4
2023.12.01	00:00:00	2040.13	2043.46	2038.73	2041.04	11480	0	5
2023.12.01	06:00:00	2041.01	2049.87	2036.56	2037.09	16372	0	5
2023.12.01	12:00:00	2037.19	2067.71	2033.93	2067.34	27226	0	5
2023.12.01	18:00:00	2067.35	2075.40	2065.71	2072.05	11187	0	5
2023.12.03	18:00:00	2074.37	2144.85	2071.90	2117.39	3489	0	5
2023.12.04	00:00:00	2118.80	2120.15	2081.73	2086.12	19217	0	5
2023.12.04	06:00:00	2086.08	2087.98	2057.91	2070.90	21589	0	5
2023.12.04	12:00:00	2070.90	2071.30	2020.19	2025.99	29571	0	5
2023.12.04	18:00:00	2026.05	2034.18	2022.21	2034.07	11183	0	4
2023.12.05	00:00:00	2034.04	2041.23	2030.52	2032.20	15199	0	5
2023.12.05	06:00:00	2032.26	2039.62	2021.62	2024.82	19863	0	5
2023.12.05	12:00:00	2024.75	2030.85	2009.97	2017.25	28535	0	5
2023.12.05	18:00:00	2017.23	2020.90	2016.77	2018.99	8940	0	4
2023.12.06	00:00:00	2018.99	2025.42	2018.80	2024.85	11247	0	5
2023.12.06	06:00:00	2024.84	2035.88	2020.25	2021.42	17848	0	5
2023.12.06	12:00:00	2021.42	2033.04	2021.07	2029.56	25872	0	5
2023.12.06	18:00:00	2029.55	2031.24	2024.50	2027.17	8584	0	4
2023.12.07	00:00:00	2027.14	2030.05	2025.26	2026.85	12271	0	5
2023.12.07	06:00:00	2026.89	2035.13	2026.34	2032.66	17697	0	5
2023.12.07	12:00:00	2032.62	2039.96	2020.26	2028.88	26180	0	5
2023.12.07	18:00:00	2028.89	2032.02	2026.94	2028.12	9413	0	4
2023.12.08	00:00:00	2028.13	2034.03	2027.54	2030.05	14553	0	5
2023.12.08	06:00:00	2030.05	2032.38	2026.52	2030.01	17593	0	5
2023.12.08	12:00:00	2030.03	2030.13	1994.77	1997.20	27980	0	5
2023.12.08	18:00:00	1997.23	2005.10	1996.40	2004.53	8426	0	5
2023.12.10	18:00:00	2005.76	2007.70	2004.63	2007.10	1597	0	5
2023.12.11	00:00:00	2007.09	2007.82	1994.93	1998.86	13904	0	5
2023.12.11	06:00:00	1998.87	2000.59	1991.39	1996.26	16662	0	5
2023.12.11	12:00:00	1996.33	1996.78	1976.21	1976.80	25256	0	5
2023.12.11	18:00:00	1976.80	1984.33	1975.92	1983.03	9766	0	4
2023.12.12	00:00:00	1983.02	1989.53	1982.06	1987.57	12467	0	5
2023.12.12	06:00:00	1987.55	1989.08	1982.75	1988.36	14417	0	5
2023.12.12	12:00:00	1988.45	1996.67	1977.23	1977.81	27383	0	5
2023.12.12	18:00:00	1977.81	1982.83	1977.57	1982.50	8862	0	4
2023.12.13	00:00:00	1982.50	1982.58	1977.68	1978.81	9546	0	5
2023.12.13	06:00:00	1978.83	1983.59	1973.12	1982.87	15844	0	5
2023.12.13	12:00:00	1982.86	1986.72	1978.52	1982.19	23278	0	5
2023.12.13	18:00:00	1982.21	2033.16	1979.73	2032.90	17244	0	4
2023.12.14	00:00:00	2033.00	2039.32	2030.04	2035.27	22201	0	5
2023.12.14	06:00:00	2035.29	2040.38	2029.37	2034.99	24496	0	5
2023.12.14	12:00:00	2035.06	2047.94	2027.64	2036.18	32999	0	5
2023.12.14	18:00:00	2036.16	2038.76	2029.16	2035.58	13685	0	4
2023.12.15	00:00:00	2035.60	2037.52	2031.36	2035.32	15129	0	5
2023.12.15	06:00:00	2035.20	2044.42	2034.39	2041.74	18278	0	5
2023.12.15	12:00:00	2041.73	2044.94	2027.02	2032.83	28201	0	5
2023.12.15	18:00:00	2032.81	2033.81	2015.65	2019.65	12592	0	5
2023.12.17	18:00:00	2019.70	2020.11	2016.05	2017.46	1448	0	5
2023.12.18	00:00:00	2017.66	2024.60	2016.13	2023.16	13482	0	5
2023.12.18	06:00:00	2023.18	2027.29	2018.82	2022.03	17115	0	5
2023.12.18	12:00:00	2022.06	2033.60	2020.36	2033.60	20314	0	5
2023.12.18	18:00:00	2033.54	2033.71	2025.04	2027.66	8559	0	4
2023.12.19	00:00:00	2027.72	2029.28	2021.72	2024.15	12323	0	5
2023.12.19	06:00:00	2024.18	2028.50	2022.99	2026.54	14755	0	5
2023.12.19	12:00:00	2026.57	2047.00	2026.25	2040.45	24849	0	5
2023.12.19	18:00:00	2040.46	2041.65	2036.78	2040.92	8931	0	4
2023.12.20	00:00:00	2040.99	2041.39	2036.79	2041.28	10291	0	5
2023.12.20	06:00:00	2041.26	2043.48	2031.88	2033.59	15580	0	5
2023.12.20	12:00:00	2033.50	2039.87	2029.67	2034.76	25276	0	5
2023.12.20	18:00:00	2034.77	2037.15	2027.50	2032.23	12862	0	4
2023.12.21	00:00:00	2032.23	2038.20	2032.02	2036.20	11586	0	5
2023.12.21	06:00:00	2036.29	2037.40	2033.12	2034.12	15066	0	5
2023.12.21	12:00:00	2034.20	2046.01	2032.35	2041.06	29678	0	5
2023.12.21	18:00:00	2041.05	2055.02	2037.52	2052.87	12232	0	4
2023.12.22	00:00:00	2052.88	2053.94	2046.86	2048.36	16395	0	5
2023.12.22	06:00:00	2048.34	2063.02	2047.12	2060.71	17337	0	5
2023.12.22	12:00:00	2060.79	2070.67	2051.25	2055.53	32691	0	5
2023.12.22	18:00:00	2055.54	2058.10	2051.80	2053.06	10363	0	5
2023.12.25	18:00:00	2057.57	2057.77	2054.05	2054.98	1027	0	4
2023.12.26	00:00:00	2054.97	2065.19	2053.56	2062.84	10835	0	5
2023.12.26	06:00:00	2062.85	2065.11	2060.66	2063.59	9230	0	5
2023.12.26	12:00:00	2063.59	2063.93	2054.60	2057.71	15923	0	5
2023.12.26	18:00:00	2058.25	2069.11	2058.18	2066.23	6452	0	4
2023.12.27	00:00:00	2066.25	2067.88	2063.99	2064.70	11143	0	5
2023.12.27	06:00:00	2064.70	2069.23	2061.55	2068.21	12812	0	5
2023.12.27	12:00:00	2068.22	2082.54	2064.44	2081.92	23914	0	5
2023.12.27	18:00:00	2081.89	2084.48	2076.00	2079.59	11397	0	4
2023.12.28	00:00:00	2079.63	2088.50	2079.28	2085.83	14367	0	5
2023.12.28	06:00:00	2085.84	2087.65	2072.81	2075.67	20153	0	4
2023.12.28	12:00:00	2075.68	2081.13	2071.60	2074.88	30902	0	5
2023.12.28	18:00:00	2074.95	2075.50	2064.70	2066.77	11617	0	4
2023.12.29	00:00:00	2066.86	2072.34	2066.16	2072.30	13789	0	5
2023.12.29	06:00:00	2072.17	2074.82	2061.93	2067.80	18126	0	5
2023.12.29	12:00:00	2067.82	2068.91	2058.28	2066.63	33831	0	5
2023.12.29	18:00:00	2066.60	2067.85	2061.24	2062.84	11954	0	5
2024.01.01	18:00:00	2065.41	2066.54	2063.25	2063.76	1473	0	5
2024.01.02	00:00:00	2063.80	2074.89	2062.39	2074.53	15561	0	5
2024.01.02	06:00:00	2074.64	2078.91	2068.34	2069.28	22499	0	5
2024.01.02	12:00:00	2069.23	2071.06	2056.04	2062.73	30899	0	5
2024.01.02	18:00:00	2062.82	2064.99	2058.02	2059.66	9704	0	4
2024.01.03	00:00:00	2059.65	2066.02	2059.31	2064.11	12859	0	5
2024.01.03	06:00:00	2064.09	2065.45	2046.82	2047.58	20363	0	5
2024.01.03	12:00:00	2047.62	2048.77	2030.72	2033.40	29348	0	5
2024.01.03	18:00:00	2033.41	2043.95	2030.68	2043.02	14661	0	5
2024.01.04	00:00:00	2043.01	2046.94	2040.18	2043.84	15973	0	5
2024.01.04	06:00:00	2043.83	2050.98	2043.71	2045.20	28011	0	5
2024.01.04	12:00:00	2045.19	2047.78	2036.28	2043.30	39059	0	5
2024.01.04	18:00:00	2043.31	2044.93	2041.60	2044.31	12882	0	5
2024.01.05	00:00:00	2044.32	2048.34	2043.19	2044.52	15968	0	5
2024.01.05	06:00:00	2044.53	2047.06	2037.25	2039.27	24557	0	5
2024.01.05	12:00:00	2039.31	2064.00	2024.53	2042.01	36756	0	5
2024.01.05	18:00:00	2042.00	2050.37	2040.57	2045.61	16530	0	5
2024.01.07	18:00:00	2044.67	2045.67	2043.03	2044.38	1690	0	5
2024.01.08	00:00:00	2044.40	2046.65	2027.15	2030.82	18906	0	5
2024.01.08	06:00:00	2030.80	2033.37	2016.82	2020.14	26627	0	0
2024.01.08	12:00:00	2020.13	2036.90	2018.47	2027.73	36955	0	0
2024.01.08	18:00:00	2027.73	2030.95	2026.19	2030.77	13869	0	0
2024.01.09	00:00:00	2030.75	2035.90	2030.39	2032.83	21296	0	0
2024.01.09	06:00:00	2032.81	2038.56	2031.22	2034.95	32983	0	0
2024.01.09	12:00:00	2035.04	2041.98	2026.12	2027.72	49491	0	0
2024.01.09	18:00:00	2027.65	2031.25	2026.90	2030.85	16435	0	0
2024.01.10	00:00:00	2030.79	2032.88	2025.55	2026.70	19220	0	0
2024.01.10	06:00:00	2026.69	2040.19	2023.91	2034.08	32203	0	0
2024.01.10	12:00:00	2034.10	2035.65	2022.30	2024.08	45172	0	0
2024.01.10	18:00:00	2024.06	2028.02	2020.49	2026.78	18452	0	0
2024.01.11	00:00:00	2026.81	2034.67	2026.62	2033.02	17842	0	0
2024.01.11	06:00:00	2033.03	2035.73	2030.24	2034.35	26593	0	0
2024.01.11	12:00:00	2034.37	2039.69	2013.35	2014.40	52319	0	0
2024.01.11	18:00:00	2014.36	2035.57	2013.89	2035.34	23212	0	0
2024.01.12	00:00:00	2035.30	2037.07	2030.14	2036.10	14161	0	5
2024.01.12	06:00:00	2036.02	2047.41	2034.23	2045.45	19467	0	5
2024.01.12	12:00:00	2045.57	2062.24	2041.51	2043.98	31490	0	5
2024.01.12	18:00:00	2043.97	2049.22	2043.04	2049.08	10196	0	5
2024.01.14	18:00:00	2047.96	2048.71	2046.39	2047.65	1404	0	5
2024.01.15	00:00:00	2047.80	2058.12	2045.88	2055.20	14455	0	5
2024.01.15	06:00:00	2055.21	2058.64	2051.59	2053.38	16282	0	5
2024.01.15	12:00:00	2053.41	2056.38	2049.31	2055.38	15995	0	6
2024.01.15	18:00:00	2055.47	2055.49	2053.47	2054.06	1575	0	4
2024.01.16	00:00:00	2054.10	2054.57	2047.57	2048.65	14348	0	4
2024.01.16	06:00:00	2048.61	2050.95	2038.34	2039.89	21551	0	6
2024.01.16	12:00:00	2039.90	2045.00	2025.01	2025.38	31282	0	5
2024.01.16	18:00:00	2025.39	2030.20	2024.31	2028.16	20935	0	0
2024.01.17	00:00:00	2028.18	2033.00	2019.45	2020.73	27262	0	0
2024.01.17	06:00:00	2020.74	2028.39	2017.68	2023.93	35000	0	0
2024.01.17	12:00:00	2023.96	2029.04	2003.48	2007.09	45720	0	0
2024.01.17	18:00:00	2007.12	2009.94	2001.87	2009.61	12319	0	4
2024.01.18	00:00:00	2009.60	2012.13	2005.83	2009.27	14037	0	6
2024.01.18	06:00:00	2009.28	2014.15	2008.25	2012.65	18650	0	6
2024.01.18	12:00:00	2012.65	2017.78	2007.75	2016.41	27350	0	5
2024.01.18	18:00:00	2016.44	2024.47	2015.57	2023.81	11984	0	4
2024.01.19	00:00:00	2023.78	2025.58	2020.44	2021.69	12266	0	6
2024.01.19	06:00:00	2021.68	2031.97	2020.89	2031.65	18555	0	3
2024.01.19	12:00:00	2031.66	2039.32	2023.23	2029.11	39006	0	0
2024.01.19	18:00:00	2029.17	2030.02	2026.50	2029.64	12929	0	0
2024.01.21	18:00:00	2028.82	2028.82	2027.01	2027.60	1226	0	6
2024.01.22	00:00:00	2027.63	2032.18	2021.89	2023.28	13307	0	6
2024.01.22	06:00:00	2023.24	2026.59	2019.19	2026.18	27180	0	0
2024.01.22	12:00:00	2026.17	2030.17	2016.63	2021.59	36259	0	1
2024.01.22	18:00:00	2021.56	2021.99	2019.16	2020.78	11851	0	0
2024.01.23	00:00:00	2020.81	2031.73	2019.64	2030.86	19763	0	0
2024.01.23	06:00:00	2030.85	2037.88	2022.48	2023.97	28356	0	0
2024.01.23	12:00:00	2024.00	2030.30	2021.46	2024.32	35026	0	2
2024.01.23	18:00:00	2024.34	2030.70	2023.02	2029.39	13706	0	0
2024.01.24	00:00:00	2029.37	2029.37	2022.86	2024.53	15770	0	0
2024.01.24	06:00:00	2024.52	2034.31	2023.74	2033.51	26279	0	0
2024.01.24	12:00:00	2033.47	2036.71	2011.96	2019.32	43075	0	0
2024.01.24	18:00:00	2019.31	2019.85	2011.27	2016.39	18189	0	0
2024.01.25	00:00:00	2016.42	2017.32	2014.57	2015.59	15840	0	1
2024.01.25	06:00:00	2015.61	2019.58	2012.74	2017.56	26824	0	1
2024.01.25	12:00:00	2017.57	2025.19	2010.07	2015.01	51538	0	0
2024.01.25	18:00:00	2015.02	2021.95	2013.43	2020.68	15986	0	0
2024.01.26	00:00:00	2020.76	2024.23	2019.38	2023.11	15746	0	1
2024.01.26	06:00:00	2023.12	2024.69	2018.27	2023.45	24941	0	2
2024.01.26	12:00:00	2023.43	2026.82	2015.97	2016.67	43641	0	0
2024.01.26	18:00:00	2016.65	2019.32	2016.10	2018.48	11179	0	1
2024.01.28	18:00:00	2023.91	2028.66	2021.34	2021.91	4063	0	0
2024.01.29	00:00:00	2021.96	2027.65	2019.35	2025.52	19341	0	1
2024.01.29	06:00:00	2025.50	2033.88	2024.91	2028.20	26165	0	0
2024.01.29	12:00:00	2028.21	2037.64	2020.60	2029.36	40046	0	6
2024.01.29	18:00:00	2029.35	2035.28	2025.12	2031.14	17888	0	6
2024.01.30	00:00:00	2031.11	2034.14	2029.87	2032.12	11780	0	6
2024.01.30	06:00:00	2033.74	2040.39	2031.52	2034.40	23929	0	6
2024.01.30	12:00:00	2034.36	2048.62	2029.11	2034.05	48574	0	6
2024.01.30	18:00:00	2034.04	2037.08	2031.53	2036.49	15215	0	6
2024.01.31	00:00:00	2036.47	2038.68	2032.93	2035.11	16059	0	6
2024.01.31	06:00:00	2035.20	2040.48	2033.66	2037.32	25545	0	6
2024.01.31	12:00:00	2037.33	2056.00	2036.06	2049.65	52760	0	6
2024.01.31	18:00:00	2049.60	2050.81	2031.00	2039.97	39748	0	6
2024.02.01	00:00:00	2039.99	2049.59	2039.28	2044.57	20785	0	6
2024.02.01	06:00:00	2044.56	2044.96	2030.12	2033.48	32211	0	6
2024.02.01	12:00:00	2033.38	2065.43	2030.23	2054.47	64018	0	6
2024.02.01	18:00:00	2054.45	2058.76	2052.17	2054.90	23058	0	6
2024.02.02	00:00:00	2054.89	2056.88	2051.98	2055.55	17824	0	6
2024.02.02	06:00:00	2055.56	2056.95	2052.71	2056.13	25679	0	6
2024.02.02	12:00:00	2056.15	2057.66	2027.90	2035.29	53458	0	6
2024.02.02	18:00:00	2035.24	2039.84	2034.49	2039.67	14483	0	6
2024.02.04	18:00:00	2041.84	2042.28	2039.22	2039.29	2727	0	6
2024.02.05	00:00:00	2039.30	2039.88	2028.98	2029.80	26828	0	6
2024.02.05	06:00:00	2029.79	2031.50	2020.71	2027.65	31893	0	6
2024.02.05	12:00:00	2027.72	2028.10	2014.92	2025.69	48933	0	6
2024.02.05	18:00:00	2025.70	2027.57	2023.78	2025.14	15876	0	6
2024.02.06	00:00:00	2025.13	2029.84	2023.52	2029.54	18528	0	6
2024.02.06	06:00:00	2029.53	2029.68	2022.96	2026.79	21129	0	6
2024.02.06	12:00:00	2026.76	2038.91	2024.58	2037.08	47398	0	6
2024.02.06	18:00:00	2037.00	2038.23	2033.87	2035.29	16619	0	6
2024.02.07	00:00:00	2035.27	2036.19	2033.30	2033.39	13302	0	6
2024.02.07	06:00:00	2033.38	2036.19	2031.24	2034.15	24024	0	6
2024.02.07	12:00:00	2034.14	2044.58	2030.63	2035.68	47185	0	6
2024.02.07	18:00:00	2035.67	2037.26	2033.76	2036.52	14676	0	6
2024.02.08	00:00:00	2036.51	2038.71	2031.22	2033.55	15672	0	6
2024.02.08	06:00:00	2033.56	2038.50	2027.92	2029.08	27401	0	6
2024.02.08	12:00:00	2029.09	2034.01	2020.21	2031.78	49350	0	6
2024.02.08	18:00:00	2031.73	2035.37	2031.18	2034.31	15505	0	6
2024.02.09	00:00:00	2034.23	2035.15	2032.00	2032.89	11047	0	6
2024.02.09	06:00:00	2032.90	2034.99	2030.56	2031.59	22416	0	6
2024.02.09	12:00:00	2031.58	2037.11	2020.34	2024.71	48253	0	6
2024.02.09	18:00:00	2024.69	2026.35	2022.84	2024.59	11802	0	6
2024.02.11	18:00:00	2026.33	2026.79	2024.45	2025.46	1504	0	6
2024.02.12	00:00:00	2025.49	2026.61	2021.91	2023.86	8635	0	6
2024.02.12	06:00:00	2023.83	2027.30	2020.04	2021.76	21200	0	6
2024.02.12	12:00:00	2021.77	2027.52	2011.92	2019.39	42429	0	6
2024.02.12	18:00:00	2019.54	2021.61	2017.86	2018.95	14492	0	6
2024.02.13	00:00:00	2018.94	2021.66	2016.93	2020.80	9020	0	6
2024.02.13	06:00:00	2020.82	2029.33	2020.74	2027.74	21442	0	6
2024.02.13	12:00:00	2027.80	2032.42	1990.19	1993.74	53825	0	6
2024.02.13	18:00:00	1993.76	1995.81	1990.79	1991.51	15665	0	6
2024.02.14	00:00:00	1991.48	1993.65	1988.90	1992.97	13709	0	6
2024.02.14	06:00:00	1992.98	1993.41	1986.05	1992.32	26877	0	6
2024.02.14	12:00:00	1992.31	1995.32	1984.30	1994.40	48929	0	6
2024.02.14	18:00:00	1994.43	1996.15	1989.70	1993.77	15855	0	6
2024.02.15	00:00:00	1993.80	1994.39	1990.27	1991.94	11288	0	6
2024.02.15	06:00:00	1991.95	1998.16	1991.61	1997.56	22832	0	6
2024.02.15	12:00:00	1997.54	2008.29	1995.85	2003.70	51087	0	6
2024.02.15	18:00:00	2003.69	2006.50	2002.81	2003.49	14955	0	6
2024.02.16	00:00:00	2003.57	2005.68	2002.43	2004.53	11242	0	6
2024.02.16	06:00:00	2004.52	2007.86	2002.77	2007.31	20050	0	6
2024.02.16	12:00:00	2007.30	2014.44	1995.15	2013.35	50733	0	6
2024.02.16	18:00:00	2013.39	2015.19	2011.15	2013.24	14380	0	6
2024.02.18	18:00:00	2011.87	2016.36	2011.17	2014.01	1962	0	6
2024.02.19	00:00:00	2013.96	2022.90	2013.96	2020.77	17672	0	6
2024.02.19	06:00:00	2020.78	2023.04	2018.23	2018.38	20033	0	6
2024.02.19	12:00:00	2018.37	2019.34	2013.31	2017.36	22304	0	6
2024.02.19	18:00:00	2017.33	2018.46	2015.86	2016.24	2293	0	6
2024.02.20	00:00:00	2016.26	2019.75	2015.06	2018.55	15779	0	6
2024.02.20	06:00:00	2018.54	2027.60	2017.80	2026.92	29189	0	6
2024.02.20	12:00:00	2026.93	2030.89	2025.50	2028.73	36591	0	6
2024.02.20	18:00:00	2028.74	2028.94	2023.62	2024.28	10179	0	6
2024.02.21	00:00:00	2024.30	2032.29	2022.99	2030.97	16834	0	6
2024.02.21	06:00:00	2030.99	2031.27	2026.01	2028.31	23449	0	6
2024.02.21	12:00:00	2028.30	2031.58	2021.54	2024.26	40398	0	6
2024.02.21	18:00:00	2024.31	2027.05	2020.10	2025.76	21977	0	6
2024.02.22	00:00:00	2025.72	2030.04	2025.12	2028.46	15297	0	6
2024.02.22	06:00:00	2028.48	2034.90	2027.36	2029.03	26753	0	6
2024.02.22	12:00:00	2029.02	2029.92	2019.82	2022.99	44971	0	6
2024.02.22	18:00:00	2023.01	2026.10	2019.68	2024.79	16054	0	6
2024.02.23	00:00:00	2024.81	2027.41	2022.24	2022.46	12428	0	6
2024.02.23	06:00:00	2022.45	2023.99	2016.08	2023.92	25208	0	6
2024.02.23	12:00:00	2023.91	2039.84	2023.15	2037.94	45038	0	6
2024.02.23	18:00:00	2037.93	2041.38	2035.18	2035.54	13080	0	6
2024.02.25	18:00:00	2033.26	2035.01	2033.26	2034.06	1345	0	6
2024.02.26	00:00:00	2034.05	2034.29	2029.97	2033.06	14401	0	6
2024.02.26	06:00:00	2033.07	2037.06	2030.90	2030.94	24071	0	6
2024.02.26	12:00:00	2030.96	2034.45	2025.13	2028.74	36112	0	6
2024.02.26	18:00:00	2028.75	2033.66	2028.21	2031.31	13699	0	6
2024.02.27	00:00:00	2031.30	2034.61	2031.09	2033.67	10776	0	6
2024.02.27	06:00:00	2033.68	2039.49	2033.31	2038.27	21737	0	6
2024.02.27	12:00:00	2038.26	2039.13	2029.78	2032.31	37317	0	6
2024.02.27	18:00:00	2032.30	2036.13	2028.81	2030.11	13364	0	6
2024.02.28	00:00:00	2030.14	2033.75	2029.20	2030.99	13038	0	6
2024.02.28	06:00:00	2031.00	2032.10	2024.56	2027.32	24251	0	6
2024.02.28	12:00:00	2027.30	2037.88	2026.98	2033.83	38534	0	6
2024.02.28	18:00:00	2033.84	2035.36	2030.88	2034.70	11646	0	6
2024.02.29	00:00:00	2034.74	2037.08	2033.99	2035.66	12085	0	6
2024.02.29	06:00:00	2035.65	2037.87	2028.89	2030.35	23103	0	6
2024.02.29	12:00:00	2030.34	2050.76	2028.14	2045.70	45971	0	6
2024.02.29	18:00:00	2045.67	2046.90	2042.91	2044.35	15088	0	6
2024.03.01	00:00:00	2044.31	2046.88	2042.90	2045.09	10806	0	6
2024.03.01	06:00:00	2045.10	2057.51	2039.08	2055.43	30244	0	6
2024.03.01	12:00:00	2055.46	2085.71	2045.63	2084.87	53747	0	6
2024.03.01	18:00:00	2084.85	2088.34	2082.28	2082.95	18385	0	6
2024.03.03	18:00:00	2082.82	2086.25	2082.72	2083.60	2889	0	6
2024.03.04	00:00:00	2083.61	2084.43	2079.48	2081.57	14958	0	6
2024.03.04	06:00:00	2081.58	2088.30	2081.13	2082.15	24385	0	6
2024.03.04	12:00:00	2082.13	2119.93	2081.18	2116.51	52512	0	6
2024.03.04	18:00:00	2116.52	2118.57	2113.36	2114.64	17522	0	6
2024.03.05	00:00:00	2114.63	2119.76	2110.51	2119.34	17958	0	6
2024.03.05	06:00:00	2119.37	2127.35	2113.99	2124.50	32365	0	6
2024.03.05	12:00:00	2124.55	2141.77	2121.23	2130.96	60047	0	6
2024.03.05	18:00:00	2130.95	2134.75	2127.07	2128.09	18996	0	6
2024.03.06	00:00:00	2128.11	2128.19	2123.77	2125.35	16207	0	6
2024.03.06	06:00:00	2125.37	2132.62	2124.38	2132.57	28763	0	6
2024.03.06	12:00:00	2132.60	2150.05	2131.11	2144.82	60394	0	6
2024.03.06	18:00:00	2144.83	2152.24	2139.51	2147.40	24193	0	6
2024.03.07	00:00:00	2147.39	2161.47	2144.25	2154.55	27768	0	6
2024.03.07	06:00:00	2154.52	2159.87	2151.68	2156.09	33455	0	6
2024.03.07	12:00:00	2156.08	2164.77	2148.00	2158.28	51566	0	6
2024.03.07	18:00:00	2158.37	2162.62	2156.12	2162.00	14987	0	6
2024.03.08	00:00:00	2161.99	2163.62	2154.05	2157.78	17958	0	6
2024.03.08	06:00:00	2157.85	2171.08	2156.53	2168.33	27202	0	6
2024.03.08	12:00:00	2168.35	2195.17	2156.57	2185.02	62040	0	6
2024.03.08	18:00:00	2185.04	2185.05	2168.34	2179.14	22127	0	6
2024.03.10	18:00:00	2178.24	2183.90	2178.24	2181.67	3118	0	6
2024.03.11	00:00:00	2181.72	2189.02	2176.90	2178.06	23195	0	6
2024.03.11	06:00:00	2178.13	2183.12	2176.03	2178.99	28762	0	6
2024.03.11	12:00:00	2179.00	2185.71	2174.91	2179.68	45428	0	6
2024.03.11	18:00:00	2179.73	2184.79	2177.23	2183.68	13181	0	6
2024.03.12	00:00:00	2183.69	2184.55	2174.24	2176.21	17532	0	6
2024.03.12	06:00:00	2176.18	2179.10	2170.64	2171.96	27407	0	6
2024.03.12	12:00:00	2171.95	2182.04	2152.68	2155.04	60446	0	6
2024.03.12	18:00:00	2155.02	2161.47	2150.65	2157.02	17072	0	6
2024.03.13	00:00:00	2157.03	2161.60	2156.68	2160.12	18001	0	6
2024.03.13	06:00:00	2160.11	2164.21	2157.56	2164.02	25718	0	6
2024.03.13	12:00:00	2164.06	2179.87	2161.52	2174.57	51644	0	6
2024.03.13	18:00:00	2174.56	2176.58	2171.80	2175.51	12614	0	6
2024.03.14	00:00:00	2175.49	2177.00	2168.71	2168.87	18056	0	6
2024.03.14	06:00:00	2168.93	2172.03	2167.21	2168.55	24609	0	6
2024.03.14	12:00:00	2168.56	2170.39	2152.85	2160.25	54768	0	6
2024.03.14	18:00:00	2160.28	2163.87	2160.28	2161.65	10272	0	6
2024.03.15	00:00:00	2161.64	2169.28	2160.63	2169.16	16772	0	6
2024.03.15	06:00:00	2169.18	2172.75	2165.35	2167.01	28003	0	6
2024.03.15	12:00:00	2167.00	2167.37	2155.23	2156.84	48831	0	6
2024.03.15	18:00:00	2156.88	2160.34	2155.52	2155.76	7990	0	6
2024.03.17	18:00:00	2153.18	2156.94	2153.18	2156.60	4309	0	6
2024.03.18	00:00:00	2156.58	2157.55	2146.14	2147.09	21620	0	6
2024.03.18	06:00:00	2147.10	2161.29	2146.80	2161.09	28430	0	6
2024.03.18	12:00:00	2161.08	2163.63	2154.64	2160.01	41583	0	6
2024.03.18	18:00:00	2159.92	2162.64	2159.20	2162.16	9802	0	6
2024.03.19	00:00:00	2162.19	2162.89	2157.10	2157.62	20708	0	6
2024.03.19	06:00:00	2157.66	2157.77	2147.18	2155.66	34238	0	6
2024.03.19	12:00:00	2155.67	2158.69	2148.43	2156.94	39627	0	6
2024.03.19	18:00:00	2156.96	2159.69	2155.57	2157.09	8895	0	6
2024.03.20	00:00:00	2157.11	2160.22	2155.25	2157.49	13255	0	6
2024.03.20	06:00:00	2157.44	2159.51	2152.33	2153.99	22587	0	6
2024.03.20	12:00:00	2154.01	2164.91	2149.63	2157.47	38131	0	6
2024.03.20	18:00:00	2157.36	2222.90	2157.19	2204.00	43503	0	6
2024.03.21	00:00:00	2204.01	2212.47	2192.53	2204.92	31693	0	6
2024.03.21	06:00:00	2204.86	2211.79	2196.90	2207.56	42429	0	6
2024.03.21	12:00:00	2207.55	2208.88	2166.45	2180.89	59836	0	6
2024.03.21	18:00:00	2181.08	2184.02	2180.38	2181.83	9999	0	6
2024.03.22	00:00:00	2181.80	2186.10	2171.82	2174.34	25752	0	6
2024.03.22	06:00:00	2174.26	2176.29	2162.63	2166.11	35704	0	6
2024.03.22	12:00:00	2166.14	2180.16	2157.19	2159.26	49704	0	6
2024.03.22	18:00:00	2159.18	2167.27	2158.84	2165.15	10080	0	6
2024.03.24	18:00:00	2166.42	2168.95	2165.25	2168.41	4505	0	6
2024.03.25	00:00:00	2168.44	2178.36	2164.04	2169.86	28000	0	6
2024.03.25	06:00:00	2169.88	2171.90	2163.60	2170.53	30887	0	6
2024.03.25	12:00:00	2170.52	2181.34	2170.38	2174.76	39010	0	6
2024.03.25	18:00:00	2174.71	2174.71	2170.75	2172.99	11965	0	6
2024.03.26	00:00:00	2172.98	2174.50	2167.65	2172.94	21371	0	6
2024.03.26	06:00:00	2172.90	2200.13	2169.64	2196.51	36681	0	6
2024.03.26	12:00:00	2196.52	2197.35	2171.75	2176.84	48980	0	6
2024.03.26	18:00:00	2176.82	2180.00	2174.73	2179.52	11540	0	6
2024.03.27	00:00:00	2179.53	2181.76	2173.48	2177.09	18276	0	6
2024.03.27	06:00:00	2177.06	2197.64	2176.56	2188.50	31846	0	6
2024.03.27	12:00:00	2188.40	2195.24	2183.60	2190.45	43466	0	6
2024.03.27	18:00:00	2190.46	2195.25	2189.10	2190.75	12680	0	6
2024.03.28	00:00:00	2190.79	2200.69	2187.41	2197.31	21746	0	6
2024.03.28	06:00:00	2197.29	2213.76	2190.89	2210.46	36383	0	6
2024.03.28	12:00:00	2210.41	2225.53	2202.31	2222.03	59403	0	6
2024.03.28	18:00:00	2221.90	2236.26	2218.07	2232.86	12242	0	6
2024.03.31	18:00:00	2240.22	2247.41	2235.73	2246.10	9676	0	6
2024.04.01	00:00:00	2246.23	2265.75	2243.96	2261.71	33172	0	6
2024.04.01	06:00:00	2261.67	2263.11	2245.61	2246.86	24746	0	6
2024.04.01	12:00:00	2246.95	2257.91	2228.54	2239.21	51691	0	6
2024.04.01	18:00:00	2239.24	2255.90	2238.15	2249.05	14650	0	6
2024.04.02	00:00:00	2249.03	2259.87	2246.75	2253.63	27509	0	6
2024.04.02	06:00:00	2253.62	2266.83	2252.41	2260.66	38055	0	6
2024.04.02	12:00:00	2260.67	2277.02	2250.85	2265.94	60503	0	6
2024.04.02	18:00:00	2265.96	2283.64	2265.51	2280.01	20018	0	6
2024.04.03	00:00:00	2279.87	2288.03	2276.80	2286.03	28178	0	6
2024.04.03	06:00:00	2286.04	2286.05	2267.71	2273.80	39874	0	6
2024.04.03	12:00:00	2273.82	2295.61	2265.45	2295.07	64566	0	6
2024.04.03	18:00:00	2295.09	2301.61	2293.95	2297.58	16638	0	6
2024.04.04	00:00:00	2297.60	2304.87	2295.03	2295.35	21245	0	6
2024.04.04	06:00:00	2295.33	2298.19	2288.86	2289.33	32738	0	6
2024.04.04	12:00:00	2289.37	2299.41	2282.95	2294.04	52767	0	6
2024.04.04	18:00:00	2294.03	2305.62	2280.09	2288.79	27967	0	6
2024.04.05	00:00:00	2288.88	2290.38	2267.83	2279.85	29941	0	6
2024.04.05	06:00:00	2279.81	2296.18	2276.61	2291.21	38579	0	6
2024.04.05	12:00:00	2291.20	2330.44	2280.44	2326.25	67166	0	6
2024.04.05	18:00:00	2326.27	2330.00	2320.79	2329.70	13230	0	6
2024.04.07	18:00:00	2310.92	2314.42	2309.42	2311.29	4617	0	6
2024.04.08	00:00:00	2311.35	2354.02	2302.98	2334.69	48149	0	6
2024.04.08	06:00:00	2334.74	2343.60	2331.86	2337.42	43851	0	6
2024.04.08	12:00:00	2337.36	2339.24	2318.77	2337.98	61607	0	6
2024.04.08	18:00:00	2338.04	2342.10	2337.03	2338.85	14324	0	6
2024.04.09	00:00:00	2338.84	2348.47	2337.90	2345.13	29936	0	6
2024.04.09	06:00:00	2345.18	2365.37	2343.15	2354.55	47545	0	6
2024.04.09	12:00:00	2354.59	2364.27	2338.29	2347.40	66387	0	6
2024.04.09	18:00:00	2347.30	2355.01	2345.35	2354.97	15513	0	6
2024.04.10	00:00:00	2354.87	2360.09	2344.81	2357.47	27045	0	6
2024.04.10	06:00:00	2357.53	2359.96	2344.86	2347.08	38155	0	6
2024.04.10	12:00:00	2347.11	2352.40	2319.43	2337.80	76117	0	6
2024.04.10	18:00:00	2337.79	2340.97	2326.33	2335.59	20027	0	6
2024.04.11	00:00:00	2335.66	2346.92	2333.39	2342.01	29862	0	6
2024.04.11	06:00:00	2341.98	2342.22	2325.84	2337.29	47543	0	6
2024.04.11	12:00:00	2337.25	2357.27	2331.81	2356.32	66243	0	6
2024.04.11	18:00:00	2356.30	2377.71	2355.75	2376.91	22183	0	6
2024.04.12	00:00:00	2377.06	2395.45	2374.65	2387.52	38982	0	6
2024.04.12	06:00:00	2387.46	2400.68	2384.73	2395.43	48788	0	6
2024.04.12	12:00:00	2395.42	2431.52	2346.44	2355.29	84296	0	6
2024.04.12	18:00:00	2355.18	2356.68	2333.88	2344.17	20522	0	6
2024.04.14	18:00:00	2358.78	2365.51	2356.82	2364.75	4354	0	6
2024.04.15	00:00:00	2364.77	2365.97	2348.57	2361.20	39460	0	6
2024.04.15	06:00:00	2361.17	2361.54	2344.85	2358.08	47963	0	6
2024.04.15	12:00:00	2358.09	2370.67	2324.47	2365.59	72546	0	6
2024.04.15	18:00:00	2365.54	2387.60	2363.78	2381.98	22740	0	6
2024.04.16	00:00:00	2381.99	2389.37	2379.38	2386.41	33954	0	6
2024.04.16	06:00:00	2386.39	2388.13	2363.05	2374.07	48934	0	6
2024.04.16	12:00:00	2374.08	2398.30	2363.59	2384.83	72453	0	6
2024.04.16	18:00:00	2384.81	2396.38	2378.56	2382.75	21852	0	6
2024.04.17	00:00:00	2382.82	2386.29	2374.26	2377.56	27848	0	6
2024.04.17	06:00:00	2377.62	2394.34	2372.78	2387.39	44018	0	6
2024.04.17	12:00:00	2387.51	2395.61	2361.15	2372.21	71357	0	6
2024.04.17	18:00:00	2372.38	2379.17	2354.54	2367.96	19244	0	6
2024.04.18	00:00:00	2367.97	2377.16	2364.13	2376.82	29900	0	6
2024.04.18	06:00:00	2376.90	2385.43	2375.05	2380.99	37471	0	6
2024.04.18	12:00:00	2380.98	2392.80	2369.67	2384.80	65249	0	6
2024.04.18	18:00:00	2384.87	2385.17	2377.05	2379.93	14501	0	6
2024.04.19	00:00:00	2379.83	2417.86	2373.82	2381.40	57414	0	6
2024.04.19	06:00:00	2381.39	2393.91	2372.95	2376.82	46364	0	6
2024.04.19	12:00:00	2376.85	2401.97	2373.12	2393.70	59062	0	6
2024.04.19	18:00:00	2393.69	2398.29	2386.70	2392.24	12529	0	6
2024.04.21	18:00:00	2385.61	2387.87	2385.19	2386.57	2958	0	6
2024.04.22	00:00:00	2386.48	2386.48	2360.95	2365.54	37708	0	6
2024.04.22	06:00:00	2365.52	2367.06	2339.51	2342.19	44231	0	6
2024.04.22	12:00:00	2342.06	2350.36	2329.05	2330.09	51865	0	6
2024.04.22	18:00:00	2330.11	2333.98	2324.85	2333.86	10927	0	6
2024.04.23	00:00:00	2333.77	2334.47	2295.66	2308.32	40919	0	6
2024.04.23	06:00:00	2308.33	2311.29	2291.53	2302.18	42516	0	6
2024.04.23	12:00:00	2302.19	2332.13	2301.31	2326.36	59675	0	6
2024.04.23	18:00:00	2326.40	2329.77	2321.33	2323.35	11055	0	6
2024.04.24	00:00:00	2323.34	2330.14	2315.85	2328.91	26361	0	6
2024.04.24	06:00:00	2328.90	2331.29	2311.82	2316.19	33623	0	6
2024.04.24	12:00:00	2316.20	2337.29	2312.19	2324.48	55162	0	6
2024.04.24	18:00:00	2324.51	2324.70	2313.82	2316.30	13004	0	6
2024.04.25	00:00:00	2316.35	2322.11	2305.21	2319.63	23857	0	6
2024.04.25	06:00:00	2319.54	2330.64	2317.86	2328.58	28315	0	6
2024.04.25	12:00:00	2328.57	2344.87	2312.91	2332.26	61490	0	6
2024.04.25	18:00:00	2332.28	2336.49	2330.17	2330.68	12097	0	6
2024.04.26	00:00:00	2330.67	2338.61	2326.38	2337.86	20324	0	6
2024.04.26	06:00:00	2337.92	2352.55	2337.44	2344.94	33474	0	6
2024.04.26	12:00:00	2344.91	2351.57	2328.75	2338.57	54505	0	6
2024.04.26	18:00:00	2338.53	2341.41	2336.17	2338.03	8613	0	6
2024.04.28	18:00:00	2335.28	2336.88	2334.80	2336.00	1549	0	6
2024.04.29	00:00:00	2335.89	2336.56	2320.04	2330.52	34993	0	6
2024.04.29	06:00:00	2330.54	2344.38	2327.53	2337.04	36175	0	6
2024.04.29	12:00:00	2337.10	2346.74	2325.66	2342.23	48617	0	6
2024.04.29	18:00:00	2342.22	2343.84	2332.93	2333.18	12976	0	6
2024.04.30	00:00:00	2333.21	2336.20	2321.81	2323.01	24055	0	6
2024.04.30	06:00:00	2323.00	2323.57	2309.64	2312.74	34266	0	6
2024.04.30	12:00:00	2312.73	2313.48	2291.62	2296.02	59215	0	6
2024.04.30	18:00:00	2295.99	2297.56	2285.20	2291.40	14864	0	6
2024.05.01	00:00:00	2291.36	2292.94	2281.66	2287.50	16244	0	6
2024.05.01	06:00:00	2287.42	2297.13	2283.54	2294.62	24968	0	6
2024.05.01	12:00:00	2294.64	2310.52	2294.29	2299.53	49682	0	6
2024.05.01	18:00:00	2299.53	2328.34	2295.56	2323.82	36823	0	6
2024.05.02	00:00:00	2323.89	2326.45	2313.02	2315.04	21267	0	6
2024.05.02	06:00:00	2315.02	2319.13	2295.25	2299.04	38155	0	6
2024.05.02	12:00:00	2299.02	2308.54	2285.53	2308.13	55408	0	6
2024.05.02	18:00:00	2308.11	2309.47	2300.72	2304.29	11600	0	6
2024.05.03	00:00:00	2304.28	2308.79	2299.99	2306.04	18584	0	6
2024.05.03	06:00:00	2306.10	2306.41	2296.45	2298.33	29028	0	6
2024.05.03	12:00:00	2298.31	2320.43	2277.32	2302.09	58284	0	6
2024.05.03	18:00:00	2302.11	2303.48	2296.09	2301.55	8862	0	6
2024.05.05	18:00:00	2301.75	2302.87	2293.39	2293.97	3406	0	6
2024.05.06	00:00:00	2293.98	2315.37	2291.90	2313.46	32315	0	6
2024.05.06	06:00:00	2313.55	2324.24	2311.80	2318.28	30853	0	6
2024.05.06	12:00:00	2318.27	2332.06	2314.63	2324.70	48573	0	6
2024.05.06	18:00:00	2324.71	2328.90	2322.25	2326.07	11788	0	6
2024.05.07	00:00:00	2326.08	2329.95	2319.68	2321.62	28738	0	6
2024.05.07	06:00:00	2321.57	2322.05	2311.79	2312.36	30503	0	6
2024.05.07	12:00:00	2312.33	2323.73	2310.06	2314.33	45577	0	6
2024.05.07	18:00:00	2314.17	2316.35	2311.90	2315.20	9350	0	6
2024.05.08	00:00:00	2315.27	2321.49	2307.12	2317.75	26242	0	6
2024.05.08	06:00:00	2317.72	2318.95	2303.73	2314.71	34560	0	6
2024.05.08	12:00:00	2314.70	2321.15	2306.88	2313.86	45249	0	6
2024.05.08	18:00:00	2313.83	2313.87	2307.93	2308.87	9536	0	6
2024.05.09	00:00:00	2308.93	2319.82	2307.90	2316.71	25869	0	6
2024.05.09	06:00:00	2316.69	2317.10	2306.75	2315.99	29963	0	6
2024.05.09	12:00:00	2315.96	2338.81	2312.34	2334.86	52950	0	6
2024.05.09	18:00:00	2334.85	2348.40	2333.93	2346.61	13082	0	6
2024.05.10	00:00:00	2346.62	2358.81	2346.05	2357.22	32094	0	6
2024.05.10	06:00:00	2357.20	2378.41	2356.14	2372.22	39885	0	6
2024.05.10	12:00:00	2372.18	2375.76	2356.66	2369.62	55477	0	6
2024.05.10	18:00:00	2369.70	2370.97	2359.81	2360.45	9138	0	6
2024.05.12	18:00:00	2361.75	2362.56	2359.80	2360.44	1678	0	6
2024.05.13	00:00:00	2360.46	2364.52	2351.35	2352.71	31706	0	6
2024.05.13	06:00:00	2352.73	2354.48	2338.52	2344.60	38341	0	6
2024.05.13	12:00:00	2344.62	2349.83	2332.27	2335.93	52132	0	6
2024.05.13	18:00:00	2335.94	2339.42	2335.29	2338.46	9166	0	6
2024.05.14	00:00:00	2338.44	2345.91	2334.87	2344.79	26180	0	6
2024.05.14	06:00:00	2344.75	2348.29	2336.12	2343.60	33150	0	6
2024.05.14	12:00:00	2343.61	2357.00	2337.08	2355.94	57457	0	6
2024.05.14	18:00:00	2355.92	2359.65	2355.11	2355.86	11155	0	6
2024.05.15	00:00:00	2355.87	2360.99	2354.93	2358.58	26671	0	6
2024.05.15	06:00:00	2358.55	2374.32	2356.91	2362.76	38494	0	6
2024.05.15	12:00:00	2362.75	2390.26	2351.93	2389.28	67557	0	6
2024.05.15	18:00:00	2389.27	2391.92	2383.65	2391.87	15196	0	6
2024.05.16	00:00:00	2391.89	2397.41	2386.61	2390.19	43225	0	6
2024.05.16	06:00:00	2390.23	2391.43	2380.95	2384.65	38138	0	6
2024.05.16	12:00:00	2384.66	2386.34	2371.00	2381.50	53766	0	6
2024.05.16	18:00:00	2381.46	2382.04	2375.92	2377.91	10511	0	6
2024.05.17	00:00:00	2377.90	2382.40	2374.02	2381.36	25906	0	6
2024.05.17	06:00:00	2381.34	2390.16	2380.95	2389.79	33937	0	6
2024.05.17	12:00:00	2389.78	2419.10	2386.93	2414.24	61603	0	6
2024.05.17	18:00:00	2414.25	2422.75	2411.56	2414.73	15436	0	6
2024.05.19	18:00:00	2418.30	2420.66	2417.27	2420.35	3499	0	6
2024.05.20	00:00:00	2420.34	2450.08	2416.58	2449.59	43285	0	6
2024.05.20	06:00:00	2449.57	2449.80	2427.72	2430.66	47821	0	6
2024.05.20	12:00:00	2430.65	2436.73	2407.43	2435.41	61851	0	6
2024.05.20	18:00:00	2435.39	2437.37	2423.33	2426.28	17684	0	6
2024.05.21	00:00:00	2426.29	2433.10	2406.45	2416.51	44569	0	6
2024.05.21	06:00:00	2416.50	2423.79	2408.62	2423.49	45153	0	6
2024.05.21	12:00:00	2423.49	2433.98	2418.11	2419.96	57320	0	6
2024.05.21	18:00:00	2419.96	2425.05	2417.46	2421.80	11128	0	6
2024.05.22	00:00:00	2421.80	2426.56	2411.59	2417.16	34121	0	6
2024.05.22	06:00:00	2417.20	2419.38	2404.92	2408.70	41868	0	6
2024.05.22	12:00:00	2408.73	2415.09	2382.31	2388.61	62730	0	6
2024.05.22	18:00:00	2388.52	2390.76	2375.00	2382.31	23136	0	6
2024.05.23	00:00:00	2382.34	2383.73	2358.38	2359.76	39841	0	6
2024.05.23	06:00:00	2359.95	2369.45	2354.99	2368.12	45204	0	6
2024.05.23	12:00:00	2368.11	2369.89	2332.02	2332.19	67422	0	6
2024.05.23	18:00:00	2332.22	2336.44	2327.12	2332.04	17920	0	6
2024.05.24	00:00:00	2332.07	2339.32	2325.44	2338.57	33394	0	6
2024.05.24	06:00:00	2338.62	2343.92	2335.27	2338.27	35769	0	6
2024.05.24	12:00:00	2338.26	2347.44	2331.97	2332.73	49185	0	6
2024.05.24	18:00:00	2332.73	2336.80	2331.93	2333.87	8491	0	6
2024.05.26	18:00:00	2339.08	2340.70	2336.64	2337.25	2157	0	6
2024.05.27	00:00:00	2337.25	2347.61	2334.52	2343.78	27025	0	6
2024.05.27	06:00:00	2343.78	2346.25	2338.20	2345.17	26259	0	6
2024.05.27	12:00:00	2345.18	2358.49	2343.76	2354.41	36999	0	6
2024.05.27	18:00:00	2351.53	2352.79	2351.13	2352.51	1448	0	6
2024.05.28	00:00:00	2352.53	2356.41	2349.23	2350.45	30348	0	6
2024.05.28	06:00:00	2350.44	2350.44	2340.32	2347.48	35252	0	6
2024.05.28	12:00:00	2347.46	2364.07	2345.99	2356.93	60370	0	6
2024.05.28	18:00:00	2356.91	2361.41	2352.84	2359.95	12959	0	6
2024.05.29	00:00:00	2359.95	2361.35	2354.47	2356.76	32641	0	6
2024.05.29	06:00:00	2356.76	2356.79	2338.61	2341.73	40599	0	6
2024.05.29	12:00:00	2341.69	2347.21	2334.62	2343.68	49562	0	6
2024.05.29	18:00:00	2343.68	2344.36	2336.01	2338.44	12225	0	6
2024.05.30	00:00:00	2338.44	2339.88	2322.63	2325.03	43033	0	6
2024.05.30	06:00:00	2325.03	2340.93	2324.09	2335.86	41643	0	6
2024.05.30	12:00:00	2335.84	2351.80	2332.06	2344.48	54875	0	6
2024.05.30	18:00:00	2344.46	2346.43	2339.97	2344.07	11906	0	6
2024.05.31	00:00:00	2344.05	2347.76	2337.05	2342.47	37605	0	6
2024.05.31	06:00:00	2342.45	2347.10	2339.75	2343.94	32376	0	6
2024.05.31	12:00:00	2343.90	2359.76	2324.01	2326.00	66742	0	6
2024.05.31	18:00:00	2326.01	2330.65	2320.63	2327.25	14155	0	6
2024.06.02	18:00:00	2326.13	2326.67	2324.09	2325.94	2199	0	6
2024.06.03	00:00:00	2325.97	2331.06	2315.40	2320.22	37282	0	6
2024.06.03	06:00:00	2320.20	2333.33	2314.78	2330.02	39361	0	5
2024.06.03	12:00:00	2330.02	2354.75	2325.74	2348.47	56706	0	5
2024.06.03	18:00:00	2348.47	2351.21	2344.78	2350.62	12579	0	5
2024.06.04	00:00:00	2350.64	2352.85	2343.18	2347.80	30195	0	5
2024.06.04	06:00:00	2347.80	2351.79	2325.39	2328.04	46712	0	5
2024.06.04	12:00:00	2328.03	2338.00	2315.70	2328.88	58774	0	5
2024.06.04	18:00:00	2328.88	2329.85	2326.06	2328.87	11254	0	5
2024.06.05	00:00:00	2328.87	2341.71	2325.94	2337.45	28616	0	5
2024.06.05	06:00:00	2337.45	2338.50	2328.10	2332.53	33059	0	5
2024.06.05	12:00:00	2332.53	2357.42	2332.27	2355.14	56709	0	5
2024.06.05	18:00:00	2355.14	2357.59	2352.69	2355.07	12347	0	5
2024.06.06	00:00:00	2355.07	2374.94	2354.63	2367.81	38335	0	5
2024.06.06	06:00:00	2367.81	2368.35	2358.58	2359.81	30846	0	5
2024.06.06	12:00:00	2359.81	2378.53	2353.57	2373.16	58205	0	5
2024.06.06	18:00:00	2373.17	2378.21	2369.00	2376.92	13960	0	5
2024.06.07	00:00:00	2376.91	2387.73	2369.45	2375.94	36080	0	5
2024.06.07	06:00:00	2375.94	2379.38	2330.94	2336.66	47331	0	5
2024.06.07	12:00:00	2336.63	2339.38	2303.09	2305.50	62544	0	5
2024.06.07	18:00:00	2305.54	2307.19	2286.83	2293.82	16554	0	5
2024.06.09	18:00:00	2297.10	2300.11	2296.58	2298.57	2685	0	5
2024.06.10	00:00:00	2298.63	2301.34	2292.18	2295.71	23915	0	5
2024.06.10	06:00:00	2295.82	2305.32	2287.79	2305.12	34781	0	5
2024.06.10	12:00:00	2305.12	2313.79	2300.43	2311.91	43197	0	5
2024.06.10	18:00:00	2311.91	2312.29	2308.52	2310.00	8800	0	5
2024.06.11	00:00:00	2309.97	2312.02	2297.81	2299.61	35874	0	5
2024.06.11	06:00:00	2299.68	2308.88	2298.77	2307.65	31236	0	5
2024.06.11	12:00:00	2307.65	2319.93	2305.93	2312.87	48498	0	5
2024.06.11	18:00:00	2312.88	2316.99	2312.18	2315.20	10135	0	5
2024.06.12	00:00:00	2315.20	2316.78	2310.77	2315.03	27339	0	5
2024.06.12	06:00:00	2315.04	2317.78	2310.87	2312.95	25293	0	5
2024.06.12	12:00:00	2312.83	2341.67	2311.67	2334.69	57534	0	5
2024.06.12	18:00:00	2334.54	2334.54	2315.90	2320.63	27955	0	5
2024.06.13	00:00:00	2320.63	2322.98	2308.22	2311.68	33658	0	5
2024.06.13	06:00:00	2311.66	2320.01	2304.00	2307.05	31679	0	5
2024.06.13	12:00:00	2307.06	2326.68	2295.63	2301.45	58339	0	5
2024.06.13	18:00:00	2301.47	2305.00	2300.14	2302.36	9421	0	5
2024.06.14	00:00:00	2302.36	2311.65	2301.58	2309.92	30835	0	5
2024.06.14	06:00:00	2309.91	2336.65	2307.52	2332.04	42728	0	5
2024.06.14	12:00:00	2332.04	2335.61	2324.09	2334.19	51303	0	5
2024.06.14	18:00:00	2334.19	2335.46	2331.04	2332.66	9294	0	5
2024.06.16	18:00:00	2328.83	2329.73	2327.45	2329.00	2068	0	5
2024.06.17	00:00:00	2328.95	2329.00	2317.88	2318.67	30088	0	5
2024.06.17	06:00:00	2318.65	2322.65	2315.53	2318.21	32302	0	5
2024.06.17	12:00:00	2318.21	2327.60	2310.07	2316.80	42452	0	5
2024.06.17	18:00:00	2316.80	2321.03	2316.25	2320.78	10396	0	5
2024.06.18	00:00:00	2320.78	2325.70	2319.28	2322.22	28813	0	5
2024.06.18	06:00:00	2322.22	2322.76	2306.64	2313.47	30708	0	5
2024.06.18	12:00:00	2313.47	2333.15	2311.56	2329.74	47915	0	5
2024.06.18	18:00:00	2329.75	2331.54	2327.51	2328.35	8657	0	5
2024.06.19	00:00:00	2328.38	2331.80	2326.56	2329.33	19345	0	5
2024.06.19	06:00:00	2329.43	2335.03	2325.85	2330.50	23598	0	5
2024.06.19	12:00:00	2330.50	2332.92	2323.88	2330.48	22450	0	5
2024.06.19	18:00:00	2329.99	2330.18	2328.76	2329.43	1233	0	5
2024.06.20	00:00:00	2329.43	2344.91	2327.79	2340.35	29908	0	5
2024.06.20	06:00:00	2340.35	2345.69	2331.68	2339.30	30718	0	5
2024.06.20	12:00:00	2339.29	2365.49	2335.46	2357.46	46977	0	5
2024.06.20	18:00:00	2357.50	2361.15	2357.36	2360.89	9376	0	5
2024.06.21	00:00:00	2360.91	2365.67	2357.16	2364.60	25508	0	5
2024.06.21	06:00:00	2364.60	2368.75	2355.18	2366.30	32768	0	5
2024.06.21	12:00:00	2366.31	2368.12	2316.79	2319.32	52530	0	5
2024.06.21	18:00:00	2319.32	2323.40	2316.82	2321.69	9014	0	5
2024.06.23	18:00:00	2321.33	2321.38	2317.76	2319.25	2126	0	5
2024.06.24	00:00:00	2319.25	2327.23	2318.02	2325.23	29974	0	5
2024.06.24	06:00:00	2325.17	2332.83	2320.94	2326.26	30153	0	5
2024.06.24	12:00:00	2326.26	2333.91	2323.34	2332.05	36564	0	5
2024.06.24	18:00:00	2332.10	2334.70	2330.28	2330.89	8907	0	5
2024.06.25	00:00:00	2330.97	2331.00	2322.79	2325.02	26495	0	5
2024.06.25	06:00:00	2325.02	2337.09	2322.97	2330.21	29531	0	5
2024.06.25	12:00:00	2330.21	2330.51	2315.55	2319.15	42216	0	5
2024.06.25	18:00:00	2319.16	2321.48	2317.08	2320.07	8312	0	5
2024.06.26	00:00:00	2320.07	2324.07	2310.66	2312.09	30385	0	5
2024.06.26	06:00:00	2312.09	2318.46	2304.40	2313.08	33946	0	5
2024.06.26	12:00:00	2313.08	2317.86	2293.69	2301.96	44504	0	5
2024.06.26	18:00:00	2301.96	2302.10	2296.83	2298.43	9013	0	5
2024.06.27	00:00:00	2298.43	2301.19	2296.88	2297.58	22372	0	5
2024.06.27	06:00:00	2297.58	2317.90	2296.57	2317.12	28740	0	5
2024.06.27	12:00:00	2317.12	2330.96	2316.22	2325.90	44626	0	5
2024.06.27	18:00:00	2325.93	2328.59	2322.52	2327.76	7470	0	5
2024.06.28	00:00:00	2327.76	2328.29	2319.15	2325.79	28561	0	5
2024.06.28	06:00:00	2325.79	2337.17	2324.87	2333.98	29123	0	5
2024.06.28	12:00:00	2333.98	2339.82	2322.92	2326.89	44422	0	5
2024.06.28	18:00:00	2326.90	2328.47	2322.94	2326.52	8400	0	5
2024.06.30	18:00:00	2323.38	2326.03	2323.02	2324.61	1172	0	5
2024.07.01	00:00:00	2324.61	2328.61	2321.48	2323.71	23474	0	5
2024.07.01	06:00:00	2323.70	2332.63	2318.57	2332.61	31660	0	5
2024.07.01	12:00:00	2332.61	2338.56	2319.36	2328.20	45297	0	3
2024.07.01	18:00:00	2328.20	2332.45	2326.81	2331.87	10777	0	4
2024.07.02	00:00:00	2331.89	2334.39	2324.98	2327.35	19020	0	4
2024.07.02	06:00:00	2327.35	2332.52	2322.95	2324.59	28185	0	3
2024.07.02	12:00:00	2324.60	2336.82	2319.15	2322.90	44533	0	1
2024.07.02	18:00:00	2322.90	2331.37	2322.13	2330.11	11253	0	2
2024.07.03	00:00:00	2330.09	2335.31	2326.91	2334.54	17220	0	1
2024.07.03	06:00:00	2334.54	2349.54	2332.06	2347.04	32426	0	2
2024.07.03	12:00:00	2347.04	2364.99	2342.48	2356.67	49842	0	3
2024.07.03	18:00:00	2356.68	2360.90	2353.79	2358.90	9919	0	2
2024.07.04	00:00:00	2358.90	2362.52	2356.53	2358.55	17495	0	1
2024.07.04	06:00:00	2358.55	2359.66	2350.61	2358.09	21760	0	0
2024.07.04	12:00:00	2358.09	2361.87	2355.60	2357.90	22607	0	3
2024.07.04	18:00:00	2357.90	2358.11	2354.32	2357.50	2353	0	3
2024.07.05	00:00:00	2357.50	2364.73	2356.09	2364.02	21580	0	2
2024.07.05	06:00:00	2364.02	2368.14	2361.94	2365.07	26894	0	2
2024.07.05	12:00:00	2365.04	2388.39	2352.65	2386.55	51179	0	3
2024.07.05	18:00:00	2386.56	2392.96	2384.63	2391.36	16005	0	2
2024.07.07	18:00:00	2389.60	2390.25	2385.02	2385.42	1784	0	4
2024.07.08	00:00:00	2385.40	2391.16	2380.82	2385.00	25477	0	2
2024.07.08	06:00:00	2385.03	2386.83	2368.36	2374.17	33528	0	3
2024.07.08	12:00:00	2374.17	2379.60	2351.18	2358.73	44897	0	3
2024.07.08	18:00:00	2358.73	2359.89	2354.95	2359.86	11955	0	0
2024.07.09	00:00:00	2359.86	2368.83	2359.86	2367.45	24269	0	1
2024.07.09	06:00:00	2367.43	2368.40	2358.32	2363.13	26558	0	2
2024.07.09	12:00:00	2363.14	2371.55	2349.52	2357.55	47537	0	2
2024.07.09	18:00:00	2357.56	2365.67	2357.55	2364.48	12734	0	2
2024.07.10	00:00:00	2364.47	2370.39	2363.36	2367.78	20138	0	3
2024.07.10	06:00:00	2367.77	2375.39	2367.24	2372.56	24639	0	4
2024.07.10	12:00:00	2372.56	2386.73	2372.56	2377.92	39352	0	4
2024.07.10	18:00:00	2377.94	2378.58	2369.99	2372.86	13534	0	2
2024.07.11	00:00:00	2372.86	2382.52	2371.53	2382.06	19473	0	1
2024.07.11	06:00:00	2382.06	2384.64	2378.57	2382.39	24840	0	4
2024.07.11	12:00:00	2382.39	2424.61	2377.40	2411.71	58510	0	1
2024.07.11	18:00:00	2411.71	2418.70	2410.11	2414.13	17022	0	0
2024.07.12	00:00:00	2414.07	2416.34	2406.69	2408.65	23906	0	4
2024.07.12	06:00:00	2408.65	2410.14	2399.88	2400.23	30610	0	3
2024.07.12	12:00:00	2400.24	2416.98	2391.52	2415.97	49061	0	2
2024.07.12	18:00:00	2415.98	2418.33	2410.68	2411.11	11391	0	4
2024.07.14	18:00:00	2411.27	2412.24	2406.98	2407.65	3151	0	1
2024.07.15	00:00:00	2407.65	2413.42	2405.03	2411.56	23367	0	1
2024.07.15	06:00:00	2411.56	2415.87	2401.40	2414.87	30782	0	1
2024.07.15	12:00:00	2414.81	2439.66	2411.54	2430.29	49756	0	3
2024.07.15	18:00:00	2430.28	2430.33	2419.85	2421.05	18779	0	1
2024.07.16	00:00:00	2421.05	2431.50	2420.08	2429.33	21471	0	1
2024.07.16	06:00:00	2429.33	2443.39	2428.22	2440.12	37251	0	1
2024.07.16	12:00:00	2440.16	2465.33	2429.52	2459.23	54024	0	1
2024.07.16	18:00:00	2459.23	2470.01	2458.81	2469.08	17569	0	1
2024.07.17	00:00:00	2469.08	2482.41	2464.09	2467.87	35779	0	3
2024.07.17	06:00:00	2467.87	2478.93	2461.90	2467.90	48841	0	2
2024.07.17	12:00:00	2467.90	2483.72	2452.89	2455.70	58112	0	0
2024.07.17	18:00:00	2455.71	2460.44	2451.56	2459.28	17023	0	2
2024.07.18	00:00:00	2459.31	2469.02	2457.48	2465.33	29661	0	1
2024.07.18	06:00:00	2465.33	2474.98	2461.65	2464.27	37358	0	1
2024.07.18	12:00:00	2464.27	2469.91	2455.93	2456.24	48447	0	2
2024.07.18	18:00:00	2456.24	2457.60	2440.40	2444.45	19598	0	3
2024.07.19	00:00:00	2444.45	2445.24	2420.56	2425.57	36653	0	0
2024.07.19	06:00:00	2425.57	2426.22	2410.77	2412.52	41908	0	0
2024.07.19	12:00:00	2412.52	2414.42	2393.88	2399.69	51957	0	0
2024.07.19	18:00:00	2399.69	2400.86	2395.74	2400.69	14749	0	4
2024.07.21	18:00:00	2403.75	2411.73	2402.57	2411.42	2539	0	0
2024.07.22	00:00:00	2411.38	2412.19	2403.29	2405.73	29750	0	0
2024.07.22	06:00:00	2405.73	2408.45	2399.09	2406.93	36612	0	0
2024.07.22	12:00:00	2406.93	2407.67	2383.89	2393.08	48463	0	0
2024.07.22	18:00:00	2393.08	2400.09	2391.87	2395.24	11915	0	1
2024.07.23	00:00:00	2395.24	2404.03	2394.86	2396.58	29660	0	2
2024.07.23	06:00:00	2396.59	2408.33	2388.33	2407.75	39249	0	4
2024.07.23	12:00:00	2407.74	2412.06	2399.61	2405.40	42055	0	3
2024.07.23	18:00:00	2405.39	2410.03	2402.70	2409.45	13361	0	1
2024.07.24	00:00:00	2409.42	2418.41	2405.06	2417.89	29675	0	3
2024.07.24	06:00:00	2417.91	2419.24	2409.87	2413.70	36867	0	1
2024.07.24	12:00:00	2413.70	2432.03	2410.66	2419.06	48573	0	0
2024.07.24	18:00:00	2419.07	2419.63	2393.12	2397.91	24057	0	1
2024.07.25	00:00:00	2397.91	2401.26	2366.88	2377.68	47033	0	2
2024.07.25	06:00:00	2377.70	2382.57	2365.94	2381.31	46077	0	0
2024.07.25	12:00:00	2381.31	2381.80	2357.65	2362.71	61384	0	0
2024.07.25	18:00:00	2362.70	2365.48	2353.22	2363.36	22844	0	0
2024.07.26	00:00:00	2363.35	2379.50	2355.89	2369.91	35408	0	3
2024.07.26	06:00:00	2369.86	2375.40	2365.31	2372.80	36716	0	0
2024.07.26	12:00:00	2372.80	2390.82	2370.34	2389.23	49722	0	0
2024.07.26	18:00:00	2389.24	2389.27	2381.21	2387.10	15616	0	0
2024.07.28	18:00:00	2387.99	2403.22	2387.94	2395.84	4456	0	2
2024.07.29	00:00:00	2395.84	2402.56	2388.77	2394.95	37859	0	1
2024.07.29	06:00:00	2394.97	2396.25	2387.00	2392.64	38014	0	2
2024.07.29	12:00:00	2392.60	2396.79	2369.76	2378.14	48694	0	0
2024.07.29	18:00:00	2378.16	2385.47	2376.99	2384.12	18361	0	3
2024.07.30	00:00:00	2384.12	2388.36	2376.59	2386.45	28053	0	1
2024.07.30	06:00:00	2386.45	2392.43	2386.13	2391.60	34094	0	2
2024.07.30	12:00:00	2391.68	2400.37	2383.48	2400.11	50455	0	0
2024.07.30	18:00:00	2399.93	2412.75	2399.93	2409.26	24167	0	0
2024.07.31	00:00:00	2409.26	2421.47	2403.70	2421.27	35210	0	1
2024.07.31	06:00:00	2421.27	2425.55	2415.46	2418.55	41961	0	0
2024.07.31	12:00:00	2418.54	2429.05	2417.40	2426.94	48780	0	1
2024.07.31	18:00:00	2427.04	2450.95	2421.59	2447.66	34281	0	1
2024.08.01	00:00:00	2447.66	2458.41	2437.40	2444.30	41932	0	1
2024.08.01	06:00:00	2444.30	2448.90	2430.29	2435.21	44169	0	3
2024.08.01	12:00:00	2435.20	2462.33	2434.40	2444.57	62900	0	2
2024.08.01	18:00:00	2444.58	2447.61	2435.00	2445.23	29126	0	1
2024.08.02	00:00:00	2445.23	2460.39	2435.06	2457.92	40634	0	2
2024.08.02	06:00:00	2457.92	2468.51	2457.73	2463.56	44036	0	1
2024.08.02	12:00:00	2463.58	2477.54	2411.07	2430.56	74982	0	0
2024.08.02	18:00:00	2430.54	2442.44	2423.09	2441.84	23671	0	1
2024.08.04	18:00:00	2440.18	2446.37	2437.68	2441.46	4496	0	2
2024.08.05	00:00:00	2441.49	2458.83	2414.11	2452.77	56152	0	1
2024.08.05	06:00:00	2452.71	2452.71	2408.16	2408.60	66925	0	0
2024.08.05	12:00:00	2408.60	2412.20	2364.37	2403.11	83221	0	0
2024.08.05	18:00:00	2403.11	2413.08	2400.33	2409.01	33807	0	1
2024.08.06	00:00:00	2409.03	2418.41	2404.48	2408.12	46293	0	2
2024.08.06	06:00:00	2408.12	2416.37	2394.91	2412.46	52354	0	1
2024.08.06	12:00:00	2412.46	2415.37	2381.84	2390.08	65183	0	1
2024.08.06	18:00:00	2390.07	2396.05	2386.52	2388.69	26561	0	1
2024.08.07	00:00:00	2388.68	2394.82	2379.11	2392.87	43974	0	1
2024.08.07	06:00:00	2392.86	2398.17	2388.10	2397.57	41126	0	0
2024.08.07	12:00:00	2397.54	2407.08	2392.07	2399.75	51366	0	0
2024.08.07	18:00:00	2399.72	2399.76	2381.06	2383.78	27044	0	0
2024.08.08	00:00:00	2383.80	2396.50	2382.88	2394.42	42915	0	1
2024.08.08	06:00:00	2394.45	2406.46	2392.56	2405.35	41256	0	1
2024.08.08	12:00:00	2405.24	2424.38	2402.37	2418.12	59371	0	0
2024.08.08	18:00:00	2418.13	2427.60	2415.86	2425.88	22255	0	0
2024.08.09	00:00:00	2425.87	2428.95	2419.43	2423.99	32479	0	1
2024.08.09	06:00:00	2423.97	2431.54	2416.95	2430.53	34660	0	1
2024.08.09	12:00:00	2430.54	2436.00	2421.21	2434.53	50567	0	0
2024.08.09	18:00:00	2434.53	2437.08	2427.31	2430.87	15838	0	1
2024.08.11	18:00:00	2428.37	2433.53	2427.40	2430.55	2748	0	0
2024.08.12	00:00:00	2430.56	2433.58	2423.92	2433.45	23807	0	0
2024.08.12	06:00:00	2433.43	2445.10	2429.20	2443.87	33179	0	0
2024.08.12	12:00:00	2443.86	2466.16	2439.73	2463.18	48699	0	0
2024.08.12	18:00:00	2463.20	2474.09	2461.79	2473.81	19415	0	0
2024.08.13	00:00:00	2473.81	2476.96	2460.27	2462.07	36178	0	1
2024.08.13	06:00:00	2462.07	2466.15	2458.52	2462.23	37788	0	0
2024.08.13	12:00:00	2462.23	2475.52	2459.03	2469.55	48235	0	0
2024.08.13	18:00:00	2469.56	2470.34	2462.30	2465.59	16165	0	0
2024.08.14	00:00:00	2465.59	2472.59	2455.37	2461.89	34736	0	0
2024.08.14	06:00:00	2461.88	2478.61	2459.34	2475.04	37039	0	0
2024.08.14	12:00:00	2475.04	2479.80	2438.15	2444.25	59125	0	0
2024.08.14	18:00:00	2444.24	2448.69	2440.41	2447.97	18015	0	0
2024.08.15	00:00:00	2447.96	2455.51	2447.28	2453.47	30062	0	0
2024.08.15	06:00:00	2453.46	2460.33	2450.43	2458.22	31206	0	0
2024.08.15	12:00:00	2458.23	2470.11	2432.24	2455.77	58291	0	0
2024.08.15	18:00:00	2455.77	2461.64	2453.54	2454.91	18669	0	0
2024.08.16	00:00:00	2454.94	2460.09	2450.83	2452.78	29352	0	0
2024.08.16	06:00:00	2452.78	2468.27	2451.20	2464.66	34631	0	0
2024.08.16	12:00:00	2464.66	2500.07	2464.66	2495.94	57565	0	0
2024.08.16	18:00:00	2495.94	2509.75	2493.20	2507.73	20092	0	0
2024.08.18	18:00:00	2505.92	2506.18	2502.21	2504.94	3551	0	4
2024.08.19	00:00:00	2504.96	2506.87	2495.03	2500.71	30743	0	4
2024.08.19	06:00:00	2500.72	2507.18	2489.60	2489.85	31551	0	4
2024.08.19	12:00:00	2489.84	2507.55	2485.72	2505.55	39922	0	4
2024.08.19	18:00:00	2505.56	2505.88	2500.79	2504.35	12957	0	4
2024.08.20	00:00:00	2504.38	2508.28	2498.76	2500.87	24438	0	4
2024.08.20	06:00:00	2500.88	2525.23	2497.38	2522.94	32939	0	4
2024.08.20	12:00:00	2522.93	2531.69	2500.97	2509.16	42597	0	4
2024.08.20	18:00:00	2509.17	2516.94	2506.84	2514.81	14103	0	4
2024.08.21	00:00:00	2514.82	2519.98	2510.98	2516.21	25546	0	4
2024.08.21	06:00:00	2516.22	2519.62	2504.52	2509.44	27702	0	4
2024.08.21	12:00:00	2509.46	2513.72	2494.10	2507.14	40310	0	4
2024.08.21	18:00:00	2507.17	2519.15	2506.97	2514.04	17530	0	4
2024.08.22	00:00:00	2514.05	2514.70	2499.39	2502.04	26775	0	4
2024.08.22	06:00:00	2501.98	2510.63	2500.77	2505.39	30621	0	4
2024.08.22	12:00:00	2505.40	2506.03	2470.85	2484.34	43338	0	4
2024.08.22	18:00:00	2484.33	2485.68	2478.63	2485.20	15852	0	4
2024.08.23	00:00:00	2485.20	2494.54	2485.02	2493.44	25002	0	4
2024.08.23	06:00:00	2493.45	2501.88	2490.67	2499.07	27616	0	4
2024.08.23	12:00:00	2499.08	2518.37	2494.49	2510.31	44765	0	4
2024.08.23	18:00:00	2510.32	2513.25	2508.00	2512.49	15692	0	4
2024.08.25	18:00:00	2512.08	2514.63	2511.13	2513.08	1816	0	4
2024.08.26	00:00:00	2513.10	2516.96	2509.04	2509.67	30283	0	4
2024.08.26	06:00:00	2509.66	2526.66	2508.80	2524.97	29805	0	4
2024.08.26	12:00:00	2524.97	2526.86	2510.70	2520.22	39334	0	4
2024.08.26	18:00:00	2520.25	2523.41	2515.69	2517.36	14120	0	4
2024.08.27	00:00:00	2517.39	2517.73	2505.91	2507.39	23334	0	4
2024.08.27	06:00:00	2507.39	2517.59	2503.60	2509.02	32626	0	4
2024.08.27	12:00:00	2509.05	2520.24	2503.64	2514.45	38282	0	4
2024.08.27	18:00:00	2514.47	2526.04	2514.18	2525.67	16581	0	4
2024.08.28	00:00:00	2525.68	2529.06	2510.33	2511.58	22065	0	4
2024.08.28	06:00:00	2511.58	2511.71	2502.72	2505.43	30261	0	4
2024.08.28	12:00:00	2505.41	2510.59	2493.73	2501.96	39474	0	4
2024.08.28	18:00:00	2501.97	2509.64	2500.64	2507.30	17640	0	4
2024.08.29	00:00:00	2507.23	2518.25	2506.55	2515.98	21033	0	4
2024.08.29	06:00:00	2515.88	2524.43	2513.88	2523.19	28377	0	4
2024.08.29	12:00:00	2523.17	2526.72	2503.69	2525.34	41659	0	4
2024.08.29	18:00:00	2525.33	2528.70	2520.57	2520.98	18550	0	4
2024.08.30	00:00:00	2521.00	2521.01	2512.28	2513.44	23352	0	4
2024.08.30	06:00:00	2513.45	2526.86	2512.58	2515.31	33499	0	4
2024.08.30	12:00:00	2515.35	2524.79	2496.66	2497.78	56101	0	4
2024.08.30	18:00:00	2497.70	2504.74	2494.29	2503.23	19090	0	4
2024.09.01	18:00:00	2502.76	2504.89	2502.60	2503.51	1295	0	4
2024.09.02	00:00:00	2503.52	2505.03	2490.16	2496.98	25517	0	4
2024.09.02	06:00:00	2497.01	2507.33	2495.37	2499.28	32015	0	4
2024.09.02	12:00:00	2499.28	2503.28	2497.17	2500.59	26263	0	4
2024.09.02	18:00:00	2500.60	2501.37	2497.60	2497.81	1873	0	4
2024.09.03	00:00:00	2497.81	2498.54	2489.91	2495.99	28494	0	4
2024.09.03	06:00:00	2495.98	2506.34	2492.78	2497.36	38101	0	4
2024.09.03	12:00:00	2497.32	2502.19	2473.60	2486.16	59860	0	4
2024.09.03	18:00:00	2486.14	2494.48	2485.58	2493.14	17206	0	4
2024.09.04	00:00:00	2493.15	2496.92	2491.39	2495.96	23481	0	4
2024.09.04	06:00:00	2495.97	2496.64	2471.96	2489.05	40409	0	4
2024.09.04	12:00:00	2489.06	2500.28	2482.18	2496.79	51624	0	4
2024.09.04	18:00:00	2496.78	2497.42	2491.56	2495.43	15903	0	4
2024.09.05	00:00:00	2495.44	2499.33	2493.89	2494.35	22304	0	4
2024.09.05	06:00:00	2494.35	2517.31	2494.06	2516.32	37632	0	4
2024.09.05	12:00:00	2516.33	2523.50	2504.02	2510.44	54074	0	4
2024.09.05	18:00:00	2510.45	2516.90	2509.34	2516.24	14467	0	4
2024.09.06	00:00:00	2516.23	2519.53	2513.08	2518.48	20991	0	4
2024.09.06	06:00:00	2518.47	2521.90	2515.59	2518.99	29190	0	4
2024.09.06	12:00:00	2519.00	2529.18	2485.21	2489.14	72145	0	4
2024.09.06	18:00:00	2489.05	2497.86	2486.02	2497.37	20803	0	4
2024.09.08	18:00:00	2497.06	2498.04	2496.22	2497.93	1499	0	4
2024.09.09	00:00:00	2497.98	2500.47	2494.78	2498.30	27501	0	4
2024.09.09	06:00:00	2498.27	2499.22	2485.60	2494.46	43961	0	4
2024.09.09	12:00:00	2494.48	2505.33	2493.31	2504.43	43621	0	4
2024.09.09	18:00:00	2504.42	2507.24	2499.49	2507.11	14864	0	4
2024.09.10	00:00:00	2507.02	2507.71	2501.12	2501.81	22118	0	4
2024.09.10	06:00:00	2501.82	2509.71	2500.21	2505.71	33679	0	4
2024.09.10	12:00:00	2505.72	2518.47	2500.91	2514.44	49517	0	4
2024.09.10	18:00:00	2514.45	2517.52	2512.16	2516.54	14684	0	4
2024.09.11	00:00:00	2516.57	2522.65	2515.04	2519.66	26880	0	4
2024.09.11	06:00:00	2519.63	2529.10	2519.41	2521.79	33940	0	4
2024.09.11	12:00:00	2521.80	2524.22	2488.00	2515.26	66957	0	4
2024.09.11	18:00:00	2515.25	2516.92	2509.85	2512.94	17506	0	4
2024.09.12	00:00:00	2512.93	2517.80	2511.09	2517.07	22042	0	4
2024.09.12	06:00:00	2517.12	2522.30	2513.24	2513.27	41856	0	4
2024.09.12	12:00:00	2513.26	2555.12	2513.10	2550.73	101436	0	4
2024.09.12	18:00:00	2550.72	2560.09	2550.16	2557.48	37355	0	4
2024.09.13	00:00:00	2557.51	2570.20	2556.72	2568.89	44839	0	4
2024.09.13	06:00:00	2568.87	2572.96	2563.17	2567.12	59389	0	4
2024.09.13	12:00:00	2567.13	2585.23	2563.73	2584.35	80273	0	4
2024.09.13	18:00:00	2584.34	2586.09	2577.10	2578.88	24639	0	4
2024.09.15	18:00:00	2578.22	2580.49	2577.71	2580.12	2924	0	4
2024.09.16	00:00:00	2580.15	2589.02	2578.33	2585.85	24902	0	4
2024.09.16	06:00:00	2585.86	2589.69	2575.34	2579.86	47697	0	4
2024.09.16	12:00:00	2579.86	2589.37	2576.20	2583.73	66693	0	4
2024.09.16	18:00:00	2583.73	2584.18	2579.68	2582.96	18039	0	4
2024.09.17	00:00:00	2583.03	2586.36	2575.02	2576.97	28463	0	4
2024.09.17	06:00:00	2576.96	2586.97	2569.82	2573.06	46901	0	4
2024.09.17	12:00:00	2573.12	2582.24	2561.49	2563.17	83618	0	4
2024.09.17	18:00:00	2563.18	2571.72	2560.84	2570.80	25945	0	4
2024.09.18	00:00:00	2570.78	2576.52	2568.05	2568.72	40170	0	4
2024.09.18	06:00:00	2568.70	2578.16	2565.79	2576.19	43860	0	4
2024.09.18	12:00:00	2576.19	2580.76	2568.10	2574.94	64071	0	3
2024.09.18	18:00:00	2574.95	2600.19	2547.02	2559.36	76499	0	4
2024.09.19	00:00:00	2559.35	2566.75	2551.29	2564.14	55865	0	4
2024.09.19	06:00:00	2564.15	2594.92	2564.04	2588.68	69836	0	4
2024.09.19	12:00:00	2588.69	2592.59	2569.87	2591.76	96928	0	4
2024.09.19	18:00:00	2591.77	2592.70	2586.00	2587.80	22713	0	4
2024.09.20	00:00:00	2587.72	2594.40	2584.87	2593.77	38158	0	4
2024.09.20	06:00:00	2593.81	2614.24	2592.48	2613.19	57550	0	4
2024.09.20	12:00:00	2613.24	2625.80	2602.70	2624.95	94234	0	4
2024.09.20	18:00:00	2624.93	2625.42	2617.88	2622.17	28893	0	4
2024.09.22	18:00:00	2621.06	2622.07	2619.78	2620.48	1510	0	4
2024.09.23	00:00:00	2620.48	2631.19	2616.14	2629.49	32833	0	4
2024.09.23	06:00:00	2629.46	2631.41	2613.91	2621.54	57759	0	4
2024.09.23	12:00:00	2621.57	2634.89	2620.11	2628.27	75319	0	4
2024.09.23	18:00:00	2628.23	2629.16	2625.74	2627.58	21795	0	4
2024.09.24	00:00:00	2627.55	2638.30	2623.87	2638.16	44287	0	4
2024.09.24	06:00:00	2638.17	2640.17	2622.72	2633.43	62889	0	4
2024.09.24	12:00:00	2633.42	2655.24	2623.44	2653.55	75994	0	4
2024.09.24	18:00:00	2653.57	2664.40	2649.86	2659.23	22655	0	4
2024.09.25	00:00:00	2659.19	2670.62	2655.58	2658.99	34531	0	4
2024.09.25	06:00:00	2658.91	2659.89	2651.54	2655.66	37611	0	4
2024.09.25	12:00:00	2655.66	2667.50	2649.82	2653.80	54993	0	4
2024.09.25	18:00:00	2653.79	2663.02	2653.20	2658.36	17451	0	4
2024.09.26	00:00:00	2658.31	2662.97	2655.47	2660.74	23197	0	4
2024.09.26	06:00:00	2660.73	2675.69	2658.06	2672.73	40424	0	4
2024.09.26	12:00:00	2672.64	2685.63	2654.88	2668.23	110067	0	4
2024.09.26	18:00:00	2668.12	2677.89	2667.63	2672.41	27595	0	4
2024.09.27	00:00:00	2672.46	2674.04	2666.31	2670.58	45974	0	4
2024.09.27	06:00:00	2670.59	2671.43	2658.40	2664.38	71425	0	4
2024.09.27	12:00:00	2664.37	2674.31	2644.83	2651.88	95956	0	4
2024.09.27	18:00:00	2651.89	2660.26	2643.15	2658.29	31737	0	4
2024.09.29	18:00:00	2662.10	2663.57	2659.89	2662.81	4769	0	4
2024.09.30	00:00:00	2662.78	2665.99	2647.42	2655.97	53590	0	4
2024.09.30	06:00:00	2655.98	2660.68	2635.86	2636.99	60613	0	4
2024.09.30	12:00:00	2636.97	2644.24	2628.87	2639.16	87130	0	4
2024.09.30	18:00:00	2639.18	2641.90	2624.72	2635.04	40561	0	4
2024.10.01	00:00:00	2635.07	2640.48	2634.00	2639.64	23803	0	4
2024.10.01	06:00:00	2639.65	2650.55	2639.63	2650.39	50040	0	4
2024.10.01	12:00:00	2650.40	2673.12	2646.93	2666.53	96586	0	4
2024.10.01	18:00:00	2666.55	2671.82	2657.63	2662.14	34886	0	4
2024.10.02	00:00:00	2662.15	2662.31	2652.75	2654.20	31926	0	4
2024.10.02	06:00:00	2654.21	2656.25	2644.59	2649.19	48769	0	4
2024.10.02	12:00:00	2649.16	2663.28	2641.18	2649.74	81302	0	4
2024.10.02	18:00:00	2649.73	2660.39	2647.24	2659.53	23482	0	4
2024.10.03	00:00:00	2659.54	2662.93	2653.37	2655.04	31935	0	4
2024.10.03	06:00:00	2655.05	2657.50	2641.03	2646.80	54894	0	4
2024.10.03	12:00:00	2646.84	2661.24	2639.66	2660.08	85319	0	4
2024.10.03	18:00:00	2660.10	2662.15	2654.47	2656.10	24595	0	4
2024.10.04	00:00:00	2656.09	2665.92	2654.39	2664.13	26725	0	4
2024.10.04	06:00:00	2664.14	2667.87	2656.92	2658.33	38706	0	4
2024.10.04	12:00:00	2658.32	2670.21	2632.04	2645.37	102598	0	4
2024.10.04	18:00:00	2645.40	2654.04	2642.80	2653.70	29214	0	4
2024.10.06	18:00:00	2651.26	2652.26	2650.06	2650.87	2733	0	4
2024.10.07	00:00:00	2650.88	2652.48	2643.93	2646.80	31205	0	4
2024.10.07	06:00:00	2646.81	2658.54	2639.76	2655.43	47921	0	4
2024.10.07	12:00:00	2655.41	2659.72	2637.80	2646.90	74185	0	4
2024.10.07	18:00:00	2646.91	2649.18	2639.74	2644.26	23405	0	4
2024.10.08	00:00:00	2644.27	2648.28	2633.83	2643.14	56403	0	4
2024.10.08	06:00:00	2643.15	2647.47	2628.61	2646.35	56582	0	4
2024.10.08	12:00:00	2646.39	2653.03	2604.81	2609.02	77281	0	4
2024.10.08	18:00:00	2609.03	2623.70	2605.60	2622.02	25709	0	4
2024.10.09	00:00:00	2622.05	2624.26	2614.98	2616.06	35118	0	4
2024.10.09	06:00:00	2616.05	2624.37	2609.21	2621.16	46267	0	4
2024.10.09	12:00:00	2621.11	2622.43	2605.32	2608.75	58371	0	4
2024.10.09	18:00:00	2608.80	2611.07	2605.22	2608.92	19880	0	4
2024.10.10	00:00:00	2608.88	2616.93	2605.99	2613.92	33849	0	4
2024.10.10	06:00:00	2613.95	2618.48	2610.28	2618.00	35984	0	4
2024.10.10	12:00:00	2618.01	2629.77	2603.36	2619.34	78030	0	4
2024.10.10	18:00:00	2619.33	2631.51	2616.59	2628.30	27292	0	4
2024.10.11	00:00:00	2628.32	2646.09	2628.32	2645.67	38202	0	4
2024.10.11	06:00:00	2645.57	2647.22	2636.31	2641.68	38119	0	4
2024.10.11	12:00:00	2641.67	2661.45	2638.75	2660.50	62055	0	4
2024.10.11	18:00:00	2660.51	2661.22	2654.77	2657.00	19238	0	4
2024.10.13	18:00:00	2651.03	2652.55	2646.95	2650.35	3646	0	4
2024.10.14	00:00:00	2650.36	2660.37	2643.23	2659.28	35211	0	4
2024.10.14	06:00:00	2659.26	2666.82	2655.87	2655.88	36254	0	4
2024.10.14	12:00:00	2655.90	2661.19	2644.07	2648.60	54671	0	4
2024.10.14	18:00:00	2648.59	2653.37	2646.18	2650.07	15822	0	4
2024.10.15	00:00:00	2650.09	2652.78	2642.98	2644.41	32194	0	4
2024.10.15	06:00:00	2644.40	2656.82	2638.19	2653.04	47458	0	4
2024.10.15	12:00:00	2653.06	2668.93	2645.69	2661.88	68577	0	4
2024.10.15	18:00:00	2661.89	2666.48	2659.06	2662.21	22601	0	4
2024.10.16	00:00:00	2662.22	2670.13	2658.76	2666.80	33897	0	4
2024.10.16	06:00:00	2666.82	2682.77	2666.19	2674.36	47925	0	4
2024.10.16	12:00:00	2674.37	2685.37	2666.81	2674.21	64678	0	4
2024.10.16	18:00:00	2674.28	2676.72	2672.85	2673.81	16218	0	4
2024.10.17	00:00:00	2673.80	2684.93	2673.50	2679.13	38420	0	4
2024.10.17	06:00:00	2679.12	2688.79	2677.02	2687.45	47740	0	4
2024.10.17	12:00:00	2687.46	2696.77	2673.21	2692.27	73368	0	4
2024.10.17	18:00:00	2692.29	2694.23	2688.96	2692.67	16917	0	4
2024.10.18	00:00:00	2692.72	2711.96	2692.38	2710.25	41114	0	4
2024.10.18	06:00:00	2710.34	2714.10	2701.73	2712.56	50348	0	4
2024.10.18	12:00:00	2712.57	2720.17	2705.02	2717.66	64872	0	4
2024.10.18	18:00:00	2717.67	2722.58	2713.68	2721.68	21993	0	4
2024.10.20	18:00:00	2723.13	2723.89	2720.44	2723.68	2530	0	4
2024.10.21	00:00:00	2723.65	2732.84	2721.14	2730.44	43695	0	4
2024.10.21	06:00:00	2730.46	2736.89	2723.65	2733.41	50665	0	4
2024.10.21	12:00:00	2733.40	2740.59	2716.97	2723.56	72134	0	4
2024.10.21	18:00:00	2723.57	2725.66	2714.23	2720.77	23882	0	4
2024.10.22	00:00:00	2720.78	2736.00	2720.48	2734.78	35058	0	4
2024.10.22	06:00:00	2734.77	2739.39	2729.09	2738.97	44608	0	4
2024.10.22	12:00:00	2738.97	2745.61	2729.57	2745.38	67079	0	4
2024.10.22	18:00:00	2745.41	2748.90	2743.59	2747.39	24200	0	4
2024.10.23	00:00:00	2747.40	2750.70	2737.99	2750.03	37261	0	4
2024.10.23	06:00:00	2750.02	2758.49	2748.16	2750.82	45164	0	4
2024.10.23	12:00:00	2750.83	2752.95	2708.75	2719.45	76121	0	4
2024.10.23	18:00:00	2719.46	2720.71	2712.02	2718.06	27252	0	4
2024.10.24	00:00:00	2718.07	2727.08	2717.91	2726.59	36114	0	4
2024.10.24	06:00:00	2726.60	2739.20	2725.93	2736.93	45151	0	4
2024.10.24	12:00:00	2736.88	2743.30	2722.51	2733.69	68993	0	4
2024.10.24	18:00:00	2733.68	2737.81	2732.93	2734.68	20207	0	4
2024.10.25	00:00:00	2734.69	2735.56	2723.99	2726.00	30423	0	4
2024.10.25	06:00:00	2726.04	2732.61	2717.08	2722.30	42845	0	4
2024.10.25	12:00:00	2722.29	2742.11	2721.26	2739.28	60610	0	4
2024.10.25	18:00:00	2739.30	2747.74	2738.89	2747.03	20551	0	4
2024.10.27	18:00:00	2736.69	2740.27	2734.81	2735.85	4348	0	4
2024.10.28	00:00:00	2735.86	2738.82	2724.76	2738.47	38083	0	4
2024.10.28	06:00:00	2738.48	2744.58	2727.92	2732.32	42248	0	4
2024.10.28	12:00:00	2732.33	2745.99	2731.29	2743.43	54863	0	4
2024.10.28	18:00:00	2743.44	2744.52	2740.22	2744.51	12706	0	4
2024.10.29	00:00:00	2744.50	2757.76	2743.34	2750.00	39824	0	4
2024.10.29	06:00:00	2749.98	2756.63	2746.37	2751.89	42345	0	4
2024.10.29	12:00:00	2751.82	2772.58	2748.30	2769.83	69114	0	4
2024.10.29	18:00:00	2769.84	2775.21	2768.31	2775.07	14928	0	4
2024.10.30	00:00:00	2775.10	2784.97	2774.91	2783.17	38347	0	4
2024.10.30	06:00:00	2783.18	2789.82	2778.34	2778.61	41701	0	4
2024.10.30	12:00:00	2778.60	2789.63	2770.93	2788.62	69571	0	4
2024.10.30	18:00:00	2788.63	2790.03	2784.46	2785.49	15881	0	4
2024.10.31	00:00:00	2785.50	2790.12	2782.18	2785.20	32057	0	4
2024.10.31	06:00:00	2785.19	2786.08	2773.39	2779.56	41466	0	4
2024.10.31	12:00:00	2779.57	2782.00	2731.58	2739.64	78063	0	4
2024.10.31	18:00:00	2739.64	2749.78	2739.59	2746.78	19472	0	4
2024.11.01	00:00:00	2746.82	2755.25	2744.92	2755.01	36753	0	4
2024.11.01	06:00:00	2755.03	2757.71	2744.87	2753.00	41509	0	4
2024.11.01	12:00:00	2753.09	2762.27	2735.09	2736.34	77360	0	4
2024.11.01	18:00:00	2736.33	2738.05	2733.26	2736.63	15961	0	4
2024.11.03	18:00:00	2733.02	2740.40	2732.62	2738.43	4172	0	4
2024.11.04	00:00:00	2738.42	2743.77	2735.42	2741.59	36954	0	4
2024.11.04	06:00:00	2741.60	2745.26	2731.93	2740.65	41651	0	4
2024.11.04	12:00:00	2740.63	2748.22	2731.83	2738.42	59665	0	4
2024.11.04	18:00:00	2738.43	2739.70	2735.66	2736.07	18670	0	4
2024.11.05	00:00:00	2736.08	2737.26	2724.75	2732.61	38383	0	4
2024.11.05	06:00:00	2732.62	2745.07	2731.80	2741.76	41017	0	4
2024.11.05	12:00:00	2741.75	2750.00	2733.11	2742.06	57893	0	4
2024.11.05	18:00:00	2742.07	2746.42	2739.45	2745.70	19408	0	4
2024.11.06	00:00:00	2745.68	2749.75	2730.76	2739.05	76240	0	4
2024.11.06	06:00:00	2739.07	2739.32	2696.25	2699.42	75180	0	4
2024.11.06	12:00:00	2699.21	2708.04	2652.51	2663.37	91577	0	4
2024.11.06	18:00:00	2663.39	2669.59	2659.09	2664.09	27811	0	4
2024.11.07	00:00:00	2664.07	2664.29	2643.41	2659.31	47628	0	4
2024.11.07	06:00:00	2659.25	2668.44	2652.85	2666.32	46765	0	4
2024.11.07	12:00:00	2666.35	2700.39	2664.37	2699.40	73006	0	4
2024.11.07	18:00:00	2699.41	2710.21	2687.74	2706.93	40816	0	4
2024.11.08	00:00:00	2706.92	2710.41	2693.36	2695.25	56822	0	4
2024.11.08	06:00:00	2695.26	2695.83	2680.36	2691.92	80081	0	4
2024.11.08	12:00:00	2691.93	2704.14	2682.97	2688.00	113614	0	4
2024.11.08	18:00:00	2688.01	2688.85	2682.92	2684.75	26815	0	4
2024.11.10	18:00:00	2682.61	2685.76	2681.61	2685.67	4583	0	4
2024.11.11	00:00:00	2685.66	2686.17	2666.55	2669.29	61275	0	4
2024.11.11	06:00:00	2669.30	2675.36	2659.06	2662.65	68364	0	4
2024.11.11	12:00:00	2662.64	2663.20	2611.50	2612.61	109449	0	4
2024.11.11	18:00:00	2612.60	2626.25	2610.69	2624.01	22506	0	4
2024.11.12	00:00:00	2624.02	2627.17	2605.46	2606.92	58867	0	4
2024.11.12	06:00:00	2606.91	2610.20	2589.69	2597.92	82663	0	4
2024.11.12	12:00:00	2597.96	2617.05	2592.53	2597.47	110363	0	4
2024.11.12	18:00:00	2597.47	2602.14	2595.23	2598.97	27345	0	4
2024.11.13	00:00:00	2598.98	2613.28	2598.10	2605.78	57704	0	4
2024.11.13	06:00:00	2605.77	2611.71	2601.11	2610.81	49948	0	4
2024.11.13	12:00:00	2610.85	2618.75	2577.68	2583.37	123622	0	4
2024.11.13	18:00:00	2583.38	2585.54	2569.40	2570.94	34873	0	4
2024.11.14	00:00:00	2570.93	2574.75	2555.37	2558.68	60604	0	4
2024.11.14	06:00:00	2558.67	2560.53	2536.86	2553.70	86780	0	4
2024.11.14	12:00:00	2553.71	2577.51	2550.16	2573.02	114015	0	4
2024.11.14	18:00:00	2573.04	2576.92	2563.98	2566.98	37008	0	4
2024.11.15	00:00:00	2566.97	2571.73	2559.78	2559.98	43693	0	4
2024.11.15	06:00:00	2559.96	2573.35	2554.47	2570.76	64001	0	4
2024.11.15	12:00:00	2570.80	2575.98	2560.19	2563.00	120679	0	4
2024.11.15	18:00:00	2563.01	2568.11	2559.50	2561.75	25745	0	4
2024.11.17	18:00:00	2568.37	2575.55	2568.37	2571.46	6585	0	4
2024.11.18	00:00:00	2571.41	2597.25	2569.89	2585.61	64670	0	4
2024.11.18	06:00:00	2585.60	2597.32	2580.46	2594.44	70174	0	4
2024.11.18	12:00:00	2594.40	2615.11	2590.44	2610.44	93664	0	4
2024.11.18	18:00:00	2610.45	2613.09	2607.76	2612.64	22184	0	4
2024.11.19	00:00:00	2612.66	2625.56	2611.13	2622.61	56407	0	4
2024.11.19	06:00:00	2622.62	2636.52	2617.83	2629.59	77230	0	4
2024.11.19	12:00:00	2629.62	2639.48	2621.05	2628.12	110596	0	4
2024.11.19	18:00:00	2628.14	2635.53	2626.37	2635.19	25292	0	4
2024.11.20	00:00:00	2635.17	2641.85	2634.75	2636.93	46827	0	4
2024.11.20	06:00:00	2636.90	2637.13	2618.89	2628.14	66499	0	4
2024.11.20	12:00:00	2628.13	2655.45	2627.11	2651.86	88297	0	4
2024.11.20	18:00:00	2651.89	2653.18	2645.49	2652.21	28148	0	4
2024.11.21	00:00:00	2652.24	2660.43	2650.46	2656.97	46833	0	4
2024.11.21	06:00:00	2656.96	2673.53	2656.61	2671.52	59233	0	4
2024.11.21	12:00:00	2671.57	2672.85	2660.49	2671.88	102569	0	4
2024.11.21	18:00:00	2671.89	2673.54	2667.87	2669.19	27041	0	4
2024.11.22	00:00:00	2669.20	2692.39	2668.89	2686.68	47912	0	4
2024.11.22	06:00:00	2686.70	2710.17	2685.91	2698.89	80686	0	3
2024.11.22	12:00:00	2698.88	2707.31	2684.50	2706.88	109959	0	4
2024.11.22	18:00:00	2706.90	2715.33	2705.14	2714.60	25669	0	4
2024.11.24	18:00:00	2712.34	2721.40	2710.71	2719.88	9007	0	4
2024.11.25	00:00:00	2719.87	2720.21	2658.33	2664.79	102256	0	4
2024.11.25	06:00:00	2664.80	2688.79	2661.74	2686.84	85625	0	4
2024.11.25	12:00:00	2686.87	2687.94	2624.66	2627.88	131739	0	4
2024.11.25	18:00:00	2627.89	2628.80	2605.27	2610.48	43373	0	4
2024.11.26	00:00:00	2610.51	2632.21	2608.69	2624.41	78791	0	4
2024.11.26	06:00:00	2624.44	2633.29	2610.90	2633.28	75609	0	4
2024.11.26	12:00:00	2633.29	2641.96	2616.83	2625.00	108382	0	4
2024.11.26	18:00:00	2624.98	2634.19	2619.62	2632.30	32087	0	4
2024.11.27	00:00:00	2632.31	2645.80	2627.13	2642.07	53632	0	4
2024.11.27	06:00:00	2642.06	2653.83	2639.05	2651.17	64071	0	4
2024.11.27	12:00:00	2651.18	2658.24	2635.34	2637.29	105276	0	4
2024.11.27	18:00:00	2637.28	2640.82	2633.91	2637.13	21988	0	4
2024.11.28	00:00:00	2637.18	2638.46	2620.98	2633.51	57419	0	4
2024.11.28	06:00:00	2633.52	2649.70	2631.91	2646.93	46102	0	4
2024.11.28	12:00:00	2646.93	2647.96	2636.27	2641.02	49787	0	4
2024.11.28	18:00:00	2641.01	2641.45	2637.25	2638.83	5094	0	4
2024.11.29	00:00:00	2638.82	2664.24	2634.10	2662.48	65859	0	4
2024.11.29	06:00:00	2662.47	2666.32	2654.58	2659.65	59893	0	4
2024.11.29	12:00:00	2659.69	2665.01	2650.65	2660.67	91224	0	4
2024.11.29	18:00:00	2660.66	2660.67	2654.98	2655.31	4670	0	4
2024.12.01	18:00:00	2649.16	2650.37	2643.15	2645.76	5962	0	4
2024.12.02	00:00:00	2645.77	2647.72	2621.93	2623.24	85875	0	4
2024.12.02	06:00:00	2623.22	2646.32	2621.99	2641.88	77135	0	4
2024.12.02	12:00:00	2641.87	2651.74	2637.13	2638.85	93073	0	4
2024.12.02	18:00:00	2638.84	2644.27	2633.60	2642.27	25582	0	4
2024.12.03	00:00:00	2642.31	2645.30	2634.15	2641.24	47696	0	4
2024.12.03	06:00:00	2641.26	2650.09	2639.30	2643.68	55127	0	4
2024.12.03	12:00:00	2643.69	2655.65	2635.25	2647.06	81814	0	4
2024.12.03	18:00:00	2647.07	2649.21	2640.29	2642.82	19761	0	4
2024.12.04	00:00:00	2642.81	2651.21	2637.73	2649.79	39546	0	4
2024.12.04	06:00:00	2649.81	2651.44	2636.75	2646.24	47160	0	4
2024.12.04	12:00:00	2646.25	2657.21	2632.50	2651.45	85702	0	4
2024.12.04	18:00:00	2651.47	2655.52	2646.95	2650.41	25670	0	4
2024.12.05	00:00:00	2650.40	2655.56	2644.72	2653.16	38249	0	4
2024.12.05	06:00:00	2653.15	2654.15	2641.98	2651.42	44460	0	4
2024.12.05	12:00:00	2651.41	2654.55	2623.87	2628.07	81143	0	4
2024.12.05	18:00:00	2628.07	2633.91	2623.57	2633.84	21923	0	4
2024.12.06	00:00:00	2633.85	2644.52	2613.68	2638.03	51800	0	4
2024.12.06	06:00:00	2637.97	2645.66	2632.54	2638.52	45201	0	4
2024.12.06	12:00:00	2638.51	2643.35	2624.10	2635.02	89069	0	4
2024.12.06	18:00:00	2634.99	2639.03	2631.13	2633.13	17716	0	4
2024.12.08	18:00:00	2643.24	2648.34	2636.40	2640.15	5350	0	4
2024.12.09	00:00:00	2640.14	2650.59	2627.57	2638.39	55651	0	4
2024.12.09	06:00:00	2638.40	2660.51	2638.22	2656.34	52808	0	4
2024.12.09	12:00:00	2656.31	2676.43	2653.35	2664.54	78633	0	4
2024.12.09	18:00:00	2664.55	2664.69	2656.78	2660.57	22507	0	4
2024.12.10	00:00:00	2660.56	2673.82	2658.00	2668.89	50501	0	4
2024.12.10	06:00:00	2668.86	2676.79	2661.29	2674.59	52459	0	4
2024.12.10	12:00:00	2674.60	2695.60	2672.35	2694.45	73526	0	4
2024.12.10	18:00:00	2694.43	2698.40	2690.99	2696.05	20541	0	4
2024.12.11	00:00:00	2696.06	2704.42	2675.78	2688.57	51959	0	4
2024.12.11	06:00:00	2688.57	2699.91	2686.47	2696.52	57107	0	4
2024.12.11	12:00:00	2696.57	2720.01	2690.67	2718.11	90836	0	4
2024.12.11	18:00:00	2718.10	2721.14	2713.40	2720.13	30423	0	4
2024.12.12	00:00:00	2720.12	2726.20	2700.44	2713.55	44381	0	4
2024.12.12	06:00:00	2713.55	2720.49	2707.45	2710.90	58257	0	4
2024.12.12	12:00:00	2710.94	2712.47	2675.24	2686.43	102507	0	4
2024.12.12	18:00:00	2686.42	2687.09	2679.45	2680.75	29134	0	4
2024.12.13	00:00:00	2680.74	2692.82	2679.01	2688.39	55323	0	4
2024.12.13	06:00:00	2688.40	2690.60	2664.39	2665.05	63205	0	4
2024.12.13	12:00:00	2665.02	2673.02	2654.75	2656.34	87238	0	4
2024.12.13	18:00:00	2656.33	2657.10	2646.16	2648.75	27531	0	4
2024.12.15	18:00:00	2649.41	2653.09	2648.79	2651.56	3373	0	4
2024.12.16	00:00:00	2651.55	2655.69	2643.63	2652.90	42557	0	4
2024.12.16	06:00:00	2652.86	2664.17	2651.72	2663.59	44742	0	4
2024.12.16	12:00:00	2663.63	2664.42	2648.65	2652.18	67315	0	4
2024.12.16	18:00:00	2652.17	2655.81	2651.38	2651.79	20731	0	4
2024.12.17	00:00:00	2651.78	2658.70	2649.25	2653.74	37886	0	4
2024.12.17	06:00:00	2653.78	2657.11	2636.25	2642.22	55945	0	4
2024.12.17	12:00:00	2642.25	2647.13	2633.16	2646.04	74543	0	4
2024.12.17	18:00:00	2646.03	2649.06	2643.15	2647.49	21450	0	4
2024.12.18	00:00:00	2647.50	2651.76	2642.78	2647.55	38839	0	4
2024.12.18	06:00:00	2647.53	2649.70	2642.15	2646.17	42756	0	4
2024.12.18	12:00:00	2646.16	2647.79	2633.14	2636.09	63816	0	4
2024.12.18	18:00:00	2636.09	2638.99	2583.94	2587.99	54265	0	4
2024.12.19	00:00:00	2588.01	2618.17	2587.94	2607.30	48506	0	4
2024.12.19	06:00:00	2607.31	2626.46	2603.37	2616.82	58230	0	4
2024.12.19	12:00:00	2616.89	2616.89	2587.05	2592.66	97932	0	4
2024.12.19	18:00:00	2592.67	2601.09	2591.96	2593.59	31302	0	4
2024.12.20	00:00:00	2593.59	2604.03	2589.68	2600.41	40946	0	4
2024.12.20	06:00:00	2600.40	2607.77	2599.00	2603.72	48453	0	4
2024.12.20	12:00:00	2603.71	2631.94	2600.54	2625.70	87194	0	4
2024.12.20	18:00:00	2625.69	2629.39	2619.39	2622.67	28112	0	4
2024.12.22	18:00:00	2622.69	2624.85	2621.79	2624.30	2273	0	4
2024.12.23	00:00:00	2624.38	2629.29	2617.65	2626.71	30871	0	4
2024.12.23	06:00:00	2626.70	2633.29	2613.00	2616.27	35939	0	4
2024.12.23	12:00:00	2616.30	2619.82	2608.23	2611.32	53080	0	4
2024.12.23	18:00:00	2611.33	2617.12	2609.28	2615.48	16266	0	4
2024.12.24	00:00:00	2615.51	2621.47	2613.54	2619.39	23931	0	4
2024.12.24	06:00:00	2619.47	2621.53	2612.37	2615.28	24923	0	4
2024.12.24	12:00:00	2615.29	2619.50	2610.11	2618.75	37888	0	4
2024.12.25	18:00:00	2615.95	2620.19	2615.34	2618.63	1517	0	4
2024.12.26	00:00:00	2618.62	2629.17	2618.61	2626.41	21525	0	4
2024.12.26	06:00:00	2626.37	2630.09	2623.73	2627.92	17615	0	4
2024.12.26	12:00:00	2627.91	2639.18	2621.70	2629.48	40960	0	4
2024.12.26	18:00:00	2629.46	2636.24	2629.37	2632.51	17113	0	4
2024.12.27	00:00:00	2632.53	2635.49	2628.93	2631.35	23796	0	4
2024.12.27	06:00:00	2631.33	2638.36	2623.60	2628.71	26968	0	4
2024.12.27	12:00:00	2628.77	2631.63	2611.62	2615.97	53362	0	4
2024.12.27	18:00:00	2616.02	2621.74	2612.81	2621.69	13611	0	4
2024.12.29	18:00:00	2621.85	2626.25	2621.74	2624.29	2463	0	4
2024.12.30	00:00:00	2624.30	2628.21	2620.42	2623.70	22877	0	4
2024.12.30	06:00:00	2623.71	2624.73	2609.26	2616.35	31144	0	4
2024.12.30	12:00:00	2616.34	2622.73	2596.12	2605.25	58764	0	4
2024.12.30	18:00:00	2605.26	2609.63	2603.45	2606.76	17543	0	4
2024.12.31	00:00:00	2606.73	2611.67	2602.53	2604.45	17557	0	4
2024.12.31	06:00:00	2604.40	2617.84	2603.60	2611.15	29714	0	4
2024.12.31	12:00:00	2611.12	2627.57	2605.37	2624.44	49873	0	4
2024.12.31	18:00:00	2624.45	2627.28	2622.33	2624.22	15076	0	4
2025.01.01	18:00:00	2625.14	2625.85	2621.64	2623.77	1848	0	4
2025.01.02	00:00:00	2623.79	2636.56	2622.88	2634.18	31334	0	4
2025.01.02	06:00:00	2634.17	2646.55	2631.15	2642.08	36412	0	4
2025.01.02	12:00:00	2642.05	2660.56	2636.02	2656.78	71298	0	4
2025.01.02	18:00:00	2656.77	2660.44	2653.85	2658.34	21787	0	4
2025.01.03	00:00:00	2658.36	2665.42	2655.99	2658.65	25568	0	4
2025.01.03	06:00:00	2658.64	2660.35	2649.95	2657.64	42200	0	4
2025.01.03	12:00:00	2657.63	2658.34	2639.21	2641.86	74278	0	4
2025.01.03	18:00:00	2641.92	2642.97	2636.77	2639.67	22358	0	4
2025.01.05	18:00:00	2639.77	2642.47	2639.73	2641.08	2494	0	4
2025.01.06	00:00:00	2641.03	2647.46	2631.40	2634.03	38003	0	4
2025.01.06	06:00:00	2633.90	2649.32	2625.24	2646.76	39954	0	4
2025.01.06	12:00:00	2644.59	2648.91	2616.47	2636.80	84734	0	4
2025.01.06	18:00:00	2636.79	2638.72	2632.96	2634.67	22976	0	4
2025.01.07	00:00:00	2634.69	2645.79	2633.02	2644.52	33559	0	4
2025.01.07	06:00:00	2644.51	2648.73	2638.17	2648.49	41307	0	4
2025.01.07	12:00:00	2648.48	2664.33	2641.98	2652.57	89055	0	4
2025.01.07	18:00:00	2652.56	2652.61	2647.10	2649.81	31701	0	4
2025.01.08	00:00:00	2649.69	2651.58	2645.35	2650.05	31943	0	4
2025.01.08	06:00:00	2650.03	2655.21	2647.65	2650.76	42499	0	4
2025.01.08	12:00:00	2650.92	2670.12	2645.88	2655.69	80300	0	4
2025.01.08	18:00:00	2655.70	2664.15	2651.69	2662.64	29924	0	4
2025.01.09	00:00:00	2662.62	2662.83	2655.60	2658.45	27705	0	4
2025.01.09	06:00:00	2658.44	2673.33	2658.40	2670.23	40643	0	4
2025.01.09	12:00:00	2670.22	2678.35	2662.82	2666.00	56016	0	4
2025.01.09	18:00:00	2665.98	2672.58	2665.15	2670.06	19882	0	4
2025.01.10	00:00:00	2670.05	2675.93	2669.00	2675.05	29885	0	4
2025.01.10	06:00:00	2675.03	2683.05	2673.54	2681.39	51282	0	4
2025.01.10	12:00:00	2681.36	2697.93	2663.68	2696.07	113328	0	4
2025.01.10	18:00:00	2696.14	2697.18	2684.42	2689.37	30961	0	4
2025.01.12	18:00:00	2689.55	2691.31	2687.47	2691.19	3345	0	4
2025.01.13	00:00:00	2691.17	2693.44	2679.43	2687.00	52222	0	4
2025.01.13	06:00:00	2687.08	2691.28	2675.54	2676.02	65425	0	4
2025.01.13	12:00:00	2675.99	2677.19	2659.38	2660.96	91159	0	4
2025.01.13	18:00:00	2660.97	2669.43	2656.95	2668.02	28042	0	4
2025.01.14	00:00:00	2668.12	2675.31	2666.49	2668.63	45134	0	4
2025.01.14	06:00:00	2668.69	2674.49	2664.72	2669.28	53531	0	4
2025.01.14	12:00:00	2669.29	2674.57	2659.96	2669.05	85460	0	4
2025.01.14	18:00:00	2669.01	2678.24	2666.83	2675.64	27561	0	4
2025.01.15	00:00:00	2675.64	2679.37	2669.36	2679.34	30147	0	4
2025.01.15	06:00:00	2679.36	2689.10	2679.15	2686.86	50718	0	4
2025.01.15	12:00:00	2686.87	2695.96	2676.76	2692.71	98295	0	4
2025.01.15	18:00:00	2692.75	2697.53	2691.08	2694.93	26266	0	4
2025.01.16	00:00:00	2695.04	2702.29	2692.88	2694.78	44824	0	4
2025.01.16	06:00:00	2694.79	2711.30	2690.05	2706.39	53449	0	4
2025.01.16	12:00:00	2706.42	2724.80	2700.35	2721.79	93443	0	4
2025.01.16	18:00:00	2721.84	2723.30	2712.46	2714.65	22544	0	4
2025.01.17	00:00:00	2714.64	2717.34	2709.96	2711.61	38703	0	4
2025.01.17	06:00:00	2711.62	2714.69	2702.81	2708.07	47496	0	4
2025.01.17	12:00:00	2708.08	2717.35	2702.89	2712.64	78449	0	4
2025.01.17	18:00:00	2712.65	2713.36	2699.08	2702.69	25723	0	4
2025.01.19	18:00:00	2701.20	2703.20	2691.13	2696.72	4039	0	4
2025.01.20	00:00:00	2696.62	2707.57	2689.45	2707.22	45937	0	4
2025.01.20	06:00:00	2707.21	2713.80	2702.86	2708.48	46788	0	4
2025.01.20	12:00:00	2708.47	2712.22	2701.13	2707.43	69744	0	4
2025.01.20	18:00:00	2707.44	2711.19	2705.62	2710.37	5978	0	4
2025.01.21	00:00:00	2710.38	2729.13	2702.51	2726.20	42238	0	4
2025.01.21	06:00:00	2726.18	2732.93	2716.57	2724.07	45857	0	4
2025.01.21	12:00:00	2724.08	2745.73	2721.94	2740.32	55993	0	4
2025.01.21	18:00:00	2740.30	2746.03	2739.92	2744.40	20005	0	4
2025.01.22	00:00:00	2744.49	2758.62	2742.64	2758.14	34762	0	4
2025.01.22	06:00:00	2758.12	2763.47	2745.66	2756.66	43006	0	4
2025.01.22	12:00:00	2756.64	2761.73	2750.49	2756.65	59063	0	4
2025.01.22	18:00:00	2756.64	2759.45	2753.87	2755.45	19066	0	4
2025.01.23	00:00:00	2755.44	2756.30	2749.63	2752.08	34019	0	4
2025.01.23	06:00:00	2752.05	2755.60	2741.02	2751.95	44776	0	4
2025.01.23	12:00:00	2751.90	2758.92	2735.95	2757.77	70923	0	4
2025.01.23	18:00:00	2757.78	2758.24	2751.46	2754.57	24748	0	4
2025.01.24	00:00:00	2754.54	2777.34	2754.39	2775.32	55384	0	4
2025.01.24	06:00:00	2775.31	2780.13	2770.05	2776.72	47985	0	4
2025.01.24	12:00:00	2776.62	2785.98	2769.95	2773.35	73156	0	4
2025.01.24	18:00:00	2773.38	2775.28	2770.63	2771.23	22866	0	4
2025.01.26	18:00:00	2765.77	2768.98	2764.09	2767.64	2972	0	4
2025.01.27	00:00:00	2767.51	2772.70	2752.92	2753.34	53416	0	4
2025.01.27	06:00:00	2753.29	2772.03	2747.36	2771.40	58043	0	4
2025.01.27	12:00:00	2771.38	2771.78	2730.58	2733.75	83296	0	4
2025.01.27	18:00:00	2733.73	2745.46	2733.10	2741.73	34725	0	4
2025.01.28	00:00:00	2741.76	2745.23	2737.96	2741.84	37701	0	4
2025.01.28	06:00:00	2741.80	2745.26	2734.83	2742.77	49124	0	4
2025.01.28	12:00:00	2742.71	2760.03	2741.37	2759.70	75453	0	4
2025.01.28	18:00:00	2759.78	2765.01	2759.22	2762.64	25262	0	4
2025.01.29	00:00:00	2762.69	2766.31	2760.20	2760.78	36077	0	4
2025.01.29	06:00:00	2760.86	2766.20	2757.20	2759.10	49401	0	4
2025.01.29	12:00:00	2759.09	2761.24	2748.32	2752.84	77405	0	4
2025.01.29	18:00:00	2752.82	2760.71	2744.91	2760.33	43695	0	4
2025.01.30	00:00:00	2760.27	2763.42	2758.89	2760.66	30437	0	4
2025.01.30	06:00:00	2760.64	2779.45	2760.33	2777.71	50969	0	4
2025.01.30	12:00:00	2777.74	2798.44	2776.23	2795.66	103080	0	4
2025.01.30	18:00:00	2795.71	2798.59	2789.75	2796.44	40308	0	4
2025.01.31	00:00:00	2796.51	2799.60	2794.13	2795.64	40434	0	4
2025.01.31	06:00:00	2795.66	2801.11	2791.11	2800.29	52493	0	4
2025.01.31	12:00:00	2800.28	2817.23	2800.00	2808.66	90735	0	4
2025.01.31	18:00:00	2808.65	2808.86	2794.26	2797.98	52661	0	4
2025.02.02	18:00:00	2801.66	2804.29	2784.21	2794.08	5836	0	4
2025.02.03	00:00:00	2795.32	2796.16	2772.19	2783.23	68946	0	4
2025.02.03	06:00:00	2783.17	2804.27	2783.05	2801.28	66990	0	4
2025.02.03	12:00:00	2801.34	2831.08	2800.62	2817.33	93094	0	4
2025.02.03	18:00:00	2817.32	2823.02	2812.20	2813.67	35590	0	4
2025.02.04	00:00:00	2813.92	2824.62	2812.32	2815.91	53742	0	4
2025.02.04	06:00:00	2815.85	2822.00	2807.07	2815.53	70991	0	4
2025.02.04	12:00:00	2815.56	2845.38	2814.61	2844.05	95067	0	4
2025.02.04	18:00:00	2844.06	2845.08	2840.76	2841.45	31782	0	4
2025.02.05	00:00:00	2841.43	2860.56	2839.75	2859.52	47550	0	4
2025.02.05	06:00:00	2859.53	2877.10	2855.06	2868.65	53978	0	4
2025.02.05	12:00:00	2868.73	2882.31	2858.63	2873.08	89838	0	4
2025.02.05	18:00:00	2873.06	2873.53	2860.01	2869.44	35266	0	4
2025.02.06	00:00:00	2869.42	2873.31	2863.84	2868.16	45018	0	4
2025.02.06	06:00:00	2868.19	2871.38	2848.92	2866.02	62743	0	4
2025.02.06	12:00:00	2866.05	2870.43	2834.32	2852.39	87494	0	4
2025.02.06	18:00:00	2852.38	2858.63	2849.92	2858.18	31580	0	4
2025.02.07	00:00:00	2858.17	2870.50	2857.92	2862.33	39688	0	4
2025.02.07	06:00:00	2862.23	2870.80	2859.07	2867.78	50964	0	4
2025.02.07	12:00:00	2867.84	2886.83	2852.60	2860.10	101746	0	4
2025.02.07	18:00:00	2860.12	2865.12	2859.08	2860.96	22704	0	4
2025.02.09	18:00:00	2861.32	2870.39	2860.17	2867.75	3413	0	4
2025.02.10	00:00:00	2867.80	2880.02	2865.94	2879.21	44972	0	4
2025.02.10	06:00:00	2879.22	2906.25	2878.98	2904.75	56379	0	4
2025.02.10	12:00:00	2904.73	2911.91	2896.22	2903.32	77381	0	4
2025.02.10	18:00:00	2903.34	2921.51	2900.97	2917.93	32453	0	4
2025.02.11	00:00:00	2917.86	2942.86	2905.51	2922.83	58893	0	4
2025.02.11	06:00:00	2922.81	2929.59	2901.85	2903.95	68077	0	4
2025.02.11	12:00:00	2903.94	2908.77	2881.74	2905.66	93944	0	4
2025.02.11	18:00:00	2905.65	2907.22	2894.13	2898.66	31993	0	4
2025.02.12	00:00:00	2898.69	2898.99	2883.80	2886.35	46251	0	4
2025.02.12	06:00:00	2886.34	2895.83	2879.44	2879.79	49170	0	4
2025.02.12	12:00:00	2879.80	2909.09	2863.95	2902.92	80623	0	4
2025.02.12	18:00:00	2902.93	2906.55	2893.61	2905.84	31621	0	4
2025.02.13	00:00:00	2905.79	2922.82	2901.47	2918.00	37287	0	4
2025.02.13	06:00:00	2917.99	2920.61	2909.57	2917.94	50494	0	4
2025.02.13	12:00:00	2917.96	2921.40	2906.04	2919.07	69231	0	4
2025.02.13	18:00:00	2919.09	2932.30	2914.44	2931.19	31785	0	4
2025.02.14	00:00:00	2931.16	2933.86	2923.28	2931.07	40914	0	4
2025.02.14	06:00:00	2931.06	2940.00	2929.40	2931.07	51815	0	4
2025.02.14	12:00:00	2931.06	2933.16	2885.44	2887.03	98821	0	4
2025.02.14	18:00:00	2887.15	2887.93	2877.09	2882.66	32932	0	4
2025.02.16	18:00:00	2893.60	2893.79	2878.68	2879.36	7193	0	4
2025.02.17	00:00:00	2879.63	2905.02	2879.57	2896.14	41294	0	4
2025.02.17	06:00:00	2896.13	2906.47	2888.16	2901.05	45255	0	4
2025.02.17	12:00:00	2901.09	2904.20	2895.55	2898.48	45763	0	4
2025.02.17	18:00:00	2898.51	2899.55	2897.16	2899.32	4986	0	4
2025.02.18	00:00:00	2899.37	2915.72	2892.07	2910.78	35630	0	4
2025.02.18	06:00:00	2910.67	2915.40	2907.19	2914.38	31803	0	4
2025.02.18	12:00:00	2914.39	2933.74	2912.25	2931.27	60331	0	4
2025.02.18	18:00:00	2931.29	2936.94	2928.44	2934.04	21738	0	4
2025.02.19	00:00:00	2934.02	2939.79	2924.12	2933.00	33851	0	4
2025.02.19	06:00:00	2932.99	2946.97	2930.40	2935.12	46737	0	4
2025.02.19	12:00:00	2935.11	2941.64	2921.60	2923.94	92576	0	4
2025.02.19	18:00:00	2923.92	2937.54	2918.67	2935.45	36704	0	4
2025.02.20	00:00:00	2935.42	2946.89	2933.99	2946.78	37201	0	4
2025.02.20	06:00:00	2946.85	2954.89	2943.92	2948.88	40499	0	4
2025.02.20	12:00:00	2948.87	2950.75	2924.14	2940.54	85862	0	4
2025.02.20	18:00:00	2940.55	2943.44	2933.55	2941.61	32394	0	4
2025.02.21	00:00:00	2941.63	2949.80	2924.13	2930.29	54996	0	4
2025.02.21	06:00:00	2930.25	2936.18	2916.79	2928.39	41676	0	4
2025.02.21	12:00:00	2928.40	2941.67	2921.56	2939.73	75622	0	4
2025.02.21	18:00:00	2939.74	2942.87	2932.18	2936.23	33905	0	4
2025.02.23	18:00:00	2939.77	2940.67	2936.54	2936.92	4485	0	4
2025.02.24	00:00:00	2936.93	2944.70	2921.32	2936.37	66032	0	4
2025.02.24	06:00:00	2936.36	2948.85	2934.99	2947.69	48008	0	4
2025.02.24	12:00:00	2947.68	2956.25	2930.76	2943.32	91402	0	4
2025.02.24	18:00:00	2943.41	2953.39	2942.83	2950.08	27769	0	4
2025.02.25	00:00:00	2950.14	2952.53	2935.20	2938.03	50281	0	4
2025.02.25	06:00:00	2937.99	2942.32	2929.63	2938.72	58272	0	4
2025.02.25	12:00:00	2938.73	2944.85	2888.30	2907.69	131138	0	4
2025.02.25	18:00:00	2907.70	2918.92	2905.50	2918.59	35164	0	4
2025.02.26	00:00:00	2918.56	2930.11	2912.76	2915.42	44354	0	4
2025.02.26	06:00:00	2915.43	2919.09	2905.92	2913.84	50171	0	4
2025.02.26	12:00:00	2913.82	2916.72	2890.84	2913.87	82504	0	4
2025.02.26	18:00:00	2913.86	2920.81	2912.08	2919.31	24700	0	4
2025.02.27	00:00:00	2919.33	2919.33	2888.65	2890.95	54625	0	4
2025.02.27	06:00:00	2890.91	2898.59	2877.15	2884.00	76822	0	4
2025.02.27	12:00:00	2884.02	2892.41	2867.87	2883.31	116280	0	4
2025.02.27	18:00:00	2883.28	2887.74	2871.33	2875.91	38232	0	4
2025.02.28	00:00:00	2875.90	2885.20	2856.95	2864.21	60797	0	4
2025.02.28	06:00:00	2864.23	2866.72	2851.14	2862.34	51121	0	4
2025.02.28	12:00:00	2862.38	2864.97	2832.71	2845.17	105806	0	4
2025.02.28	18:00:00	2845.16	2859.64	2838.15	2857.72	33070	0	4
2025.03.02	18:00:00	2873.15	2876.96	2864.46	2870.99	8707	0	4
2025.03.03	00:00:00	2871.03	2872.08	2859.47	2863.94	53892	0	4
2025.03.03	06:00:00	2863.92	2875.59	2858.99	2874.41	55268	0	4
2025.03.03	12:00:00	2874.37	2893.12	2868.92	2890.87	87388	0	4
2025.03.03	18:00:00	2890.85	2895.20	2878.45	2890.90	47443	0	4
2025.03.04	00:00:00	2890.86	2894.41	2881.85	2889.74	47140	0	4
2025.03.04	06:00:00	2889.73	2921.84	2884.48	2920.02	63363	0	4
2025.03.04	12:00:00	2920.03	2927.86	2900.47	2911.65	112932	0	4
2025.03.04	18:00:00	2911.63	2920.58	2908.30	2914.33	35528	0	4
2025.03.05	00:00:00	2914.34	2919.07	2902.21	2919.02	48841	0	4
2025.03.05	06:00:00	2918.99	2922.73	2909.08	2913.30	62555	0	4
2025.03.05	12:00:00	2913.51	2929.95	2894.30	2916.04	119621	0	4
2025.03.05	18:00:00	2916.02	2923.08	2911.72	2918.28	31467	0	4
2025.03.06	00:00:00	2918.27	2926.71	2914.60	2919.87	37722	0	4
2025.03.06	06:00:00	2919.89	2923.05	2891.31	2905.88	77104	0	4
2025.03.06	12:00:00	2905.86	2922.73	2899.37	2915.57	105279	0	4
2025.03.06	18:00:00	2915.63	2920.69	2908.47	2910.41	36525	0	4
2025.03.07	00:00:00	2910.39	2912.53	2896.67	2909.65	52251	0	4
2025.03.07	06:00:00	2909.66	2922.97	2907.78	2918.84	52037	0	4
2025.03.07	12:00:00	2918.87	2930.28	2903.91	2908.25	122973	0	4
2025.03.07	18:00:00	2908.01	2912.61	2902.12	2911.15	30081	0	4
2025.03.09	18:00:00	2911.69	2917.03	2909.88	2916.32	7636	0	4
2025.03.10	00:00:00	2916.38	2918.43	2906.98	2910.02	37880	0	4
2025.03.10	06:00:00	2910.03	2915.55	2895.61	2904.17	73122	0	4
2025.03.10	12:00:00	2904.16	2910.64	2882.85	2886.16	109542	0	4
2025.03.10	18:00:00	2886.25	2890.98	2880.29	2884.84	37179	0	4
2025.03.11	00:00:00	2884.85	2900.47	2880.20	2895.93	44517	0	4
2025.03.11	06:00:00	2895.96	2915.37	2893.43	2913.54	54998	0	4
2025.03.11	12:00:00	2913.55	2922.21	2907.00	2917.85	84705	0	4
2025.03.11	18:00:00	2917.84	2921.42	2914.40	2915.53	25852	0	4
2025.03.12	00:00:00	2915.56	2920.13	2910.88	2916.04	30042	0	4
2025.03.12	06:00:00	2916.03	2925.39	2909.03	2915.34	56037	0	4
2025.03.12	12:00:00	2915.29	2940.55	2906.14	2936.20	109882	0	4
2025.03.12	18:00:00	2936.19	2939.44	2930.87	2938.20	26012	0	4
2025.03.13	00:00:00	2938.24	2947.19	2936.62	2940.12	34633	0	4
2025.03.13	06:00:00	2940.13	2948.88	2933.02	2946.38	47740	0	4
2025.03.13	12:00:00	2946.37	2985.28	2939.14	2979.40	124671	0	4
2025.03.13	18:00:00	2979.41	2990.00	2979.13	2986.40	30990	0	4
2025.03.14	00:00:00	2986.39	2993.95	2981.62	2986.50	50685	0	4
2025.03.14	06:00:00	2986.49	3005.01	2980.93	2993.55	58669	0	4
2025.03.14	12:00:00	2993.50	2999.71	2978.54	2986.61	100666	0	4
2025.03.14	18:00:00	2986.67	2989.01	2981.85	2986.26	20030	0	4
2025.03.16	18:00:00	2985.04	2994.31	2983.01	2989.96	6976	0	4
2025.03.17	00:00:00	2989.95	2993.23	2982.36	2986.16	31056	0	4
2025.03.17	06:00:00	2986.17	3001.21	2983.19	2997.56	38241	0	4
2025.03.17	12:00:00	2997.57	3000.54	2984.97	2997.94	85138	0	4
2025.03.17	18:00:00	2997.95	3002.85	2996.97	2999.86	20255	0	4
2025.03.18	00:00:00	2999.83	3017.15	2999.46	3011.96	43971	0	4
2025.03.18	06:00:00	3011.97	3029.62	3010.65	3026.91	58314	0	4
2025.03.18	12:00:00	3026.89	3038.29	3024.79	3032.67	103027	0	4
2025.03.18	18:00:00	3032.69	3038.08	3031.47	3031.79	24288	0	4
2025.03.19	00:00:00	3031.75	3045.37	3027.46	3044.61	32930	0	4
2025.03.19	06:00:00	3044.60	3044.84	3022.81	3038.96	52851	0	4
2025.03.19	12:00:00	3038.94	3041.11	3026.06	3030.36	67132	0	4
2025.03.19	18:00:00	3030.31	3051.94	3030.29	3050.08	38881	0	4
2025.03.20	00:00:00	3050.09	3057.44	3045.04	3046.97	45674	0	4
2025.03.20	06:00:00	3046.96	3051.55	3025.79	3034.49	58650	0	4
2025.03.20	12:00:00	3034.52	3043.23	3030.00	3041.76	73131	0	4
2025.03.20	18:00:00	3041.75	3046.74	3040.93	3046.56	19510	0	4
2025.03.21	00:00:00	3046.55	3047.58	3021.84	3028.19	40342	0	4
2025.03.21	06:00:00	3028.20	3037.72	3027.19	3034.32	43489	0	4
2025.03.21	12:00:00	3034.30	3038.22	2999.47	3013.76	94003	0	4
2025.03.21	18:00:00	3013.74	3024.39	3013.50	3023.30	15289	0	4
2025.03.23	18:00:00	3021.14	3026.45	3020.69	3024.80	5813	0	4
2025.03.24	00:00:00	3024.67	3025.64	3013.76	3022.08	43677	0	4
2025.03.24	06:00:00	3022.04	3033.33	3017.37	3024.66	56987	0	4
2025.03.24	12:00:00	3024.63	3028.69	3005.90	3007.16	86834	0	4
2025.03.24	18:00:00	3007.15	3014.68	3002.51	3009.92	24853	0	4
2025.03.25	00:00:00	3010.08	3021.06	3007.39	3018.43	32999	0	4
2025.03.25	06:00:00	3018.44	3026.54	3010.67	3020.80	43473	0	4
2025.03.25	12:00:00	3020.81	3036.04	3014.22	3022.69	71716	0	4
2025.03.25	18:00:00	3022.68	3022.99	3017.93	3021.03	13412	0	4
2025.03.26	00:00:00	3021.04	3027.15	3013.46	3022.74	35569	0	4
2025.03.26	06:00:00	3022.76	3032.06	3017.05	3027.60	48286	0	4
2025.03.26	12:00:00	3027.59	3030.13	3012.34	3018.81	70012	0	4
2025.03.26	18:00:00	3018.93	3021.82	3015.86	3021.74	21716	0	4
2025.03.27	00:00:00	3021.70	3038.63	3021.66	3029.84	39823	0	4
2025.03.27	06:00:00	3029.83	3055.83	3026.78	3054.70	61933	0	4
2025.03.27	12:00:00	3054.74	3059.64	3033.56	3052.93	114387	0	4
2025.03.27	18:00:00	3052.94	3057.87	3052.79	3055.77	25025	0	4
2025.03.28	00:00:00	3055.74	3082.14	3055.05	3077.94	45870	0	4
2025.03.28	06:00:00	3077.95	3086.02	3066.18	3076.36	57193	0	4
2025.03.28	12:00:00	3076.37	3086.87	3067.49	3077.51	109142	0	4
2025.03.28	18:00:00	3077.47	3085.90	3073.63	3084.69	20946	0	4
2025.03.30	18:00:00	3092.51	3097.60	3088.67	3090.04	3450	0	4
2025.03.31	00:00:00	3090.02	3115.91	3076.77	3113.39	37862	0	4
2025.03.31	06:00:00	3113.38	3128.11	3107.66	3118.46	45767	0	4
2025.03.31	12:00:00	3118.50	3127.25	3099.93	3117.68	59622	0	4
2025.03.31	18:00:00	3117.64	3125.45	3115.97	3122.89	16867	0	4
2025.04.01	00:00:00	3122.90	3147.98	3120.08	3144.72	34352	0	4
2025.04.01	06:00:00	3144.73	3149.01	3124.19	3132.39	46719	0	4
2025.04.01	12:00:00	3132.38	3137.20	3100.95	3106.66	60367	0	4
2025.04.01	18:00:00	3106.67	3118.70	3105.78	3111.39	18979	0	4
2025.04.02	00:00:00	3111.47	3135.69	3111.21	3116.29	40972	0	4
2025.04.02	06:00:00	3116.38	3133.85	3108.59	3114.69	54302	0	4
2025.04.02	12:00:00	3114.67	3134.36	3114.50	3131.54	86824	0	4
2025.04.02	18:00:00	3131.52	3147.57	3118.79	3145.93	45901	0	4
2025.04.03	00:00:00	3146.01	3167.86	3139.06	3140.40	92304	0	4
2025.04.03	06:00:00	3140.42	3141.04	3089.32	3095.49	103014	0	4
2025.04.03	12:00:00	3095.51	3135.61	3054.14	3107.53	152853	0	4
2025.04.03	18:00:00	3107.56	3116.74	3100.12	3115.37	38240	0	4
2025.04.04	00:00:00	3115.38	3116.43	3087.17	3100.13	53687	0	4
2025.04.04	06:00:00	3099.98	3116.16	3078.57	3110.37	88989	0	4
2025.04.04	12:00:00	3110.33	3136.76	3017.17	3031.04	166603	0	4
2025.04.04	18:00:00	3031.03	3040.86	3015.75	3036.65	49024	0	4
2025.04.06	18:00:00	3028.90	3028.90	3000.19	3009.71	6325	0	4
2025.04.07	00:00:00	3009.68	3055.67	2971.17	3035.54	96583	0	4
2025.04.07	06:00:00	3035.53	3044.65	3013.48	3031.41	118593	0	4
2025.04.07	12:00:00	3031.42	3046.18	2970.03	2970.62	172438	0	4
2025.04.07	18:00:00	2970.59	2988.70	2956.67	2986.69	51845	0	4
2025.04.08	00:00:00	2986.68	3004.93	2978.68	3002.26	56653	0	4
2025.04.08	06:00:00	3002.24	3015.83	2994.96	3009.00	73960	0	4
2025.04.08	12:00:00	3008.99	3022.67	2984.43	2986.04	129188	0	4
2025.04.08	18:00:00	2986.02	2992.31	2974.79	2981.85	56593	0	4
2025.04.09	00:00:00	2982.05	3014.16	2970.05	3012.35	92192	0	4
2025.04.09	06:00:00	3012.33	3052.42	3005.57	3042.85	107822	0	4
2025.04.09	12:00:00	3042.90	3094.86	3036.06	3092.40	152545	0	4
2025.04.09	18:00:00	3092.41	3099.66	3048.61	3080.19	67755	0	4
2025.04.10	00:00:00	3080.37	3131.96	3078.57	3125.46	61472	0	4
2025.04.10	06:00:00	3125.47	3132.50	3103.47	3119.80	63026	0	4
2025.04.10	12:00:00	3119.81	3174.98	3113.31	3158.55	100640	0	4
2025.04.10	18:00:00	3158.47	3190.07	3151.67	3189.11	43960	0	4
2025.04.11	00:00:00	3189.15	3219.97	3183.19	3208.54	67618	0	4
2025.04.11	06:00:00	3208.60	3237.90	3187.20	3212.74	82098	0	4
2025.04.11	12:00:00	3212.70	3245.43	3211.19	3223.23	91406	0	4
2025.04.11	18:00:00	3223.24	3238.91	3223.24	3237.38	34066	0	4
2025.04.13	18:00:00	3218.28	3224.55	3217.28	3223.94	7018	0	4
2025.04.14	00:00:00	3223.89	3245.72	3215.43	3234.50	77122	0	4
2025.04.14	06:00:00	3234.47	3238.21	3206.39	3223.48	78363	0	4
2025.04.14	12:00:00	3223.43	3227.79	3193.70	3214.09	120237	0	4
2025.04.14	18:00:00	3214.08	3214.92	3201.41	3212.66	25050	0	4
2025.04.15	00:00:00	3212.66	3232.64	3210.13	3224.68	54925	0	4
2025.04.15	06:00:00	3224.69	3232.21	3216.75	3219.98	59603	0	4
2025.04.15	12:00:00	3220.06	3230.77	3211.63	3228.06	108423	0	4
2025.04.15	18:00:00	3228.07	3251.92	3225.72	3251.90	31967	0	4
2025.04.16	00:00:00	3251.92	3291.87	3251.68	3289.83	82615	0	4
2025.04.16	06:00:00	3289.85	3317.74	3286.01	3306.92	87558	0	4
2025.04.16	12:00:00	3306.90	3333.05	3296.96	3327.63	102079	0	4
2025.04.16	18:00:00	3327.79	3352.71	3326.49	3350.08	36101	0	4
2025.04.17	00:00:00	3350.05	3356.28	3320.89	3329.46	93205	0	4
2025.04.17	06:00:00	3329.48	3334.02	3312.83	3327.46	79572	0	4
2025.04.17	12:00:00	3327.45	3342.29	3284.00	3319.05	137043	0	4
2025.04.17	18:00:00	3319.08	3328.95	3311.06	3327.31	22533	0	4
2025.04.20	18:00:00	3349.08	3351.87	3343.97	3348.16	8684	0	4
2025.04.21	00:00:00	3348.15	3386.05	3347.56	3385.57	98925	0	4
2025.04.21	06:00:00	3385.61	3405.95	3381.77	3404.46	93548	0	4
2025.04.21	12:00:00	3404.43	3430.34	3398.12	3422.65	129080	0	4
2025.04.21	18:00:00	3422.62	3444.47	3417.62	3434.62	53216	0	4
2025.04.22	00:00:00	3434.57	3495.65	3412.25	3494.43	115141	0	4
2025.04.22	06:00:00	3494.44	3500.14	3443.09	3456.81	130262	0	4
2025.04.22	12:00:00	3456.85	3464.93	3372.09	3401.87	179916	0	4
2025.04.22	18:00:00	3401.99	3402.51	3332.13	3336.75	53755	0	4
2025.04.23	00:00:00	3336.71	3386.67	3315.98	3319.13	121513	0	4
2025.04.23	06:00:00	3319.15	3340.59	3291.64	3324.68	108605	0	4
2025.04.23	12:00:00	3324.71	3333.49	3260.19	3281.36	173777	0	4
2025.04.23	18:00:00	3281.40	3316.87	3277.91	3316.45	36873	0	4
2025.04.24	00:00:00	3316.43	3367.48	3313.38	3323.76	111103	0	4
2025.04.24	06:00:00	3323.77	3344.02	3314.84	3336.98	97918	0	4
2025.04.24	12:00:00	3337.03	3344.73	3306.70	3336.68	129994	0	4
2025.04.24	18:00:00	3336.69	3362.60	3333.49	3348.89	34128	0	4
2025.04.25	00:00:00	3348.91	3363.17	3287.11	3294.57	96631	0	4
2025.04.25	06:00:00	3294.63	3314.65	3287.68	3293.56	94328	0	4
2025.04.25	12:00:00	3293.52	3303.12	3265.25	3293.30	110629	0	4
2025.04.25	18:00:00	3293.28	3319.29	3287.85	3319.04	24409	0	4
2025.04.27	18:00:00	3312.28	3318.12	3298.62	3302.74	10237	0	4
2025.04.28	00:00:00	3302.79	3316.04	3268.10	3295.11	79271	0	4
2025.04.28	06:00:00	3295.23	3297.27	3273.21	3294.19	85480	0	4
2025.04.28	12:00:00	3294.16	3340.08	3286.92	3335.47	146657	0	4
2025.04.28	18:00:00	3335.45	3353.00	3333.87	3337.76	36184	0	4
2025.04.29	00:00:00	3337.82	3340.13	3305.17	3310.35	73294	0	4
2025.04.29	06:00:00	3310.34	3324.93	3306.31	3309.44	62213	0	4
2025.04.29	12:00:00	3309.43	3330.03	3299.80	3314.48	113017	0	4
2025.04.29	18:00:00	3314.42	3325.03	3311.08	3317.08	28125	0	4
2025.04.30	00:00:00	3317.09	3328.05	3301.35	3309.65	62994	0	4
2025.04.30	06:00:00	3309.64	3314.65	3268.37	3272.33	90582	0	4
2025.04.30	12:00:00	3272.42	3319.74	3266.95	3305.34	127887	0	4
2025.04.30	18:00:00	3305.30	3307.78	3269.83	3272.99	32711	0	4
2025.05.01	00:00:00	3273.07	3276.35	3221.29	3236.68	72505	0	4
2025.05.01	06:00:00	3236.66	3243.24	3203.42	3205.58	72033	0	4
2025.05.01	12:00:00	3205.61	3233.32	3201.99	3214.76	131598	0	4
2025.05.01	18:00:00	3214.75	3241.33	3212.91	3237.39	29872	0	4
2025.05.02	00:00:00	3237.46	3258.75	3227.48	3251.87	61474	0	4
2025.05.02	06:00:00	3251.90	3269.33	3246.44	3262.78	75521	0	4
2025.05.02	12:00:00	3262.76	3265.08	3222.90	3231.53	179471	0	4
2025.05.02	18:00:00	3231.60	3241.37	3224.40	3241.29	30790	0	4
2025.05.04	18:00:00	3241.61	3252.43	3238.92	3248.09	7700	0	4
2025.05.05	00:00:00	3248.12	3272.38	3241.28	3259.73	69022	0	4
2025.05.05	06:00:00	3259.72	3319.03	3256.91	3312.85	89398	0	4
2025.05.05	12:00:00	3312.78	3328.89	3305.71	3317.19	101272	0	4
2025.05.05	18:00:00	3317.20	3337.65	3313.94	3334.16	33177	0	4
2025.05.06	00:00:00	3334.15	3387.13	3323.39	3362.04	106024	0	4
2025.05.06	06:00:00	3362.03	3385.09	3358.74	3379.17	88531	0	4
2025.05.06	12:00:00	3379.22	3417.83	3373.28	3414.05	122474	0	4
2025.05.06	18:00:00	3414.04	3434.98	3379.80	3400.81	43507	0	4
2025.05.07	00:00:00	3400.80	3401.59	3360.30	3388.14	102415	0	4
2025.05.07	06:00:00	3388.16	3397.42	3369.31	3387.05	79455	0	4
2025.05.07	12:00:00	3387.06	3398.10	3375.74	3385.67	101935	0	4
2025.05.07	18:00:00	3385.76	3397.98	3363.79	3376.44	58774	0	4
2025.05.08	00:00:00	3376.50	3414.83	3354.93	3355.52	95372	0	4
2025.05.08	06:00:00	3355.51	3361.97	3320.42	3344.47	101712	0	4
2025.05.08	12:00:00	3344.43	3369.53	3297.93	3308.48	136179	0	4
2025.05.08	18:00:00	3308.46	3321.87	3288.83	3316.50	36775	0	4
2025.05.09	00:00:00	3316.54	3330.34	3274.74	3321.45	99789	0	4
2025.05.09	06:00:00	3321.52	3338.47	3315.37	3333.02	78830	0	4
2025.05.09	12:00:00	3333.20	3347.47	3320.42	3340.95	105293	0	4
2025.05.09	18:00:00	3341.00	3342.99	3325.19	3326.64	20604	0	4
2025.05.11	18:00:00	3267.34	3289.03	3266.03	3287.73	11693	0	4
2025.05.12	00:00:00	3287.70	3290.17	3258.97	3276.21	99743	0	4
2025.05.12	06:00:00	3276.31	3281.76	3207.83	3224.97	129315	0	4
2025.05.12	12:00:00	3224.95	3248.65	3220.46	3223.17	96941	0	4
2025.05.12	18:00:00	3223.18	3240.11	3220.40	3236.92	26048	0	4
2025.05.13	00:00:00	3236.85	3260.74	3215.91	3256.61	65515	0	4
2025.05.13	06:00:00	3256.71	3265.57	3247.28	3249.20	58412	0	4
2025.05.13	12:00:00	3249.12	3257.89	3225.58	3247.11	86361	0	4
2025.05.13	18:00:00	3247.07	3257.14	3245.76	3254.50	18774	0	4
2025.05.14	00:00:00	3254.49	3254.73	3221.83	3233.86	62404	0	4
2025.05.14	06:00:00	3233.95	3243.87	3219.50	3220.21	70208	0	4
2025.05.14	12:00:00	3220.15	3222.60	3173.79	3181.97	97321	0	4
2025.05.14	18:00:00	3182.16	3187.39	3168.04	3186.15	24804	0	4
2025.05.15	00:00:00	3186.09	3192.77	3123.60	3129.10	64923	0	4
2025.05.15	06:00:00	3129.14	3180.12	3120.87	3179.25	75592	0	4
2025.05.15	12:00:00	3179.27	3229.24	3177.61	3221.24	90124	0	4
2025.05.15	18:00:00	3221.30	3248.20	3219.87	3237.18	26949	0	4
2025.05.16	00:00:00	3237.19	3244.65	3206.64	3218.73	64971	0	4
2025.05.16	06:00:00	3218.72	3231.33	3154.32	3163.26	65950	0	4
2025.05.16	12:00:00	3163.30	3192.23	3154.79	3189.49	78218	0	4
2025.05.16	18:00:00	3189.48	3203.01	3184.84	3202.39	17140	0	4
2025.05.18	18:00:00	3240.60	3245.20	3226.67	3234.94	7407	0	4
2025.05.19	00:00:00	3234.92	3249.83	3206.76	3224.10	63676	0	4
2025.05.19	06:00:00	3224.22	3248.55	3220.24	3243.84	57042	0	4
2025.05.19	12:00:00	3243.83	3244.47	3217.26	3226.41	74695	0	4
2025.05.19	18:00:00	3226.36	3235.90	3219.03	3222.55	17186	0	4
2025.05.20	00:00:00	3222.56	3232.76	3204.63	3213.87	55582	0	4
2025.05.20	06:00:00	3213.90	3241.63	3208.03	3241.23	58415	0	4
2025.05.20	12:00:00	3241.24	3287.95	3232.97	3286.49	86918	0	4
2025.05.20	18:00:00	3286.55	3295.75	3284.21	3290.68	25027	0	4
2025.05.21	00:00:00	3290.69	3319.74	3285.46	3316.49	63876	0	4
2025.05.21	06:00:00	3316.37	3320.65	3304.04	3311.23	64374	0	4
2025.05.21	12:00:00	3311.31	3316.31	3290.81	3316.28	87721	0	4
2025.05.21	18:00:00	3316.29	3324.88	3311.90	3320.15	26038	0	4
2025.05.22	00:00:00	3320.12	3345.46	3319.52	3332.41	58546	0	4
2025.05.22	06:00:00	3332.45	3335.62	3283.14	3314.67	82434	0	4
2025.05.22	12:00:00	3314.59	3315.79	3279.38	3296.65	97016	0	4
2025.05.22	18:00:00	3296.79	3302.15	3289.12	3300.14	21164	0	4
2025.05.23	00:00:00	3300.16	3325.71	3287.14	3323.93	58373	0	4
2025.05.23	06:00:00	3323.90	3349.87	3322.69	3348.09	63764	0	4
2025.05.23	12:00:00	3348.14	3365.93	3336.74	3362.74	95655	0	4
2025.05.23	18:00:00	3362.73	3365.94	3356.28	3356.33	17384	0	4
2025.05.25	18:00:00	3349.90	3350.73	3341.44	3342.68	3878	0	4
2025.05.26	00:00:00	3342.67	3356.79	3331.57	3347.36	47941	0	4
2025.05.26	06:00:00	3347.35	3347.57	3323.43	3333.22	41997	0	4
2025.05.26	12:00:00	3333.10	3343.78	3326.39	3341.41	33283	0	4
2025.05.26	18:00:00	3341.27	3348.47	3341.13	3346.22	3635	0	4
2025.05.27	00:00:00	3346.25	3350.03	3316.09	3323.54	46306	0	4
2025.05.27	06:00:00	3323.53	3328.43	3287.84	3288.36	78774	0	4
2025.05.27	12:00:00	3288.32	3304.93	3285.38	3301.31	74343	0	4
2025.05.27	18:00:00	3301.32	3310.97	3297.38	3309.47	17892	0	4
2025.05.28	00:00:00	3309.54	3315.79	3291.74	3307.29	43557	0	4
2025.05.28	06:00:00	3307.28	3325.49	3298.59	3311.17	53332	0	4
2025.05.28	12:00:00	3311.15	3316.47	3288.69	3296.56	67228	0	4
2025.05.28	18:00:00	3296.54	3303.17	3250.14	3259.87	34970	0	4
2025.05.29	00:00:00	3259.90	3280.18	3245.51	3272.53	65546	0	4
2025.05.29	06:00:00	3272.63	3305.63	3268.05	3299.78	55635	0	4
2025.05.29	12:00:00	3299.79	3331.06	3298.54	3324.21	82920	0	4
2025.05.29	18:00:00	3324.22	3325.75	3313.01	3315.60	19786	0	4
2025.05.30	00:00:00	3315.62	3322.71	3290.32	3303.93	49071	0	4
2025.05.30	06:00:00	3303.86	3304.30	3287.34	3294.08	55022	0	4
2025.05.30	12:00:00	3294.13	3308.33	3271.67	3291.01	87938	0	4
2025.05.30	18:00:00	3291.20	3295.83	3288.83	3289.64	15216	0	4
2025.06.01	18:00:00	3315.06	3315.24	3309.32	3310.23	4149	0	4
2025.06.02	00:00:00	3310.18	3325.73	3301.53	3323.79	44612	0	4
2025.06.02	06:00:00	3323.78	3360.25	3323.78	3356.40	65392	0	4
2025.06.02	12:00:00	3356.33	3379.30	3350.37	3374.38	84198	0	4
2025.06.02	18:00:00	3374.39	3392.15	3370.86	3387.47	23194	0	4
2025.06.03	00:00:00	3387.46	3388.73	3356.44	3365.08	58247	0	4
2025.06.03	06:00:00	3365.15	3367.34	3351.18	3359.35	54711	0	4
2025.06.03	12:00:00	3359.37	3363.15	3333.23	3353.35	76654	0	4
2025.06.03	18:00:00	3353.22	3361.69	3350.54	3360.00	16231	0	4
2025.06.04	00:00:00	3360.08	3372.63	3346.49	3351.10	52234	0	4
2025.06.04	06:00:00	3351.13	3365.18	3343.84	3346.60	56671	0	4
2025.06.04	12:00:00	3346.66	3384.68	3344.44	3379.18	79097	0	4
2025.06.04	18:00:00	3379.19	3382.18	3370.74	3378.16	16808	0	4
2025.06.05	00:00:00	3378.18	3384.19	3361.25	3364.38	48500	0	4
2025.06.05	06:00:00	3364.33	3403.51	3363.82	3392.29	63236	0	4
2025.06.05	12:00:00	3392.52	3400.14	3339.60	3354.00	112272	0	4
2025.06.05	18:00:00	3354.02	3362.65	3350.53	3361.92	25302	0	4
2025.06.06	00:00:00	3361.91	3375.65	3356.22	3366.18	49363	0	4
2025.06.06	06:00:00	3366.11	3367.83	3352.85	3358.45	56656	0	4
2025.06.06	12:00:00	3358.49	3364.17	3316.64	3323.64	103728	0	4
2025.06.06	18:00:00	3323.67	3324.02	3307.15	3311.60	19218	0	4
2025.06.08	18:00:00	3317.34	3318.57	3313.48	3318.08	3896	0	4
2025.06.09	00:00:00	3316.70	3317.26	3293.70	3314.76	54644	0	4
2025.06.09	06:00:00	3314.89	3328.56	3312.29	3317.49	51002	0	4
2025.06.09	12:00:00	3317.53	3338.16	3310.78	3333.60	68561	0	4
2025.06.09	18:00:00	3333.58	3337.04	3324.27	3326.83	17429	0	4
2025.06.10	00:00:00	3326.88	3326.88	3302.04	3317.57	60343	0	4
2025.06.10	06:00:00	3317.80	3342.62	3315.61	3333.82	55334	0	4
2025.06.10	12:00:00	3333.76	3349.14	3320.12	3324.79	74454	0	4
2025.06.10	18:00:00	3324.75	3334.54	3315.66	3327.97	22157	0	4
2025.06.11	00:00:00	3328.03	3343.20	3325.16	3339.68	48584	0	4
2025.06.11	06:00:00	3339.71	3348.55	3326.24	3333.17	55858	0	4
2025.06.11	12:00:00	3333.25	3360.76	3319.59	3324.31	88888	0	4
2025.06.11	18:00:00	3324.39	3373.00	3323.85	3365.50	33305	0	4
2025.06.12	00:00:00	3365.67	3377.86	3362.28	3374.61	60547	0	4
2025.06.12	06:00:00	3374.57	3388.62	3338.70	3379.33	79219	0	4
2025.06.12	12:00:00	3379.26	3398.96	3376.47	3382.70	90397	0	4
2025.06.12	18:00:00	3382.73	3396.23	3381.98	3395.86	20831	0	4
2025.06.13	00:00:00	3395.78	3444.49	3391.85	3426.23	89076	0	4
2025.06.13	06:00:00	3426.25	3428.64	3408.02	3422.26	71359	0	4
2025.06.13	12:00:00	3422.32	3446.81	3419.36	3430.41	86556	0	4
2025.06.13	18:00:00	3430.42	3439.51	3428.79	3433.70	23385	0	4
2025.06.15	18:00:00	3448.85	3449.35	3439.59	3444.24	5628	0	4
2025.06.16	00:00:00	3444.22	3451.30	3417.79	3421.69	52089	0	4
2025.06.16	06:00:00	3421.68	3422.63	3409.60	3415.12	56455	0	4
2025.06.16	12:00:00	3415.18	3418.11	3383.10	3392.72	72639	0	4
2025.06.16	18:00:00	3392.71	3402.96	3382.96	3402.89	22927	0	4
2025.06.17	00:00:00	3402.94	3403.33	3374.07	3392.59	48414	0	4
2025.06.17	06:00:00	3392.53	3400.18	3375.75	3388.62	58422	0	4
2025.06.17	12:00:00	3388.55	3397.50	3366.22	3390.33	80873	0	4
2025.06.17	18:00:00	3390.35	3392.55	3382.40	3387.37	19772	0	4
2025.06.18	00:00:00	3387.35	3400.02	3370.69	3386.85	48807	0	4
2025.06.18	06:00:00	3386.71	3388.41	3375.55	3382.13	49447	0	4
2025.06.18	12:00:00	3382.08	3396.83	3373.82	3385.35	62957	0	4
2025.06.18	18:00:00	3385.34	3395.81	3362.60	3375.16	41839	0	4
2025.06.19	00:00:00	3375.14	3387.98	3360.32	3364.60	45045	0	4
2025.06.19	06:00:00	3364.62	3379.06	3347.56	3372.02	63200	0	4
2025.06.19	12:00:00	3372.03	3374.25	3361.57	3372.95	45628	0	4
2025.06.19	18:00:00	3365.35	3370.50	3364.52	3368.80	4653	0	4
2025.06.20	00:00:00	3368.81	3370.40	3342.85	3344.87	51206	0	4
2025.06.20	06:00:00	3344.83	3359.29	3340.44	3347.14	49288	0	4
2025.06.20	12:00:00	3347.13	3374.59	3342.05	3367.48	62020	0	4
2025.06.20	18:00:00	3367.51	3370.74	3364.71	3368.65	12426	0	4
2025.06.22	18:00:00	3374.46	3378.43	3371.37	3372.80	5531	0	4
2025.06.23	00:00:00	3372.89	3373.63	3347.11	3356.89	57025	0	4
2025.06.23	06:00:00	3356.95	3382.18	3351.71	3380.67	55614	0	4
2025.06.23	12:00:00	3380.70	3393.56	3356.00	3382.53	85768	0	4
2025.06.23	18:00:00	3382.56	3387.68	3341.70	3344.38	27993	0	4
2025.06.24	00:00:00	3344.22	3357.93	3326.81	3332.09	58199	0	4
2025.06.24	06:00:00	3332.29	3333.18	3316.13	3321.26	65477	0	4
2025.06.24	12:00:00	3320.93	3321.29	3295.55	3317.96	82032	0	4
2025.06.24	18:00:00	3317.94	3325.24	3315.71	3324.22	16732	0	4
2025.06.25	00:00:00	3324.21	3335.29	3323.69	3331.71	40060	0	4
2025.06.25	06:00:00	3331.70	3337.11	3321.65	3322.72	45238	0	4
2025.06.25	12:00:00	3322.69	3335.39	3312.02	3327.98	65111	0	4
2025.06.25	18:00:00	3327.99	3340.09	3326.26	3339.12	20425	0	4
2025.06.26	00:00:00	3339.17	3343.22	3329.33	3334.22	40855	0	4
2025.06.26	06:00:00	3334.12	3350.39	3331.07	3333.01	52256	0	4
2025.06.26	12:00:00	3333.17	3344.20	3310.02	3332.77	79320	0	4
2025.06.26	18:00:00	3332.79	3334.93	3316.37	3318.80	18008	0	4
2025.06.27	00:00:00	3318.76	3322.07	3289.32	3297.25	53077	0	4
2025.06.27	06:00:00	3297.51	3299.99	3276.07	3281.45	61481	0	4
2025.06.27	12:00:00	3281.39	3282.88	3255.76	3277.32	82954	0	4
2025.06.27	18:00:00	3277.39	3278.33	3268.47	3274.55	19150	0	4
2025.06.29	18:00:00	3270.38	3270.85	3262.99	3264.01	4949	0	4
2025.06.30	00:00:00	3263.90	3291.44	3259.47	3289.00	45769	0	4
2025.06.30	06:00:00	3289.02	3296.89	3274.66	3277.99	48047	0	4
2025.06.30	12:00:00	3278.03	3298.59	3278.03	3294.05	56974	0	4
2025.06.30	18:00:00	3294.06	3312.56	3292.71	3312.54	20241	0	4
2025.07.01	00:00:00	3312.52	3332.37	3310.00	3328.67	43109	0	4
2025.07.01	06:00:00	3328.66	3353.06	3325.13	3349.05	54934	0	4
2025.07.01	12:00:00	3349.03	3357.97	3337.00	3339.82	74503	0	4
2025.07.01	18:00:00	3339.83	3341.81	3336.87	3338.17	17756	0	4
2025.07.02	00:00:00	3338.23	3344.96	3328.59	3338.78	42304	0	4
2025.07.02	06:00:00	3338.84	3347.71	3327.73	3342.35	46345	0	4
2025.07.02	12:00:00	3342.37	3351.10	3333.97	3349.76	71128	0	4
2025.07.02	18:00:00	3349.75	3362.37	3348.56	3349.42	21486	0	4
2025.07.03	00:00:00	3349.70	3360.47	3341.94	3359.41	39337	0	4
2025.07.03	06:00:00	3359.38	3363.72	3343.15	3346.10	47324	0	4
2025.07.03	12:00:00	3346.08	3352.38	3311.70	3329.20	78167	0	4
2025.07.03	18:00:00	3329.17	3332.05	3325.46	3330.89	9766	0	4
2025.07.04	00:00:00	3330.85	3342.41	3325.93	3339.67	32324	0	4
2025.07.04	06:00:00	3339.65	3345.12	3331.59	3334.73	36664	0	4
2025.07.04	12:00:00	3334.72	3338.05	3330.89	3335.21	28408	0	4
2025.07.06	18:00:00	3341.17	3341.75	3332.48	3333.50	4413	0	4
2025.07.07	00:00:00	3333.49	3334.59	3305.38	3307.83	59846	0	4
2025.07.07	06:00:00	3307.89	3315.25	3296.48	3302.12	51631	0	4
2025.07.07	12:00:00	3302.13	3328.06	3299.83	3327.42	63248	0	4
2025.07.07	18:00:00	3327.55	3345.85	3327.41	3339.84	31304	0	4
2025.07.08	00:00:00	3339.86	3340.12	3327.41	3329.69	48994	0	4
2025.07.08	06:00:00	3329.66	3339.50	3320.52	3324.68	49816	0	4
2025.07.08	12:00:00	3324.75	3329.91	3287.22	3300.49	74432	0	4
2025.07.08	18:00:00	3300.50	3310.44	3299.44	3301.68	31809	0	4
2025.07.09	00:00:00	3301.62	3308.05	3285.06	3294.07	51571	0	4
2025.07.09	06:00:00	3294.05	3297.85	3282.73	3295.59	49522	0	4
2025.07.09	12:00:00	3295.74	3313.32	3283.27	3311.94	58921	0	4
2025.07.09	18:00:00	3311.88	3321.16	3308.19	3319.61	25408	0	4
2025.07.10	00:00:00	3319.59	3326.38	3314.92	3322.28	36871	0	4
2025.07.10	06:00:00	3322.23	3330.35	3319.94	3325.32	36246	0	4
2025.07.10	12:00:00	3325.31	3330.49	3310.14	3315.06	60708	0	4
2025.07.10	18:00:00	3315.00	3326.51	3314.68	3323.33	24594	0	4
2025.07.11	00:00:00	3323.31	3336.16	3323.05	3332.03	42883	0	4
2025.07.11	06:00:00	3332.02	3348.19	3331.21	3345.12	57129	0	4
2025.07.11	12:00:00	3345.11	3368.82	3342.10	3353.89	86234	0	4
2025.07.11	18:00:00	3353.72	3359.83	3349.30	3357.27	30668	0	4
2025.07.13	18:00:00	3361.23	3371.19	3359.78	3369.41	6606	0	4
2025.07.14	00:00:00	3369.49	3374.12	3353.86	3359.76	56976	0	4
2025.07.14	06:00:00	3359.63	3375.01	3353.70	3372.15	57312	0	4
2025.07.14	12:00:00	3372.13	3373.13	3341.05	3347.77	71200	0	4
2025.07.14	18:00:00	3347.85	3351.77	3341.31	3345.69	29058	0	4
2025.07.15	00:00:00	3345.51	3361.42	3344.02	3360.21	34525	0	4
2025.07.15	06:00:00	3360.27	3366.37	3356.74	3361.33	42288	0	4
2025.07.15	12:00:00	3361.39	3362.03	3320.25	3329.29	79346	0	4
2025.07.15	18:00:00	3329.30	3331.95	3324.79	3326.65	25623	0	4
2025.07.16	00:00:00	3326.75	3338.73	3325.08	3338.36	36141	0	4
2025.07.16	06:00:00	3338.34	3343.08	3334.07	3334.99	37784	0	4
2025.07.16	12:00:00	3334.98	3377.48	3319.70	3349.02	97203	0	4
2025.07.16	18:00:00	3349.01	3357.48	3346.17	3349.64	29677	0	4
2025.07.17	00:00:00	3349.66	3350.25	3336.43	3342.79	36197	0	4
2025.07.17	06:00:00	3342.80	3342.98	3324.79	3325.90	47333	0	4
2025.07.17	12:00:00	3325.91	3339.99	3309.89	3338.90	73109	0	4
2025.07.17	18:00:00	3338.89	3343.97	3335.70	3343.34	22203	0	4
2025.07.18	00:00:00	3343.33	3344.25	3333.92	3337.14	35334	0	4
2025.07.18	06:00:00	3337.11	3354.94	3331.88	3351.46	39974	0	4
2025.07.18	12:00:00	3351.41	3361.33	3350.94	3353.81	56609	0	4
2025.07.18	18:00:00	3353.83	3353.85	3347.71	3350.38	17647	0	4
2025.07.20	18:00:00	3348.64	3350.06	3345.10	3347.88	2632	0	4
2025.07.21	00:00:00	3347.84	3358.74	3345.53	3357.89	31889	0	4
2025.07.21	06:00:00	3357.88	3370.81	3357.75	3366.09	40877	0	4
2025.07.21	12:00:00	3366.24	3401.49	3365.29	3395.69	84572	0	4
2025.07.21	18:00:00	3395.68	3401.11	3391.62	3399.43	29949	0	4
2025.07.22	00:00:00	3399.54	3402.76	3385.21	3391.20	34957	0	4
2025.07.22	06:00:00	3391.33	3391.97	3383.33	3387.16	40436	0	4
2025.07.22	12:00:00	3387.14	3432.99	3386.81	3432.28	87992	0	4
2025.07.22	18:00:00	3432.29	3433.57	3426.49	3427.98	31628	0	4
2025.07.23	00:00:00	3427.99	3439.00	3419.29	3423.59	46681	0	4
2025.07.23	06:00:00	3423.60	3433.85	3416.45	3422.78	49590	0	4
2025.07.23	12:00:00	3422.69	3429.98	3381.68	3387.49	84240	0	4
2025.07.23	18:00:00	3387.44	3396.05	3385.80	3386.89	34158	0	4
2025.07.24	00:00:00	3386.93	3393.34	3374.73	3382.61	42383	0	4
2025.07.24	06:00:00	3382.63	3382.98	3362.04	3364.44	45623	0	4
2025.07.24	12:00:00	3364.40	3377.40	3351.45	3367.02	70910	0	4
2025.07.24	18:00:00	3367.04	3373.45	3365.37	3368.79	23523	0	4
2025.07.25	00:00:00	3368.68	3373.54	3357.97	3360.96	31833	0	4
2025.07.25	06:00:00	3361.02	3362.42	3341.08	3342.89	38053	0	4
2025.07.25	12:00:00	3342.95	3347.48	3325.13	3329.75	78364	0	4
2025.07.25	18:00:00	3329.89	3340.28	3329.63	3336.19	22280	0	4
2025.07.27	18:00:00	3328.92	3335.41	3323.89	3329.72	5910	0	4
2025.07.28	00:00:00	3329.70	3344.09	3327.77	3339.73	36942	0	4
2025.07.28	06:00:00	3339.70	3345.43	3332.44	3335.96	40294	0	4
2025.07.28	12:00:00	3336.04	3338.42	3301.86	3312.24	69859	0	4
2025.07.28	18:00:00	3312.23	3318.88	3308.84	3314.83	28262	0	4
2025.07.29	00:00:00	3314.75	3320.92	3308.05	3316.52	32768	0	4
2025.07.29	06:00:00	3316.53	3329.97	3311.30	3322.14	47186	0	4
2025.07.29	12:00:00	3322.18	3334.21	3312.10	3323.18	66349	0	4
2025.07.29	18:00:00	3323.21	3330.98	3322.70	3327.80	26780	0	4
2025.07.30	00:00:00	3327.93	3333.68	3321.87	3327.22	30514	0	4
2025.07.30	06:00:00	3327.24	3334.06	3323.14	3328.52	36187	0	4
2025.07.30	12:00:00	3328.56	3331.95	3288.74	3298.07	67601	0	4
2025.07.30	18:00:00	3298.18	3304.89	3268.11	3279.01	55604	0	4
2025.07.31	00:00:00	3279.05	3298.62	3277.93	3298.19	38255	0	4
2025.07.31	06:00:00	3298.18	3314.88	3293.82	3296.27	46472	0	4
2025.07.31	12:00:00	3296.55	3311.20	3289.79	3295.11	82694	0	4
2025.07.31	18:00:00	3295.13	3298.44	3289.61	3295.01	31229	0	4
2025.08.01	00:00:00	3295.02	3297.24	3281.67	3292.22	37687	0	4
2025.08.01	06:00:00	3292.23	3303.16	3285.29	3298.35	42507	0	4
2025.08.01	12:00:00	3298.34	3355.14	3296.90	3347.33	100251	0	4
2025.08.01	18:00:00	3347.37	3363.64	3345.61	3363.50	33556	0	4
2025.08.03	18:00:00	3364.24	3364.43	3357.76	3359.22	4361	0	4
2025.08.04	00:00:00	3359.25	3362.10	3345.08	3359.01	34527	0	4
2025.08.04	06:00:00	3359.09	3362.65	3351.78	3357.90	41633	0	4
2025.08.04	12:00:00	3357.94	3385.44	3357.73	3371.08	70662	0	4
2025.08.04	18:00:00	3371.09	3377.19	3370.84	3374.81	21864	0	4
2025.08.05	00:00:00	3374.84	3382.54	3371.05	3371.20	26622	0	4
2025.08.05	06:00:00	3371.16	3375.57	3352.95	3353.21	41217	0	4
2025.08.05	12:00:00	3353.20	3390.46	3349.94	3382.08	71964	0	4
2025.08.05	18:00:00	3382.09	3382.82	3378.17	3379.72	20934	0	4
2025.08.06	00:00:00	3379.64	3385.39	3372.24	3372.45	26809	0	4
2025.08.06	06:00:00	3372.44	3378.67	3358.21	3363.67	37903	0	4
2025.08.06	12:00:00	3363.60	3379.98	3360.31	3376.10	61858	0	4
2025.08.06	18:00:00	3376.17	3377.63	3367.28	3372.03	27258	0	4
2025.08.07	00:00:00	3371.99	3384.07	3365.15	3377.63	30586	0	4
2025.08.07	06:00:00	3377.71	3397.49	3371.87	3373.12	50812	0	4
2025.08.07	12:00:00	3373.13	3393.96	3371.92	3388.78	62411	0	4
2025.08.07	18:00:00	3388.85	3408.81	3384.38	3404.37	35837	0	4
2025.08.08	00:00:00	3404.25	3407.15	3381.41	3394.28	57410	0	4
2025.08.08	06:00:00	3394.30	3404.31	3384.48	3385.13	63338	0	0
2025.08.08	12:00:00	3385.16	3401.91	3380.41	3397.60	71811	0	4
2025.08.08	18:00:00	3397.61	3404.61	3377.34	3397.04	35326	0	4
2025.08.10	18:00:00	3400.65	3401.75	3390.51	3395.29	3928	0	4
2025.08.11	00:00:00	3395.30	3396.93	3367.90	3375.94	61122	0	4
2025.08.11	06:00:00	3375.89	3380.09	3353.12	3358.52	78462	0	4
2025.08.11	12:00:00	3358.50	3362.91	3341.51	3344.18	94434	0	4
2025.08.11	18:00:00	3344.20	3358.86	3341.34	3347.20	43413	0	4
2025.08.12	00:00:00	3347.18	3357.48	3346.21	3354.41	40320	0	4
2025.08.12	06:00:00	3354.47	3358.17	3342.30	3344.73	54126	0	4
2025.08.12	12:00:00	3344.86	3359.35	3331.17	3349.48	119230	0	4
2025.08.12	18:00:00	3349.49	3353.68	3345.60	3350.60	29815	0	4
2025.08.13	00:00:00	3350.59	3354.35	3342.78	3351.77	36129	0	4
2025.08.13	06:00:00	3351.73	3367.00	3345.75	3366.12	48614	0	4
2025.08.13	12:00:00	3366.14	3370.79	3354.35	3357.94	68485	0	4
2025.08.13	18:00:00	3357.95	3359.39	3349.98	3357.59	19921	0	4
2025.08.14	00:00:00	3357.57	3374.79	3355.58	3360.57	43233	0	4
2025.08.14	06:00:00	3360.58	3366.44	3341.55	3355.01	58431	0	4
2025.08.14	12:00:00	3355.09	3358.43	3329.89	3334.45	100712	0	4
2025.08.14	18:00:00	3334.43	3341.08	3331.95	3333.43	25259	0	4
2025.08.15	00:00:00	3333.46	3346.68	3332.31	3345.50	32794	0	4
2025.08.15	06:00:00	3345.44	3348.75	3336.39	3337.71	44340	0	4
2025.08.15	12:00:00	3337.73	3345.99	3333.00	3338.20	75325	0	4
2025.08.15	18:00:00	3338.27	3339.69	3334.46	3335.99	20947	0	4
2025.08.17	18:00:00	3334.59	3335.35	3333.04	3334.41	2830	0	4
2025.08.18	00:00:00	3334.43	3358.21	3323.60	3357.62	44055	0	4
2025.08.18	06:00:00	3357.61	3358.52	3344.65	3346.66	47292	0	4
2025.08.18	12:00:00	3346.68	3348.86	3331.81	3334.34	51311	0	4
2025.08.18	18:00:00	3334.35	3334.91	3330.35	3334.44	15971	0	4
2025.08.19	00:00:00	3334.45	3341.62	3326.07	3337.76	35934	0	4
2025.08.19	06:00:00	3337.68	3345.33	3334.53	3343.66	31124	0	4
2025.08.19	12:00:00	3343.65	3344.81	3317.07	3317.55	60677	0	4
2025.08.19	18:00:00	3317.52	3320.25	3315.01	3316.93	19929	0	4
2025.08.20	00:00:00	3316.91	3321.00	3311.61	3318.77	33615	0	4
2025.08.20	06:00:00	3318.79	3327.97	3318.24	3326.69	33266	0	4
2025.08.20	12:00:00	3326.66	3350.33	3325.82	3345.17	62180	0	4
2025.08.20	18:00:00	3345.19	3352.14	3344.15	3349.70	19411	0	4
2025.08.21	00:00:00	3349.69	3349.69	3338.06	3338.32	25394	0	4
2025.08.21	06:00:00	3338.31	3342.20	3327.60	3328.49	33968	0	4
2025.08.21	12:00:00	3328.50	3348.18	3325.07	3339.84	74369	0	4
2025.08.21	18:00:00	3339.80	3342.07	3336.63	3338.97	16946	0	4
2025.08.22	00:00:00	3338.99	3340.32	3328.04	3328.44	25487	0	4
2025.08.22	06:00:00	3328.43	3335.08	3325.39	3331.00	35288	0	4
2025.08.22	12:00:00	3331.03	3378.85	3321.49	3370.61	93003	0	4
2025.08.22	18:00:00	3370.59	3375.54	3368.92	3371.88	21247	0	4
2025.08.24	18:00:00	3368.78	3370.19	3365.97	3367.32	2553	0	4
2025.08.25	00:00:00	3367.33	3371.10	3359.88	3366.08	29140	0	4
2025.08.25	06:00:00	3366.07	3369.86	3362.00	3366.03	26659	0	4
2025.08.25	12:00:00	3366.02	3376.32	3362.20	3373.92	53603	0	4
2025.08.25	18:00:00	3373.94	3374.93	3363.81	3364.25	23650	0	4
2025.08.26	00:00:00	3364.26	3386.47	3351.31	3377.39	71100	0	4
2025.08.26	06:00:00	3377.43	3379.85	3367.27	3372.10	53627	0	4
2025.08.26	12:00:00	3372.17	3389.44	3370.39	3383.17	78332	0	4
2025.08.26	18:00:00	3383.19	3393.63	3380.36	3391.18	27603	0	4
2025.08.27	00:00:00	3391.24	3393.56	3373.98	3374.99	39398	0	4
2025.08.27	06:00:00	3375.02	3385.48	3373.83	3375.64	52260	0	4
2025.08.27	12:00:00	3375.71	3398.92	3373.88	3395.53	79825	0	4
2025.08.27	18:00:00	3395.52	3398.46	3392.40	3395.84	29936	0	4
2025.08.28	00:00:00	3395.82	3399.36	3384.63	3390.37	46226	0	4
2025.08.28	06:00:00	3390.33	3401.67	3387.76	3397.08	59334	0	4
2025.08.28	12:00:00	3397.11	3417.79	3393.91	3415.57	106832	0	4
2025.08.28	18:00:00	3415.56	3423.27	3414.65	3416.86	38274	0	4
2025.08.29	00:00:00	3416.83	3417.93	3407.57	3408.88	42419	0	4
2025.08.29	06:00:00	3408.89	3414.86	3404.67	3405.54	53768	0	4
2025.08.29	12:00:00	3405.52	3449.38	3404.35	3449.20	121978	0	4
2025.08.29	18:00:00	3449.22	3454.09	3440.99	3448.20	48469	0	4
2025.08.31	18:00:00	3446.05	3452.64	3442.46	3450.41	5006	0	4
2025.09.01	00:00:00	3450.40	3486.12	3437.03	3475.15	102624	0	3
2025.09.01	06:00:00	3475.14	3489.88	3466.36	3470.64	105060	0	3
2025.09.01	12:00:00	3470.62	3481.48	3467.26	3477.40	74769	0	3
2025.09.01	18:00:00	3477.42	3480.13	3475.32	3475.32	13351	0	3
2025.09.02	00:00:00	3475.38	3508.84	3474.64	3496.76	105656	0	3
2025.09.02	06:00:00	3496.75	3497.86	3470.17	3485.69	118119	0	3
2025.09.02	12:00:00	3485.73	3528.84	3474.49	3527.87	184778	0	3
2025.09.02	18:00:00	3527.90	3540.09	3521.93	3529.43	53522	0	3
2025.09.03	00:00:00	3529.49	3546.94	3526.39	3536.99	94586	0	3
2025.09.03	06:00:00	3536.98	3542.00	3526.94	3540.05	94589	0	3
2025.09.03	12:00:00	3540.04	3572.66	3539.91	3572.53	168570	0	3
2025.09.03	18:00:00	3572.55	3578.53	3559.02	3561.85	79998	0	3
2025.09.04	00:00:00	3561.79	3563.49	3511.27	3533.11	117301	0	3
2025.09.04	06:00:00	3533.09	3547.07	3524.52	3540.93	94004	0	3
2025.09.04	12:00:00	3540.90	3558.91	3535.09	3552.74	151345	0	3
2025.09.04	18:00:00	3552.73	3555.52	3540.15	3541.01	38235	0	3
2025.09.05	00:00:00	3541.04	3559.26	3540.96	3558.55	64421	0	3
2025.09.05	06:00:00	3558.54	3561.17	3544.91	3551.81	83488	0	3
2025.09.05	12:00:00	3551.82	3600.22	3547.84	3595.21	222675	0	3
2025.09.05	18:00:00	3595.22	3597.54	3586.50	3587.40	59529	0	3
2025.09.07	18:00:00	3592.47	3597.01	3587.09	3592.21	19629	0	3
2025.09.08	00:00:00	3592.28	3597.22	3579.68	3581.66	96881	0	3
2025.09.08	06:00:00	3581.67	3622.56	3581.22	3617.06	90851	0	3
2025.09.08	12:00:00	3617.12	3646.47	3612.80	3640.80	154736	0	3
2025.09.08	18:00:00	3640.79	3641.23	3628.93	3629.51	53960	0	3
2025.09.09	00:00:00	3629.50	3657.20	3628.38	3655.01	98573	0	3
2025.09.09	06:00:00	3655.02	3659.39	3636.71	3651.95	106437	0	3
2025.09.09	12:00:00	3652.02	3674.64	3627.01	3645.11	155209	0	3
2025.09.09	18:00:00	3645.12	3646.55	3623.03	3635.55	54398	0	3
2025.09.10	00:00:00	3635.54	3643.28	3620.42	3643.01	80388	0	3
2025.09.10	06:00:00	3642.99	3657.62	3639.93	3655.31	79910	0	3
2025.09.10	12:00:00	3655.33	3657.39	3638.63	3642.88	129503	0	3
2025.09.10	18:00:00	3642.93	3649.74	3635.25	3639.85	32452	0	3
2025.09.11	00:00:00	3639.97	3649.15	3630.05	3630.69	39167	0	3
2025.09.11	06:00:00	3630.70	3638.12	3614.28	3621.88	58867	0	3
2025.09.11	12:00:00	3621.86	3644.01	3614.74	3636.26	93280	0	3
2025.09.11	18:00:00	3636.31	3638.26	3630.47	3634.99	27396	0	3
2025.09.12	00:00:00	3634.98	3656.23	3630.56	3655.04	45137	0	3
2025.09.12	06:00:00	3655.00	3656.70	3637.74	3651.19	54562	0	3
2025.09.12	12:00:00	3651.20	3654.39	3638.35	3649.20	77206	0	3
2025.09.12	18:00:00	3649.22	3650.70	3641.51	3643.43	22558	0	3
2025.09.14	18:00:00	3644.71	3646.10	3639.71	3642.16	2988	0	3
2025.09.15	00:00:00	3642.19	3646.89	3626.64	3645.70	41418	0	3
2025.09.15	06:00:00	3645.72	3646.42	3633.80	3639.96	52847	0	3
2025.09.15	12:00:00	3639.97	3685.69	3636.96	3679.26	89529	0	3
2025.09.15	18:00:00	3679.27	3682.88	3675.89	3678.93	34544	0	3
2025.09.16	00:00:00	3678.95	3689.58	3674.82	3684.32	44119	0	3
2025.09.16	06:00:00	3684.31	3698.97	3680.30	3693.24	54164	0	3
2025.09.16	12:00:00	3693.28	3703.09	3678.89	3689.75	132228	0	3
2025.09.16	18:00:00	3689.74	3693.85	3686.40	3691.96	34140	0	3
2025.09.17	00:00:00	3691.98	3695.37	3674.33	3680.85	54960	0	3
2025.09.17	06:00:00	3680.86	3685.92	3660.55	3661.57	83767	0	3
2025.09.17	12:00:00	3661.56	3688.56	3660.10	3684.81	100759	0	3
2025.09.17	18:00:00	3684.82	3707.61	3646.20	3663.06	116609	0	3
2025.09.18	00:00:00	3663.03	3672.08	3651.86	3653.69	69848	0	3
2025.09.18	06:00:00	3653.67	3673.05	3634.08	3667.15	95155	0	3
2025.09.18	12:00:00	3667.13	3672.46	3627.96	3646.38	136790	0	3
2025.09.18	18:00:00	3646.37	3647.19	3639.52	3640.35	37952	0	3
2025.09.19	00:00:00	3640.33	3659.95	3632.33	3658.95	67077	0	3
2025.09.19	06:00:00	3658.94	3661.26	3643.42	3655.90	71940	0	3
2025.09.19	12:00:00	3655.91	3675.96	3643.75	3668.35	122236	0	3
2025.09.19	18:00:00	3668.36	3685.35	3668.11	3684.87	44390	0	3
2025.09.21	18:00:00	3687.89	3692.21	3683.89	3688.50	5921	0	3
2025.09.22	00:00:00	3688.49	3697.55	3685.69	3692.22	67475	0	3
2025.09.22	06:00:00	3692.21	3728.37	3691.94	3727.42	84950	0	3
2025.09.22	12:00:00	3727.41	3739.64	3712.09	3737.16	125286	0	3
2025.09.22	18:00:00	3737.15	3748.95	3737.15	3740.07	43627	0	3
2025.09.23	00:00:00	3740.11	3759.29	3736.79	3744.79	83740	0	3
2025.09.23	06:00:00	3744.70	3791.14	3743.29	3783.02	105305	0	3
2025.09.23	12:00:00	3783.03	3788.91	3765.20	3779.29	145349	0	3
2025.09.23	18:00:00	3779.28	3785.80	3752.07	3765.48	76822	0	3
2025.09.24	00:00:00	3765.42	3771.81	3750.74	3768.28	72734	0	3
2025.09.24	06:00:00	3768.33	3779.35	3759.85	3762.14	72467	0	3
2025.09.24	12:00:00	3762.17	3772.96	3732.31	3735.75	140871	0	3
2025.09.24	18:00:00	3735.73	3745.30	3717.49	3741.12	55060	0	3
2025.09.25	00:00:00	3741.13	3751.59	3729.69	3738.19	63383	0	3
2025.09.25	06:00:00	3738.21	3761.53	3734.19	3757.17	87283	0	3
2025.09.25	12:00:00	3757.20	3757.66	3722.08	3733.75	154936	0	3
2025.09.25	18:00:00	3733.76	3758.34	3732.43	3748.83	64035	0	3
2025.09.26	00:00:00	3748.88	3753.37	3734.51	3747.67	63777	0	3
2025.09.26	06:00:00	3747.64	3755.27	3739.26	3744.69	75169	0	3
2025.09.26	12:00:00	3744.68	3783.77	3744.52	3774.27	102670	0	3
2025.09.26	18:00:00	3774.26	3783.27	3761.19	3761.57	37495	0	3
2025.09.28	18:00:00	3764.99	3771.01	3763.50	3770.53	4866	0	3
2025.09.29	00:00:00	3770.48	3809.02	3764.01	3805.18	73910	0	3
2025.09.29	06:00:00	3805.05	3819.90	3801.42	3817.93	76775	0	3
2025.09.29	12:00:00	3817.98	3833.60	3809.33	3830.36	101440	0	3
2025.09.29	18:00:00	3830.39	3834.12	3822.61	3830.76	45957	0	3
2025.09.30	00:00:00	3830.59	3867.17	3828.13	3867.03	77280	0	3
2025.09.30	06:00:00	3867.04	3871.75	3793.24	3812.16	131360	0	3
2025.09.30	12:00:00	3812.11	3854.47	3804.51	3846.05	143812	0	3
2025.09.30	18:00:00	3846.09	3861.42	3839.89	3860.04	54491	0	3
2025.10.01	00:00:00	3860.05	3875.49	3855.68	3864.95	62368	0	3
2025.10.01	06:00:00	3864.90	3895.32	3853.47	3887.60	94904	0	3
2025.10.01	12:00:00	3887.57	3891.21	3856.40	3870.96	150085	0	3
2025.10.01	18:00:00	3871.00	3871.97	3855.08	3862.15	60816	0	3
2025.10.02	00:00:00	3862.18	3870.06	3852.95	3864.25	55639	0	3
2025.10.02	06:00:00	3864.31	3883.95	3861.88	3881.91	80032	0	3
2025.10.02	12:00:00	3881.85	3896.90	3819.53	3844.90	173001	0	3
2025.10.02	18:00:00	3844.91	3859.46	3840.60	3857.16	49946	0	3
2025.10.03	00:00:00	3857.17	3863.77	3838.04	3844.05	64755	0	3
2025.10.03	06:00:00	3844.07	3867.73	3843.98	3865.81	65380	0	3
2025.10.03	12:00:00	3865.80	3891.76	3854.98	3884.04	146227	0	3
2025.10.03	18:00:00	3884.02	3889.37	3877.01	3886.75	57147	0	4
2025.10.05	18:00:00	3888.60	3903.55	3884.23	3900.88	9379	0	4
2025.10.06	00:00:00	3900.91	3940.44	3898.37	3938.79	110873	0	2
2025.10.06	06:00:00	3938.82	3949.61	3922.52	3942.32	123615	0	2
2025.10.06	12:00:00	3942.31	3970.14	3926.51	3954.12	172758	0	2
2025.10.06	18:00:00	3954.22	3976.27	3951.23	3963.44	71326	0	2
2025.10.07	00:00:00	3963.39	3977.51	3956.04	3976.12	94595	0	2
2025.10.07	06:00:00	3976.10	3976.93	3940.97	3960.15	129404	0	2
2025.10.07	12:00:00	3960.17	3991.02	3956.34	3976.71	186553	0	2
2025.10.07	18:00:00	3976.75	3990.67	3974.27	3989.54	76127	0	2
2025.10.08	00:00:00	3989.52	4027.32	3984.56	4026.95	97131	0	2
2025.10.08	06:00:00	4026.90	4049.67	4021.44	4037.17	119631	0	2
2025.10.08	12:00:00	4037.22	4059.29	4026.18	4056.62	164848	0	2
2025.10.08	18:00:00	4056.61	4058.09	4015.35	4021.33	97709	0	2
2025.10.09	00:00:00	4021.35	4041.25	4001.40	4039.07	139568	0	2
2025.10.09	06:00:00	4039.05	4044.33	4022.79	4044.27	114277	0	2
2025.10.09	12:00:00	4044.30	4057.98	3963.82	3968.37	220722	0	3
2025.10.09	18:00:00	3968.45	3982.15	3944.79	3975.36	117539	0	2
2025.10.10	00:00:00	3975.37	3994.50	3947.01	3966.48	110839	0	2
2025.10.10	06:00:00	3966.47	4006.72	3952.65	3993.91	151110	0	2
2025.10.10	12:00:00	3993.92	4022.93	3970.76	3983.49	208618	0	2
2025.10.10	18:00:00	3983.47	4021.41	3975.23	4019.08	99093	0	2
2025.10.12	18:00:00	4013.05	4045.38	4008.22	4042.43	12772	0	2
2025.10.13	00:00:00	4042.39	4060.03	4024.61	4056.31	107579	0	3
2025.10.13	06:00:00	4056.29	4085.23	4055.14	4080.99	98513	0	3
2025.10.13	12:00:00	4080.93	4116.98	4073.28	4105.82	143607	0	2
2025.10.13	18:00:00	4105.85	4115.78	4090.79	4115.06	65697	0	2
2025.10.14	00:00:00	4114.95	4170.00	4112.95	4168.16	128189	0	2
2025.10.14	06:00:00	4168.15	4179.82	4090.64	4131.89	177973	0	2
2025.10.14	12:00:00	4131.88	4155.26	4098.01	4140.40	193852	0	2
2025.10.14	18:00:00	4140.48	4163.76	4134.59	4158.48	84044	0	3
2025.10.15	00:00:00	4158.49	4190.94	4154.01	4179.60	78494	0	2
2025.10.15	06:00:00	4179.59	4218.26	4175.21	4202.78	96250	0	2
2025.10.15	12:00:00	4202.80	4212.49	4176.57	4198.97	153443	0	2
2025.10.15	18:00:00	4198.99	4215.66	4182.65	4213.40	81705	0	3
2025.10.16	00:00:00	4213.37	4242.07	4205.00	4233.39	89596	0	3
2025.10.16	06:00:00	4233.54	4246.10	4203.66	4242.78	104604	0	3
2025.10.16	12:00:00	4242.80	4292.07	4227.75	4282.72	166454	0	3
2025.10.16	18:00:00	4282.71	4379.60	4273.46	4346.65	110225	0	3
2025.10.17	00:00:00	4346.78	4379.26	4279.06	4376.46	159556	0	3
2025.10.17	06:00:00	4376.49	4378.65	4317.75	4327.85	161648	0	2
2025.10.17	12:00:00	4327.67	4335.99	4200.84	4204.96	232397	0	2
2025.10.17	18:00:00	4205.03	4250.57	4186.95	4247.67	111375	0	2
2025.10.19	18:00:00	4258.83	4268.54	4245.36	4256.13	10482	0	3
2025.10.20	00:00:00	4256.03	4271.27	4219.07	4266.35	126009	0	3
2025.10.20	06:00:00	4266.20	4266.86	4221.46	4254.74	113164	0	3
2025.10.20	12:00:00	4254.70	4355.76	4251.01	4347.90	168871	0	3
2025.10.20	18:00:00	4347.89	4381.77	4337.40	4367.40	86293	0	3
2025.10.21	00:00:00	4367.47	4372.35	4332.86	4342.03	95455	0	3
2025.10.21	06:00:00	4341.86	4344.34	4244.87	4253.87	156515	0	2
2025.10.21	12:00:00	4253.84	4272.49	4081.59	4113.54	219544	0	2
2025.10.21	18:00:00	4113.53	4130.87	4094.15	4123.15	106182	0	2
2025.10.22	00:00:00	4123.23	4143.30	4004.39	4128.33	138976	0	2
2025.10.22	06:00:00	4128.40	4161.38	4023.92	4034.89	154594	0	2
2025.10.22	12:00:00	4034.99	4085.27	4011.42	4059.39	140647	0	2
2025.10.22	18:00:00	4059.32	4113.57	4044.21	4102.18	70062	0	2
2025.10.23	00:00:00	4102.20	4104.52	4066.32	4089.81	79979	0	2
2025.10.23	06:00:00	4089.76	4137.89	4084.00	4109.03	87425	0	2
2025.10.23	12:00:00	4109.10	4154.81	4100.27	4132.97	109797	0	2
2025.10.23	18:00:00	4133.00	4143.53	4107.48	4116.00	49697	0	2
2025.10.24	00:00:00	4116.15	4144.43	4102.92	4111.70	59999	0	2
2025.10.24	06:00:00	4111.79	4118.07	4047.57	4054.81	80985	0	2
2025.10.24	12:00:00	4054.53	4138.75	4044.68	4129.31	116228	0	2
2025.10.24	18:00:00	4129.34	4134.43	4096.61	4113.08	49755	0	2
2025.10.26	18:00:00	4083.85	4109.34	4061.91	4064.57	24018	0	2
2025.10.27	00:00:00	4064.61	4097.76	4053.85	4079.67	79415	0	2
2025.10.27	06:00:00	4079.66	4084.86	4015.50	4024.04	88752	0	2
2025.10.27	12:00:00	4024.06	4050.40	3971.38	4006.53	119280	0	2
2025.10.27	18:00:00	4006.56	4010.24	3979.09	3998.64	53481	0	2
2025.10.28	00:00:00	3998.53	4019.72	3959.28	3966.65	76750	0	2
2025.10.28	06:00:00	3966.69	3968.66	3886.68	3923.24	98777	0	3
2025.10.28	12:00:00	3923.23	3970.31	3905.69	3962.59	112270	0	3
2025.10.28	18:00:00	3962.56	3967.85	3918.70	3964.99	46552	0	2
2025.10.29	00:00:00	3964.98	3982.37	3944.39	3962.55	76533	0	2
2025.10.29	06:00:00	3962.54	4029.68	3959.94	4016.26	82724	0	2
2025.10.29	12:00:00	4016.44	4030.13	3985.89	3994.99	106334	0	2
2025.10.29	18:00:00	3995.01	4007.47	3917.52	3952.91	81415	0	2
2025.10.30	00:00:00	3952.92	3982.58	3915.58	3963.69	100974	0	2
2025.10.30	06:00:00	3963.65	4011.80	3956.00	3974.48	96212	0	2
2025.10.30	12:00:00	3974.64	4017.98	3960.50	4004.61	120969	0	2
2025.10.30	18:00:00	4004.74	4046.28	4000.26	4036.66	58528	0	2
2025.10.31	00:00:00	4036.68	4039.34	3989.13	4005.16	100530	0	2
2025.10.31	06:00:00	4005.17	4026.83	3998.69	4010.55	86022	0	2
2025.10.31	12:00:00	4010.62	4036.21	3972.37	3997.72	121974	0	2
2025.10.31	18:00:00	3997.76	4009.96	3991.40	4003.90	33620	0	2
2025.11.02	18:00:00	3995.44	3999.16	3977.96	3980.56	9045	0	2
2025.11.03	00:00:00	3980.37	4018.44	3962.58	4013.98	78125	0	2
2025.11.03	06:00:00	4014.03	4028.05	3993.14	4007.63	81909	0	2
2025.11.03	12:00:00	4007.70	4030.46	3995.35	4006.19	108099	0	2
2025.11.03	18:00:00	4006.24	4015.03	3981.53	3997.29	46459	0	2
2025.11.04	00:00:00	3997.68	3999.36	3972.90	3973.31	74142	0	2
2025.11.04	06:00:00	3973.34	4000.69	3966.69	3995.08	61558	0	2
2025.11.04	12:00:00	3995.04	3997.55	3928.72	3955.08	106278	0	2
2025.11.04	18:00:00	3955.06	3956.84	3930.57	3934.68	55147	0	2
2025.11.05	00:00:00	3934.73	3978.64	3929.80	3964.94	72939	0	2
2025.11.05	06:00:00	3965.26	3987.11	3956.14	3966.99	55931	0	2
2025.11.05	12:00:00	3966.95	3990.54	3962.32	3982.14	79733	0	2
2025.11.05	18:00:00	3982.17	3990.25	3966.89	3973.81	33822	0	2
2025.11.06	00:00:00	3973.77	3990.72	3964.59	3987.77	46691	0	2
2025.11.06	06:00:00	3987.67	4019.57	3982.34	4018.17	61390	0	2
2025.11.06	12:00:00	4018.15	4019.64	3965.92	3986.19	108344	0	2
2025.11.06	18:00:00	3986.20	3995.29	3976.95	3989.22	49215	0	2
2025.11.07	00:00:00	3989.25	4003.26	3984.60	3995.08	48371	0	2
2025.11.07	06:00:00	3995.10	4014.25	3992.34	4002.96	44965	0	2
2025.11.07	12:00:00	4002.98	4027.49	3984.14	4005.53	98695	0	2
2025.11.07	18:00:00	4005.54	4009.17	3994.52	4001.48	41832	0	2
2025.11.09	18:00:00	4006.44	4012.21	4004.23	4011.91	5547	0	2
2025.11.10	00:00:00	4011.89	4070.00	4011.23	4069.51	63390	0	2
2025.11.10	06:00:00	4069.53	4086.36	4067.14	4085.42	55722	0	0
2025.11.10	12:00:00	4085.46	4106.03	4074.38	4102.65	95411	0	2
2025.11.10	18:00:00	4102.63	4122.81	4101.77	4120.06	45014	0	2
2025.11.11	00:00:00	4120.08	4149.06	4116.37	4131.08	60822	0	2
2025.11.11	06:00:00	4131.06	4146.02	4125.01	4142.85	55992	0	2
2025.11.11	12:00:00	4143.14	4146.80	4097.18	4114.40	91566	0	2
2025.11.11	18:00:00	4114.44	4144.75	4106.79	4142.69	41896	0	2
2025.11.12	00:00:00	4142.62	4145.65	4098.95	4104.83	71408	0	2
2025.11.12	06:00:00	4104.72	4133.64	4103.24	4126.12	72006	0	2
2025.11.12	12:00:00	4126.14	4206.59	4122.76	4199.56	116846	0	2
2025.11.12	18:00:00	4199.61	4211.75	4187.59	4191.19	62012	0	2
2025.11.13	00:00:00	4191.12	4219.51	4179.96	4212.04	85578	0	2
2025.11.13	06:00:00	4212.08	4240.20	4203.37	4230.61	76458	0	2
2025.11.13	12:00:00	4230.25	4245.19	4184.53	4201.83	120579	0	2
2025.11.13	18:00:00	4201.87	4203.34	4145.51	4186.04	73304	0	2
2025.11.14	00:00:00	4186.11	4211.32	4173.72	4189.92	81275	0	2
2025.11.14	06:00:00	4189.96	4193.45	4130.98	4133.07	89678	0	2
2025.11.14	12:00:00	4133.01	4140.64	4032.24	4099.94	132976	0	2
2025.11.14	18:00:00	4099.96	4103.70	4075.57	4085.04	51897	0	2
2025.11.16	18:00:00	4077.87	4106.84	4077.19	4096.44	9855	0	2
2025.11.17	00:00:00	4096.55	4102.03	4049.79	4058.41	82818	0	2
2025.11.17	06:00:00	4058.40	4095.96	4054.82	4078.50	70917	0	2
2025.11.17	12:00:00	4078.52	4092.33	4052.29	4073.32	103967	0	2
2025.11.17	18:00:00	4073.36	4076.21	4006.92	4036.78	68316	0	2
2025.11.18	00:00:00	4036.88	4045.22	4004.93	4018.99	77435	0	2
2025.11.18	06:00:00	4019.07	4050.41	3998.01	4039.49	73866	0	2
2025.11.18	12:00:00	4039.34	4081.94	4029.32	4071.52	126092	0	2
2025.11.18	18:00:00	4071.54	4082.33	4063.25	4076.86	59209	0	2
2025.11.19	00:00:00	4076.84	4097.46	4055.61	4095.57	70082	0	2
2025.11.19	06:00:00	4095.56	4119.20	4078.29	4113.05	72095	0	2
2025.11.19	12:00:00	4113.06	4132.94	4055.67	4078.91	126453	0	2
2025.11.19	18:00:00	4078.89	4108.27	4065.72	4104.61	71879	0	2
2025.11.20	00:00:00	4104.62	4110.21	4039.14	4066.70	80787	0	2
2025.11.20	06:00:00	4066.69	4077.80	4038.86	4060.60	81362	0	2
2025.11.20	12:00:00	4060.70	4107.19	4043.75	4066.23	140409	0	2
2025.11.20	18:00:00	4065.97	4088.80	4056.32	4079.01	70187	0	2
2025.11.21	00:00:00	4079.27	4081.47	4040.02	4058.71	85207	0	2
2025.11.21	06:00:00	4058.69	4064.52	4022.46	4036.74	94355	0	2
2025.11.21	12:00:00	4036.72	4101.14	4034.85	4085.65	132764	0	2
2025.11.21	18:00:00	4085.49	4092.26	4054.69	4065.96	55808	0	2
2025.11.23	18:00:00	4067.53	4077.74	4065.82	4075.19	8056	0	2
2025.11.24	00:00:00	4075.16	4076.14	4040.20	4046.54	68637	0	2
2025.11.24	06:00:00	4046.52	4077.23	4045.55	4070.07	57400	0	2
2025.11.24	12:00:00	4070.03	4100.45	4065.76	4093.37	89202	0	2
2025.11.24	18:00:00	4093.27	4144.24	4088.15	4143.80	49877	0	2
2025.11.25	00:00:00	4143.76	4156.01	4122.75	4151.11	74871	0	2
2025.11.25	06:00:00	4151.06	4152.16	4109.66	4133.54	73236	0	2
2025.11.25	12:00:00	4133.58	4159.38	4111.09	4146.14	108286	0	2
2025.11.25	18:00:00	4146.16	4150.89	4127.69	4133.80	51704	0	2
2025.11.26	00:00:00	4133.81	4169.54	4132.77	4162.38	70664	0	2
2025.11.26	06:00:00	4162.39	4173.06	4146.90	4171.59	65531	0	2
2025.11.26	12:00:00	4171.63	4173.44	4136.73	4167.22	96010	0	2
2025.11.26	18:00:00	4167.28	4171.62	4158.11	4164.70	44603	0	2
2025.11.27	00:00:00	4164.90	4167.19	4142.74	4147.10	62509	0	2
2025.11.27	06:00:00	4147.17	4167.18	4147.06	4157.39	62264	0	2
2025.11.27	12:00:00	4157.43	4161.89	4149.22	4157.83	48821	0	2
2025.11.27	18:00:00	4157.85	4163.93	4155.91	4163.43	10172	0	2
2025.11.28	00:00:00	4163.28	4193.21	4163.17	4182.55	41263	0	2
2025.11.28	06:00:00	4182.48	4188.96	4149.26	4171.78	28292	0	2
2025.11.28	12:00:00	4171.76	4216.84	4168.40	4216.79	66063	0	2
2025.11.28	18:00:00	4216.85	4226.91	4211.06	4220.54	18732	0	2
2025.11.30	18:00:00	4230.26	4230.87	4205.68	4222.40	12819	0	2
2025.12.01	00:00:00	4221.96	4256.53	4215.60	4229.66	100639	0	2
2025.12.01	06:00:00	4229.65	4262.44	4226.32	4254.65	83919	0	2
2025.12.01	12:00:00	4254.61	4264.63	4219.59	4232.41	127918	0	2
2025.12.01	18:00:00	4232.48	4244.73	4224.64	4227.59	58711	0	2
2025.12.02	00:00:00	4227.64	4229.70	4199.88	4225.00	76336	0	2
2025.12.02	06:00:00	4225.02	4226.32	4181.28	4205.44	68985	0	2
2025.12.02	12:00:00	4205.53	4230.66	4163.93	4193.95	112352	0	2
2025.12.02	18:00:00	4193.88	4216.20	4183.33	4212.92	50656	0	2
2025.12.03	00:00:00	4213.03	4228.97	4203.62	4207.77	79807	0	2
2025.12.03	06:00:00	4207.82	4211.85	4194.63	4208.78	70673	0	2
2025.12.03	12:00:00	4208.73	4241.60	4195.88	4211.09	114168	0	2
2025.12.03	18:00:00	4211.11	4212.74	4195.21	4207.30	51309	0	2
2025.12.04	00:00:00	4207.31	4216.95	4175.03	4181.16	81513	0	2
2025.12.04	06:00:00	4181.21	4206.61	4178.78	4198.64	80765	0	2
2025.12.04	12:00:00	4198.62	4219.53	4185.65	4216.62	109300	0	2
2025.12.04	18:00:00	4216.64	4217.52	4199.68	4206.17	45413	0	2
2025.12.05	00:00:00	4206.24	4221.27	4194.87	4220.55	69907	0	2
2025.12.05	06:00:00	4220.56	4230.87	4216.00	4223.60	54368	0	2
2025.12.05	12:00:00	4223.61	4259.38	4198.79	4217.66	111804	0	2
2025.12.05	18:00:00	4217.64	4219.33	4192.08	4198.70	51800	0	2
2025.12.07	18:00:00	4209.23	4209.64	4195.79	4201.31	5743	0	2
2025.12.08	00:00:00	4201.71	4217.22	4197.55	4217.21	77891	0	2
2025.12.08	06:00:00	4217.20	4219.05	4199.73	4208.53	62683	0	2
2025.12.08	12:00:00	4208.51	4215.52	4176.22	4194.91	101301	0	2
2025.12.08	18:00:00	4194.98	4195.73	4184.31	4194.95	39317	0	2
2025.12.09	00:00:00	4194.87	4198.80	4178.15	4179.82	70816	0	2
2025.12.09	06:00:00	4179.83	4212.99	4170.15	4203.16	82529	0	2
2025.12.09	12:00:00	4203.13	4221.46	4189.54	4203.21	113637	0	2
2025.12.09	18:00:00	4203.14	4216.07	4201.36	4210.89	57656	0	2
2025.12.10	00:00:00	4210.86	4218.88	4201.87	4211.55	68534	0	2
2025.12.10	06:00:00	4211.50	4211.79	4187.85	4197.36	69735	0	2
2025.12.10	12:00:00	4197.38	4207.05	4189.05	4199.82	96182	0	2
2025.12.10	18:00:00	4199.85	4238.71	4181.85	4232.54	72858	0	2
2025.12.11	00:00:00	4232.36	4247.67	4206.15	4207.52	83772	0	2
2025.12.11	06:00:00	4207.56	4225.99	4204.39	4211.39	62777	0	2
2025.12.11	12:00:00	4211.27	4281.85	4205.32	4278.77	109588	0	2
2025.12.11	18:00:00	4278.75	4285.93	4263.20	4276.49	65242	0	2
2025.12.12	00:00:00	4276.45	4280.67	4264.71	4279.00	73371	0	2
2025.12.12	06:00:00	4279.01	4339.30	4276.71	4336.53	81310	0	2
2025.12.12	12:00:00	4336.48	4353.59	4257.64	4294.32	142431	0	2
2025.12.12	18:00:00	4294.95	4304.35	4288.72	4301.01	53417	0	2
2025.12.14	18:00:00	4298.86	4308.44	4297.16	4302.43	7006	0	2
2025.12.15	00:00:00	4302.44	4344.44	4300.26	4343.60	73677	0	2
2025.12.15	06:00:00	4343.58	4350.28	4333.64	4342.86	63091	0	2
2025.12.15	12:00:00	4342.85	4348.46	4285.35	4304.49	122707	0	2
2025.12.15	18:00:00	4304.47	4317.79	4299.67	4304.27	50701	0	2
2025.12.16	00:00:00	4304.41	4317.95	4271.75	4284.09	84308	0	2
2025.12.16	06:00:00	4284.16	4292.23	4273.89	4278.60	63045	0	2
2025.12.16	12:00:00	4278.62	4335.08	4276.89	4303.66	115859	0	2
2025.12.16	18:00:00	4303.69	4315.93	4297.12	4307.94	49274	0	2
2025.12.17	00:00:00	4307.85	4342.54	4307.55	4333.93	77178	0	2
2025.12.17	06:00:00	4334.03	4337.75	4306.70	4316.43	59715	0	2
2025.12.17	12:00:00	4316.41	4349.15	4315.03	4342.44	122117	0	2
2025.12.17	18:00:00	4342.47	4346.54	4328.95	4339.28	58852	0	2
2025.12.18	00:00:00	4339.23	4342.99	4324.52	4333.30	73953	0	2
2025.12.18	06:00:00	4333.32	4337.84	4320.87	4325.58	56144	0	2
2025.12.18	12:00:00	4325.60	4374.62	4308.72	4333.35	130420	0	2
2025.12.18	18:00:00	4333.38	4341.34	4322.94	4335.19	61843	0	2
2025.12.19	00:00:00	4335.18	4335.74	4309.37	4326.03	60341	0	2
2025.12.19	06:00:00	4326.05	4333.72	4321.11	4327.33	54988	0	2
2025.12.19	12:00:00	4327.47	4356.06	4319.88	4353.62	103552	0	2
2025.12.19	18:00:00	4353.54	4356.63	4336.71	4339.36	39951	0	2
2025.12.21	18:00:00	4338.46	4356.31	4337.60	4355.28	6580	0	2
2025.12.22	00:00:00	4355.30	4409.59	4355.20	4400.08	63127	0	2
2025.12.22	06:00:00	4400.22	4420.43	4398.85	4410.47	53994	0	2
2025.12.22	12:00:00	4410.31	4442.19	4406.36	4438.57	98187	0	2
2025.12.22	18:00:00	4438.58	4461.70	4428.99	4460.20	41049	0	2
2025.12.23	00:00:00	4460.14	4497.81	4458.16	4475.38	75280	0	2
2025.12.23	06:00:00	4475.31	4494.31	4469.57	4493.61	68238	0	2
2025.12.23	12:00:00	4493.56	4497.32	4430.62	4472.86	119823	0	2
2025.12.23	18:00:00	4472.96	4510.37	4472.82	4503.44	54162	0	2
2025.12.24	00:00:00	4503.35	4525.99	4471.14	4488.56	89783	0	2
2025.12.24	06:00:00	4488.55	4500.04	4478.29	4491.61	73857	0	2
2025.12.24	12:00:00	4491.60	4496.09	4448.53	4480.70	121025	0	2
2025.12.24	18:00:00	4480.71	4482.50	4477.37	4480.53	3781	0	2
2025.12.25	18:00:00	4469.73	4499.95	4458.88	4495.21	11092	0	2
2025.12.26	00:00:00	4495.25	4531.41	4492.36	4510.04	92875	0	2
2025.12.26	06:00:00	4510.01	4523.75	4503.11	4509.87	72699	0	2
2025.12.26	12:00:00	4509.86	4550.01	4503.79	4519.26	116461	0	2
2025.12.26	18:00:00	4519.27	4535.87	4515.00	4531.70	55396	0	2
2025.12.28	18:00:00	4543.18	4549.21	4521.93	4527.27	16074	0	2
2025.12.29	00:00:00	4527.30	4528.12	4472.51	4506.46	98908	0	2
2025.12.29	06:00:00	4506.57	4510.72	4434.45	4446.82	100376	0	2
2025.12.29	12:00:00	4446.84	4467.60	4303.23	4328.29	133992	0	2
2025.12.29	18:00:00	4328.28	4347.09	4323.03	4345.82	61565	0	2
2025.12.30	00:00:00	4345.81	4380.20	4324.66	4377.78	88518	0	2
2025.12.30	06:00:00	4377.70	4391.68	4350.29	4384.41	92211	0	2
2025.12.30	12:00:00	4384.37	4404.35	4354.97	4370.24	132115	0	2
2025.12.30	18:00:00	4370.28	4378.79	4328.90	4339.08	68917	0	2
2025.12.31	00:00:00	4339.07	4373.31	4276.15	4285.87	103208	0	2
2025.12.31	06:00:00	4285.99	4337.38	4274.62	4311.18	83533	0	2
2025.12.31	12:00:00	4311.16	4353.41	4303.23	4321.97	102573	0	2
2025.12.31	18:00:00	4322.00	4331.58	4304.70	4318.27	54166	0	2
2026.01.01	18:00:00	4332.84	4351.42	4328.38	4348.43	5790	0	2
2026.01.02	00:00:00	4348.62	4381.83	4341.54	4380.75	62014	0	2
2026.01.02	06:00:00	4380.76	4399.36	4372.09	4393.09	71306	0	2
2026.01.02	12:00:00	4393.04	4402.46	4315.19	4323.18	126769	0	2
2026.01.02	18:00:00	4323.16	4333.52	4310.08	4331.46	56902	0	2
2026.01.04	18:00:00	4352.57	4375.91	4344.16	4372.68	13057	0	2
2026.01.05	00:00:00	4372.66	4420.12	4370.39	4412.53	94314	0	2
2026.01.05	06:00:00	4412.52	4439.98	4410.91	4419.46	81118	0	2
2026.01.05	12:00:00	4419.39	4455.65	4396.18	4443.57	126014	0	2
2026.01.05	18:00:00	4443.42	4459.81	4435.31	4440.66	53410	0	2
2026.01.06	00:00:00	4440.62	4474.25	4428.03	4452.21	82264	0	2
2026.01.06	06:00:00	4452.59	4475.84	4442.64	4463.42	76568	0	2
2026.01.06	12:00:00	4463.39	4491.58	4454.54	4489.50	118837	0	2
2026.01.06	18:00:00	4489.51	4500.57	4477.48	4493.55	56455	0	2
2026.01.07	00:00:00	4493.51	4495.86	4443.41	4454.41	90865	0	2
2026.01.07	06:00:00	4454.40	4474.93	4441.60	4447.49	70822	0	2
2026.01.07	12:00:00	4447.51	4468.32	4423.62	4451.93	119003	0	2
2026.01.07	18:00:00	4452.05	4464.06	4445.50	4463.55	59530	0	2
2026.01.08	00:00:00	4463.51	4466.47	4415.74	4425.69	93048	0	2
2026.01.08	06:00:00	4425.66	4439.71	4416.03	4422.93	86003	0	2
2026.01.08	12:00:00	4422.99	4465.50	4407.83	4463.51	124411	0	2
2026.01.08	18:00:00	4463.41	4484.20	4444.82	4475.72	57244	0	2
2026.01.09	00:00:00	4475.68	4476.78	4453.03	4468.14	68902	0	2
2026.01.09	06:00:00	4468.47	4477.65	4464.18	4475.55	54137	0	2
2026.01.09	12:00:00	4475.46	4517.20	4459.26	4484.63	125691	0	2
2026.01.09	18:00:00	4484.60	4511.26	4483.11	4508.76	50891	0	2
2026.01.11	18:00:00	4515.29	4545.09	4513.05	4540.23	12272	0	2
2026.01.12	00:00:00	4540.19	4601.22	4536.54	4580.95	99801	0	2
2026.01.12	06:00:00	4580.92	4599.33	4569.83	4585.32	70055	0	2
2026.01.12	12:00:00	4585.04	4630.23	4578.48	4616.39	109184	0	2
2026.01.12	18:00:00	4616.43	4618.95	4577.64	4599.41	56125	0	2
2026.01.13	00:00:00	4599.52	4602.09	4575.70	4592.25	74149	0	3
2026.01.13	06:00:00	4592.23	4597.14	4573.75	4588.65	60330	0	2
2026.01.13	12:00:00	4588.70	4634.60	4577.89	4590.51	119396	0	2
2026.01.13	18:00:00	4590.38	4602.04	4569.32	4597.12	67464	0	2
2026.01.14	00:00:00	4597.10	4639.80	4597.10	4619.90	77784	0	2
2026.01.14	06:00:00	4619.94	4639.73	4618.58	4630.46	68556	0	2
2026.01.14	12:00:00	4630.49	4641.98	4599.48	4614.40	128463	0	2
2026.01.14	18:00:00	4614.13	4642.92	4603.17	4615.34	75907	0	2
2026.01.15	00:00:00	4615.29	4618.20	4581.13	4595.32	100081	0	2
2026.01.15	06:00:00	4595.33	4623.06	4593.71	4619.29	70066	0	2
2026.01.15	12:00:00	4619.26	4624.64	4582.09	4616.56	117216	0	2
2026.01.15	18:00:00	4616.59	4621.63	4600.85	4610.34	63694	0	2
2026.01.16	00:00:00	4610.32	4616.14	4591.41	4611.60	78679	0	2
2026.01.16	06:00:00	4611.58	4616.08	4594.14	4612.60	61033	0	2
2026.01.16	12:00:00	4612.61	4620.35	4536.81	4581.48	124076	0	2
2026.01.16	18:00:00	4581.01	4598.73	4580.25	4596.24	56886	0	2
2026.01.18	18:00:00	4638.53	4690.68	4636.84	4672.51	12636	0	2
2026.01.19	00:00:00	4672.40	4682.06	4653.31	4670.00	72680	0	2
2026.01.19	06:00:00	4669.90	4679.07	4659.72	4660.77	49663	0	2
2026.01.19	12:00:00	4660.70	4678.85	4660.15	4676.30	56315	0	2
2026.01.19	18:00:00	4676.10	4680.35	4664.51	4665.43	14716	0	2
2026.01.20	00:00:00	4665.45	4716.71	4659.55	4714.61	67901	0	4
2026.01.20	06:00:00	4714.60	4737.54	4705.68	4733.13	70094	0	2
2026.01.20	12:00:00	4732.24	4762.44	4715.20	4759.32	119937	0	2
2026.01.20	18:00:00	4759.30	4781.25	4747.31	4775.93	56747	0	2
2026.01.21	00:00:00	4775.91	4878.27	4770.76	4869.80	83026	0	2
2026.01.21	06:00:00	4869.85	4888.40	4832.74	4866.95	75610	0	2
2026.01.21	12:00:00	4867.01	4880.95	4802.60	4826.30	132496	0	2
2026.01.21	18:00:00	4826.31	4853.96	4756.13	4778.51	90806	0	2
2026.01.22	00:00:00	4778.35	4821.73	4772.56	4821.40	84281	0	3
2026.01.22	06:00:00	4821.46	4838.98	4814.11	4831.19	72806	0	3
2026.01.22	12:00:00	4831.16	4906.29	4810.83	4904.60	116852	0	3
2026.01.22	18:00:00	4904.59	4960.60	4901.34	4959.10	68742	0	3
2026.01.23	00:00:00	4959.11	4967.43	4936.71	4960.69	62463	0	3
2026.01.23	06:00:00	4960.68	4963.22	4899.96	4922.89	79913	0	3
2026.01.23	12:00:00	4922.88	4988.21	4918.39	4965.81	125338	0	3
2026.01.23	18:00:00	4965.85	4989.86	4958.38	4988.00	57107	0	3
2026.01.25	18:00:00	5023.35	5040.12	5012.10	5039.90	16043	0	3
2026.01.26	00:00:00	5039.81	5093.10	5029.15	5074.49	109641	0	3
2026.01.26	06:00:00	5074.47	5111.10	5065.57	5091.58	93676	0	3
2026.01.26	12:00:00	5091.55	5105.10	5054.67	5101.02	140703	0	3
2026.01.26	18:00:00	5101.04	5103.38	4990.15	5043.61	119369	0	2
2026.01.27	00:00:00	5043.59	5085.35	5013.76	5083.09	95416	0	2
2026.01.27	06:00:00	5083.06	5100.89	5066.97	5077.01	95188	0	2
2026.01.27	12:00:00	5076.95	5103.20	5046.86	5081.29	146631	0	3
2026.01.27	18:00:00	5081.30	5190.53	5076.34	5172.42	96267	0	3
2026.01.28	00:00:00	5172.41	5266.36	5157.38	5261.33	108180	0	3
2026.01.28	06:00:00	5261.39	5311.51	5238.81	5261.69	102783	0	3
2026.01.28	12:00:00	5261.70	5307.03	5235.98	5298.02	145625	0	3
2026.01.28	18:00:00	5298.12	5598.69	5268.73	5513.27	124471	0	3
2026.01.29	00:00:00	5512.94	5564.60	5446.15	5562.50	130614	0	3
2026.01.29	06:00:00	5562.49	5595.45	5471.03	5522.72	124071	0	3
2026.01.29	12:00:00	5522.62	5549.89	5104.95	5335.57	162916	0	3
2026.01.29	18:00:00	5335.52	5448.72	5283.09	5438.56	113845	0	3
2026.01.30	00:00:00	5438.48	5450.94	5112.57	5185.28	144015	0	3
2026.01.30	06:00:00	5185.17	5205.47	4942.71	5135.93	149610	0	3
2026.01.30	12:00:00	5135.91	5145.95	4801.01	4849.62	165428	0	2
2026.01.30	18:00:00	4850.02	4948.07	4680.24	4891.18	100532	0	2
2026.02.01	18:00:00	4828.28	4834.79	4695.05	4740.72	26647	0	2
2026.02.02	00:00:00	4741.06	4885.24	4498.69	4550.18	160421	0	2
2026.02.02	06:00:00	4550.00	4779.72	4402.98	4766.47	140067	0	2
2026.02.02	12:00:00	4766.49	4812.41	4596.54	4674.83	155671	0	2
2026.02.02	18:00:00	4674.79	4775.57	4618.61	4774.20	100371	0	2
2026.02.03	00:00:00	4774.37	4855.90	4745.52	4825.27	134618	0	2
2026.02.03	06:00:00	4825.31	4950.64	4816.80	4916.39	109897	0	3
2026.02.03	12:00:00	4917.10	4993.88	4892.63	4929.37	138480	0	3
2026.02.03	18:00:00	4929.36	4971.90	4880.93	4947.42	103176	0	2
2026.02.04	00:00:00	4947.40	5090.47	4946.05	5079.33	107699	0	2
2026.02.04	06:00:00	5079.41	5091.89	5013.72	5047.65	89007	0	2
2026.02.04	12:00:00	5047.66	5063.50	4849.39	4898.22	136895	0	2
2026.02.04	18:00:00	4898.20	5023.83	4873.17	5012.31	84758	0	2
2026.02.05	00:00:00	5012.34	5020.52	4790.03	4896.33	145027	0	3
2026.02.05	06:00:00	4896.30	4943.54	4848.38	4868.12	110171	0	3
2026.02.05	12:00:00	4868.24	4906.75	4800.59	4869.42	150943	0	3
2026.02.05	18:00:00	4869.41	4875.43	4703.47	4704.04	94092	0	3
2026.02.06	00:00:00	4704.05	4898.10	4655.50	4897.64	127314	0	2
2026.02.06	06:00:00	4897.63	4903.31	4825.31	4887.84	84346	0	3
2026.02.06	12:00:00	4887.69	4968.03	4871.61	4960.50	108857	0	3
2026.02.06	18:00:00	4960.51	4971.38	4936.73	4966.66	41223	0	3
2026.02.08	18:00:00	4986.66	5047.23	4964.44	5036.01	17780	0	3
2026.02.09	00:00:00	5036.00	5045.07	4969.13	5036.93	96720	0	3
2026.02.09	06:00:00	5036.95	5045.73	4982.31	5010.89	90275	0	3
2026.02.09	12:00:00	5011.03	5080.56	4995.39	5046.40	112061	0	3
2026.02.09	18:00:00	5046.43	5086.56	4987.10	5031.85	67807	0	3
2026.02.10	00:00:00	5031.81	5056.47	5009.07	5039.50	90310	0	5
2026.02.10	06:00:00	5039.44	5063.28	5018.81	5056.08	74624	0	3
2026.02.10	12:00:00	5056.23	5078.68	4999.00	5026.32	114842	0	3
2026.02.10	18:00:00	5026.34	5054.63	5004.93	5041.89	56360	0	4
2026.02.11	00:00:00	5042.01	5064.09	5028.50	5052.32	60042	0	4
2026.02.11	06:00:00	5052.62	5116.73	5046.05	5111.85	76000	0	4
2026.02.11	12:00:00	5111.87	5119.45	5019.10	5091.75	135127	0	4
2026.02.11	18:00:00	5091.73	5100.03	5052.41	5061.29	60316	0	7
2026.02.12	00:00:00	5061.24	5078.22	5045.20	5075.69	66079	0	7
2026.02.12	06:00:00	5075.72	5080.92	5047.26	5064.02	52913	0	7
2026.02.12	12:00:00	5063.98	5083.78	4878.54	4941.36	123886	0	5
2026.02.12	18:00:00	4941.38	4958.17	4887.37	4920.11	91587	0	5
2026.02.13	00:00:00	4920.34	4997.44	4913.94	4946.52	75370	0	5
2026.02.13	06:00:00	4946.65	4989.50	4934.12	4954.08	75582	0	5
2026.02.13	12:00:00	4954.16	5033.84	4952.37	5021.10	119260	0	5
2026.02.13	18:00:00	5021.13	5046.16	5015.54	5041.35	52779	0	5
2026.02.15	18:00:00	5014.62	5031.80	5008.61	5020.21	14218	0	4
2026.02.16	00:00:00	5020.24	5031.21	4965.70	4990.80	59053	0	4
2026.02.16	06:00:00	4990.82	5017.34	4985.09	5004.53	38911	0	4
2026.02.16	12:00:00	5004.51	5008.17	4969.14	4991.71	44864	0	5
2026.02.16	18:00:00	4991.98	5000.81	4985.42	4989.83	15314	0	5
2026.02.17	00:00:00	4989.86	4991.50	4858.54	4888.94	71005	0	4
2026.02.17	06:00:00	4889.02	4939.43	4886.67	4929.46	55611	0	4
2026.02.17	12:00:00	4929.45	4944.38	4839.93	4865.22	126442	0	2
2026.02.17	18:00:00	4865.23	4910.65	4854.22	4859.37	68839	0	3
2026.02.18	00:00:00	4859.36	4940.02	4858.49	4933.46	47937	0	2
2026.02.18	06:00:00	4933.71	4942.43	4906.53	4913.10	39083	0	2
2026.02.18	12:00:00	4913.16	5010.96	4912.15	4999.24	81073	0	2
2026.02.18	18:00:00	4999.23	5003.21	4966.47	4976.07	52588	0	2
2026.02.19	00:00:00	4975.93	4998.72	4960.81	4997.07	35162	0	3
2026.02.19	06:00:00	4997.06	5022.04	4978.16	4984.70	40421	0	2
2026.02.19	12:00:00	4985.09	5022.36	4963.94	4984.99	89925	0	2
2026.02.19	18:00:00	4984.85	5008.17	4975.42	4987.69	42118	0	2
2026.02.20	00:00:00	4987.73	5014.80	4981.82	5011.92	35399	0	2
2026.02.20	06:00:00	5011.90	5042.73	5005.18	5017.53	48482	0	2
2026.02.20	12:00:00	5017.50	5076.38	4989.49	5073.08	109208	0	2
2026.02.20	18:00:00	5073.01	5107.82	5054.40	5104.90	47716	0	2
2026.02.22	18:00:00	5117.13	5171.92	5117.12	5165.47	14821	0	2
2026.02.23	00:00:00	5165.07	5176.76	5129.66	5158.31	75523	0	4
2026.02.23	06:00:00	5158.34	5163.54	5122.28	5149.90	58065	0	4
2026.02.23	12:00:00	5149.91	5219.08	5141.63	5207.99	95615	0	3
2026.02.23	18:00:00	5208.03	5250.71	5201.10	5235.72	48554	0	3
2026.02.24	00:00:00	5235.79	5238.19	5145.34	5182.49	78419	0	3
2026.02.24	06:00:00	5182.52	5184.94	5156.71	5172.85	53148	0	3
2026.02.24	12:00:00	5172.72	5173.60	5094.21	5163.78	104992	0	4
2026.02.24	18:00:00	5163.77	5173.30	5125.79	5146.77	54481	0	5
2026.02.25	00:00:00	5146.75	5210.68	5136.94	5201.87	74191	0	5
2026.02.25	06:00:00	5201.84	5201.87	5155.09	5181.67	55352	0	4
2026.02.25	12:00:00	5181.52	5217.74	5159.00	5206.99	84215	0	4
2026.02.25	18:00:00	5207.01	5208.47	5146.04	5163.27	51198	0	4
2026.02.26	00:00:00	5163.30	5205.60	5155.57	5198.42	70622	0	4
2026.02.26	06:00:00	5198.44	5199.67	5161.16	5164.71	51976	0	4
2026.02.26	12:00:00	5164.70	5192.90	5130.62	5167.28	100589	0	4
2026.02.26	18:00:00	5167.54	5200.85	5160.84	5184.74	42764	0	4
2026.02.27	00:00:00	5184.72	5200.46	5166.98	5197.93	60985	0	4
2026.02.27	06:00:00	5197.92	5199.34	5168.89	5185.66	49364	0	4
2026.02.27	12:00:00	5185.72	5257.75	5183.07	5234.76	106313	0	4
2026.02.27	18:00:00	5234.83	5281.37	5222.60	5278.28	45114	0	4
2026.03.01	18:00:00	5362.19	5393.58	5328.72	5386.91	24301	0	4
2026.03.02	00:00:00	5387.10	5388.21	5303.28	5366.14	99248	0	9
2026.03.02	06:00:00	5366.17	5419.21	5363.76	5385.31	82844	0	5
2026.03.02	12:00:00	5385.14	5416.53	5260.96	5306.76	145977	0	5
2026.03.02	18:00:00	5306.89	5346.88	5289.67	5346.04	69700	0	5
2026.03.03	00:00:00	5346.07	5379.91	5305.54	5319.29	88045	0	5
2026.03.03	06:00:00	5319.30	5335.97	5074.88	5145.01	126485	0	5
2026.03.03	12:00:00	5144.91	5226.66	4996.21	5079.24	172998	0	5
2026.03.03	18:00:00	5079.34	5148.76	5079.18	5125.41	102003	0	5
2026.03.04	00:00:00	5125.40	5190.79	5105.79	5160.11	113037	0	5
2026.03.04	06:00:00	5160.12	5202.56	5120.26	5192.14	101408	0	5
2026.03.04	12:00:00	5192.20	5206.18	5120.44	5141.16	144491	0	5
2026.03.04	18:00:00	5141.12	5166.23	5109.17	5165.34	66129	0	5
2026.03.05	00:00:00	5165.28	5194.98	5148.40	5148.61	80008	0	5
2026.03.05	06:00:00	5148.68	5180.42	5121.07	5163.91	95637	0	5
2026.03.05	12:00:00	5163.90	5171.60	5054.36	5062.98	142221	0	5
2026.03.05	18:00:00	5062.94	5101.79	5051.21	5086.27	82669	0	5
2026.03.06	00:00:00	5086.16	5143.90	5066.72	5117.18	77241	0	5
2026.03.06	06:00:00	5117.30	5123.10	5062.92	5077.13	83874	0	5
2026.03.06	12:00:00	5077.20	5171.57	5065.56	5140.88	144929	0	5
2026.03.06	18:00:00	5140.77	5175.43	5138.82	5173.32	56118	0	5
2026.03.08	18:00:00	5164.94	5171.22	5044.73	5076.06	46013	0	5
2026.03.09	00:00:00	5076.13	5140.49	5014.80	5124.34	114853	0	5
2026.03.09	06:00:00	5124.31	5134.09	5079.64	5088.05	97963	0	5
2026.03.09	12:00:00	5088.07	5116.12	5061.09	5095.96	118053	0	5
2026.03.09	18:00:00	5095.64	5156.10	5092.52	5139.77	61684	0	5
2026.03.10	00:00:00	5139.74	5186.79	5124.74	5177.95	81373	0	5
2026.03.10	06:00:00	5177.93	5195.09	5156.59	5175.27	77659	0	6
2026.03.10	12:00:00	5175.26	5238.63	5162.54	5227.71	107753	0	6
2026.03.10	18:00:00	5227.70	5227.98	5161.01	5197.39	57554	0	6
2026.03.11	00:00:00	5197.40	5223.12	5186.93	5199.71	66131	0	6
2026.03.11	06:00:00	5199.77	5210.90	5175.51	5181.50	69820	0	5
2026.03.11	12:00:00	5181.43	5196.27	5149.53	5169.91	116479	0	5
2026.03.11	18:00:00	5169.92	5183.71	5129.97	5134.38	43538	0	5
2026.03.12	00:00:00	5134.40	5175.24	5125.64	5154.60	71223	0	5
2026.03.12	06:00:00	5154.58	5191.77	5147.43	5179.08	57620	0	5
2026.03.12	12:00:00	5179.36	5186.16	5102.66	5105.47	117964	0	5
2026.03.12	18:00:00	5105.33	5112.55	5055.17	5098.21	52434	0	5
2026.03.13	00:00:00	5098.19	5128.68	5097.53	5102.82	58504	0	5
2026.03.13	06:00:00	5102.92	5107.84	5061.65	5107.83	76408	0	4
2026.03.13	12:00:00	5107.78	5121.72	5019.17	5046.41	125210	0	4
2026.03.13	18:00:00	5046.42	5051.76	5009.79	5019.83	36905	0	4
2026.03.15	18:00:00	5014.99	5030.24	4967.73	4997.70	39891	0	4
2026.03.16	00:00:00	4997.68	5030.88	4982.72	5017.52	89948	0	4
2026.03.16	06:00:00	5017.45	5036.28	4970.18	4997.04	87077	0	4
2026.03.16	12:00:00	4997.05	5037.89	4974.22	4991.35	110754	0	6
2026.03.16	18:00:00	4991.41	5021.68	4990.04	5012.96	43871	0	6
2026.03.17	00:00:00	5012.98	5044.62	4994.83	5020.82	71709	0	6
2026.03.17	06:00:00	5020.74	5029.69	4992.12	5003.30	70614	0	4
2026.03.17	12:00:00	5003.28	5031.47	4973.85	5002.52	105017	0	4
2026.03.17	18:00:00	5002.53	5009.12	4993.38	5002.97	33703	0	4
2026.03.18	00:00:00	5003.06	5016.00	4981.84	4997.70	64305	0	4
2026.03.18	06:00:00	4997.54	5016.36	4925.17	4930.23	69925	0	4
2026.03.18	12:00:00	4930.21	4932.44	4834.37	4889.92	125122	0	4
2026.03.18	18:00:00	4889.97	4899.00	4804.31	4837.00	79259	0	4
2026.03.19	00:00:00	4837.01	4867.15	4827.11	4827.60	80939	0	4
2026.03.19	06:00:00	4827.61	4842.34	4651.75	4652.32	136149	0	3
2026.03.19	12:00:00	4652.07	4654.09	4502.53	4616.13	177371	0	3
2026.03.19	18:00:00	4615.80	4677.11	4596.18	4643.71	84906	0	5
2026.03.20	00:00:00	4643.68	4735.93	4639.61	4688.01	100489	0	5
2026.03.20	06:00:00	4688.60	4734.85	4637.15	4671.69	111050	0	4
2026.03.20	12:00:00	4671.70	4695.66	4540.83	4573.59	166958	0	4
2026.03.20	18:00:00	4573.58	4578.51	4477.44	4497.52	65476	0	4
2026.03.22	18:00:00	4475.14	4535.72	4452.64	4464.75	39909	0	4
2026.03.23	00:00:00	4464.77	4473.25	4302.55	4310.22	149839	0	4
2026.03.23	06:00:00	4310.05	4462.85	4098.90	4379.01	175847	0	4
2026.03.23	12:00:00	4379.05	4512.71	4336.98	4426.39	191287	0	4
2026.03.23	18:00:00	4426.38	4467.13	4359.25	4441.30	93390	0	4
2026.03.24	00:00:00	4441.27	4446.79	4306.02	4347.36	149926	0	5
2026.03.24	06:00:00	4347.42	4442.17	4343.07	4408.01	143445	0	4
2026.03.24	12:00:00	4408.06	4433.79	4351.67	4388.57	178846	0	4
2026.03.24	18:00:00	4388.64	4551.52	4384.08	4546.99	100036	0	4
2026.03.25	00:00:00	4547.00	4602.48	4537.58	4555.77	106645	0	4
2026.03.25	06:00:00	4555.78	4585.85	4527.91	4579.02	110009	0	4
2026.03.25	12:00:00	4578.99	4583.78	4522.15	4550.91	157530	0	4
2026.03.25	18:00:00	4550.77	4569.04	4487.24	4498.37	76619	0	4
2026.03.26	00:00:00	4498.34	4544.31	4439.14	4439.21	100915	0	4
2026.03.26	06:00:00	4439.11	4463.88	4413.28	4423.20	139557	0	4
2026.03.26	12:00:00	4423.14	4479.42	4367.14	4381.63	169341	0	4
2026.03.26	18:00:00	4381.46	4420.70	4351.25	4405.07	80114	0	4
2026.03.27	00:00:00	4405.16	4475.19	4375.59	4454.70	71732	0	4
2026.03.27	06:00:00	4454.68	4472.94	4404.41	4420.17	89608	0	4
2026.03.27	12:00:00	4420.15	4555.24	4412.75	4486.79	145551	0	4
2026.03.27	18:00:00	4486.75	4528.78	4486.74	4494.64	43527	0	4
2026.03.29	18:00:00	4511.39	4513.11	4479.68	4484.58	18031	0	4
2026.03.30	00:00:00	4484.63	4517.59	4419.53	4496.97	108607	0	4
2026.03.30	06:00:00	4496.96	4550.63	4496.95	4532.52	92634	0	4
2026.03.30	12:00:00	4532.51	4580.77	4512.46	4540.01	132110	0	4
2026.03.30	18:00:00	4539.95	4542.31	4493.18	4511.01	71786	0	4
2026.03.31	00:00:00	4510.81	4619.47	4482.86	4564.87	107083	0	3
2026.03.31	06:00:00	4564.81	4581.75	4529.68	4547.06	93384	0	3
2026.03.31	12:00:00	4547.12	4651.60	4541.37	4638.27	145642	0	3
2026.03.31	18:00:00	4638.46	4696.54	4636.49	4680.85	84672	0	3
2026.04.01	00:00:00	4680.90	4724.16	4667.14	4676.43	77779	0	3
2026.04.01	06:00:00	4676.44	4747.78	4674.96	4731.36	91142	0	3
2026.04.01	12:00:00	4731.38	4790.81	4716.39	4787.37	129531	0	3
2026.04.01	18:00:00	4787.17	4793.02	4742.28	4776.57	70556	0	6
2026.04.02	00:00:00	4776.65	4800.38	4651.37	4672.61	98317	0	6
2026.04.02	06:00:00	4672.63	4680.59	4554.04	4620.63	105603	0	6
2026.04.02	12:00:00	4620.62	4699.77	4580.96	4659.35	150971	0	6
2026.04.02	18:00:00	4659.34	4681.90	4646.02	4674.93	57315	0	6
2026.04.05	18:00:00	4636.75	4654.13	4608.91	4645.67	15130	0	6
2026.04.06	00:00:00	4645.68	4671.78	4600.91	4659.15	66635	0	6
2026.04.06	06:00:00	4659.23	4706.74	4643.70	4689.93	69200	0	4
2026.04.06	12:00:00	4690.15	4697.81	4652.17	4660.58	106261	0	4
2026.04.06	18:00:00	4660.44	4667.94	4645.69	4658.47	47590	0	4
2026.04.07	00:00:00	4658.62	4664.55	4616.61	4659.62	69333	0	4
2026.04.07	06:00:00	4660.02	4694.58	4623.35	4652.12	101255	0	3
2026.04.07	12:00:00	4652.13	4670.58	4607.58	4657.15	131209	0	4
2026.04.07	18:00:00	4657.18	4819.74	4653.99	4818.41	95267	0	4
2026.04.08	00:00:00	4818.27	4857.59	4788.29	4803.98	111343	0	4
2026.04.08	06:00:00	4803.86	4843.85	4771.46	4782.78	91094	0	4
2026.04.08	12:00:00	4782.76	4807.26	4732.61	4760.64	130774	0	4
2026.04.08	18:00:00	4760.50	4764.45	4699.82	4717.77	71223	0	4
2026.04.09	00:00:00	4717.72	4732.95	4698.83	4720.92	67899	0	4
2026.04.09	06:00:00	4720.95	4746.80	4703.64	4741.25	78188	0	4
2026.04.09	12:00:00	4741.24	4801.17	4735.04	4788.95	124481	0	4
2026.04.09	18:00:00	4788.94	4801.29	4758.88	4764.26	63821	0	4
2026.04.10	00:00:00	4764.29	4777.09	4738.08	4758.63	62979	0	4
2026.04.10	06:00:00	4758.62	4769.28	4730.86	4757.39	68956	0	4
2026.04.10	12:00:00	4757.25	4795.22	4747.67	4763.87	114496	0	4
2026.04.10	18:00:00	4763.90	4773.25	4741.19	4748.48	46560	0	4
2026.04.12	18:00:00	4669.76	4684.28	4643.01	4659.11	15398	0	4
2026.04.13	00:00:00	4659.14	4728.28	4644.56	4723.08	60423	0	4
2026.04.13	06:00:00	4723.09	4740.08	4708.36	4722.19	68403	0	4
2026.04.13	12:00:00	4722.13	4746.22	4700.46	4733.08	121213	0	4
2026.04.13	18:00:00	4733.09	4759.67	4723.45	4758.12	55795	0	4
2026.04.14	00:00:00	4758.01	4777.22	4751.76	4774.20	68248	0	4
2026.04.14	06:00:00	4774.23	4796.12	4751.21	4768.53	85544	0	4
2026.04.14	12:00:00	4768.52	4820.44	4762.37	4810.18	122729	0	4
2026.04.14	18:00:00	4810.19	4850.59	4809.50	4835.11	57819	0	4
2026.04.15	00:00:00	4835.14	4871.25	4816.94	4825.01	86823	0	4
2026.04.15	06:00:00	4825.08	4830.52	4787.04	4800.13	95512	0	4
2026.04.15	12:00:00	4800.15	4830.57	4787.16	4804.03	119398	0	4
2026.04.15	18:00:00	4804.04	4812.06	4787.52	4807.67	55830	0	4
2026.04.16	00:00:00	4807.64	4837.67	4807.59	4833.11	62225	0	5
2026.04.16	06:00:00	4833.12	4838.39	4805.22	4817.27	79055	0	5
2026.04.16	12:00:00	4817.33	4824.02	4773.15	4792.08	113721	0	5
2026.04.16	18:00:00	4792.15	4798.68	4781.45	4795.34	60579	0	5
2026.04.17	00:00:00	4795.30	4804.70	4767.77	4803.19	63128	0	5
2026.04.17	06:00:00	4803.09	4806.31	4778.80	4787.47	70946	0	5
2026.04.17	12:00:00	4787.48	4889.74	4783.62	4867.11	119207	0	5
2026.04.17	18:00:00	4867.10	4869.64	4829.81	4832.31	58045	0	5
2026.04.19	18:00:00	4773.28	4794.89	4769.91	4779.43	13849	0	4
2026.04.20	00:00:00	4779.44	4814.42	4737.02	4788.98	95961	0	4
2026.04.20	06:00:00	4789.03	4805.83	4779.85	4795.89	80798	0	5
2026.04.20	12:00:00	4795.88	4827.63	4786.66	4805.65	119782	0	3
2026.04.20	18:00:00	4805.74	4833.23	4803.98	4827.76	44057	0	3
2026.04.21	00:00:00	4827.64	4831.98	4788.82	4789.17	69214	0	3
2026.04.21	06:00:00	4789.21	4797.05	4772.81	4789.87	75919	0	3
2026.04.21	12:00:00	4789.86	4798.04	4708.34	4711.22	133518	0	4
2026.04.21	18:00:00	4711.13	4729.07	4668.60	4719.57	88278	0	4
2026.04.22	00:00:00	4719.46	4765.07	4718.16	4754.64	51368	0	4
2026.04.22	06:00:00	4754.70	4772.43	4745.88	4759.28	55427	0	4
2026.04.22	12:00:00	4759.54	4760.99	4723.97	4728.80	96619	0	3
2026.04.22	18:00:00	4728.78	4749.97	4725.79	4726.03	43362	0	4
2026.04.23	00:00:00	4726.08	4753.71	4694.35	4704.47	93637	0	4
2026.04.23	06:00:00	4704.49	4724.94	4684.38	4696.67	89293	0	4
2026.04.23	12:00:00	4696.81	4743.19	4695.58	4732.97	119023	0	3
2026.04.23	18:00:00	4733.11	4734.59	4664.36	4693.38	89276	0	3
2026.04.24	00:00:00	4693.36	4711.23	4657.90	4674.59	86404	0	3
2026.04.24	06:00:00	4674.73	4697.49	4666.89	4677.86	80197	0	3
2026.04.24	12:00:00	4677.89	4740.37	4677.89	4726.86	128414	0	4
2026.04.24	18:00:00	4726.90	4729.99	4705.44	4707.65	51527	0	4
2026.04.26	18:00:00	4696.80	4696.80	4679.82	4684.65	9618	0	4
2026.04.27	00:00:00	4684.64	4730.05	4672.28	4724.92	79290	0	4
2026.04.27	06:00:00	4725.00	4725.49	4699.42	4708.93	62598	0	4
2026.04.27	12:00:00	4708.94	4712.63	4667.27	4676.78	102428	0	4
2026.04.27	18:00:00	4676.90	4691.30	4668.36	4688.03	50631	0	4
2026.04.28	00:00:00	4688.01	4701.35	4666.65	4667.75	62994	0	4
2026.04.28	06:00:00	4667.80	4668.11	4603.34	4603.35	92040	0	4
2026.04.28	12:00:00	4603.37	4608.87	4555.02	4592.31	139863	0	4
2026.04.28	18:00:00	4592.30	4601.54	4587.37	4594.20	53184	0	3
2026.04.29	00:00:00	4594.26	4610.38	4576.29	4604.91	70818	0	3
2026.04.29	06:00:00	4604.84	4607.78	4551.75	4570.03	89160	0	3
2026.04.29	12:00:00	4570.01	4572.09	4510.19	4545.53	126196	0	3
2026.04.29	18:00:00	4545.54	4554.39	4518.42	4552.15	79469	0	3
2026.04.30	00:00:00	4552.14	4582.55	4540.93	4542.16	81559	0	4
2026.04.30	06:00:00	4542.10	4646.94	4542.03	4639.80	102701	0	4
2026.04.30	12:00:00	4640.27	4646.01	4605.46	4607.66	128445	0	3
2026.04.30	18:00:00	4607.69	4632.88	4607.68	4630.47	58657	0	3
2026.05.01	00:00:00	4630.41	4635.96	4609.20	4609.20	49709	0	3
2026.05.01	06:00:00	4609.21	4616.20	4560.33	4567.04	61390	0	3
2026.05.01	12:00:00	4567.00	4660.26	4562.61	4638.93	113600	0	3
2026.05.01	18:00:00	4638.91	4642.74	4607.13	4613.22	46752	0	3
2026.05.03	18:00:00	4625.24	4629.48	4612.23	4618.97	6952	0	3
2026.05.04	00:00:00	4619.00	4620.95	4591.16	4606.12	64950	0	3
2026.05.04	06:00:00	4606.14	4613.17	4526.19	4562.60	86181	0	3
2026.05.04	12:00:00	4562.82	4583.22	4500.85	4510.75	129578	0	4
2026.05.04	18:00:00	4511.23	4531.63	4509.94	4517.59	59096	0	4
2026.05.05	00:00:00	4517.46	4546.76	4513.62	4533.74	50026	0	4
2026.05.05	06:00:00	4533.71	4560.56	4531.47	4543.87	68980	0	4
2026.05.05	12:00:00	4543.85	4586.59	4540.00	4561.30	101640	0	4
2026.05.05	18:00:00	4561.31	4577.29	4546.34	4573.08	44215	0	4
2026.05.06	00:00:00	4573.48	4653.67	4569.69	4648.88	72818	0	4
2026.05.06	06:00:00	4648.89	4723.06	4644.73	4718.04	86230	0	4
2026.05.06	12:00:00	4718.06	4721.32	4660.68	4683.19	122552	0	4
2026.05.06	18:00:00	4683.20	4700.19	4679.09	4695.04	50072	0	4
2026.05.07	00:00:00	4695.01	4721.41	4685.41	4696.49	67438	0	4
2026.05.07	06:00:00	4696.43	4753.55	4694.84	4735.74	86940	0	4
2026.05.07	12:00:00	4735.82	4764.80	4704.68	4715.10	126955	0	4
2026.05.07	18:00:00	4715.11	4719.62	4682.04	4686.03	88893	0	4
2026.05.08	00:00:00	4686.06	4732.86	4684.73	4711.07	70264	0	4
2026.05.08	06:00:00	4711.10	4734.68	4697.21	4719.98	84307	0	4
2026.05.08	12:00:00	4719.84	4749.49	4702.12	4712.51	113428	0	3
2026.05.08	18:00:00	4712.50	4729.06	4712.30	4714.65	38711	0	3
2026.05.10	18:00:00	4686.49	4695.89	4679.47	4691.95	8864	0	3
2026.05.11	00:00:00	4691.89	4705.53	4668.57	4672.15	79998	0	3
2026.05.11	06:00:00	4672.14	4680.75	4648.03	4663.94	75179	0	4
2026.05.11	12:00:00	4663.98	4748.62	4663.98	4716.58	106626	0	4
2026.05.11	18:00:00	4716.59	4755.26	4716.05	4750.98	45405	0	4
2026.05.12	00:00:00	4750.99	4773.55	4711.21	4714.27	73708	0	4
2026.05.12	06:00:00	4714.29	4722.14	4685.24	4694.46	80196	0	4
2026.05.12	12:00:00	4694.56	4711.61	4638.41	4671.24	122716	0	4
2026.05.12	18:00:00	4671.32	4722.54	4671.28	4717.04	57183	0	4
2026.05.13	00:00:00	4717.00	4726.84	4687.65	4699.60	73722	0	4
2026.05.13	06:00:00	4699.55	4715.46	4686.08	4694.25	78183	0	4
2026.05.13	12:00:00	4694.26	4709.89	4669.62	4695.84	112271	0	4
2026.05.13	18:00:00	4695.71	4701.35	4677.73	4700.11	46584	0	4
2026.05.14	00:00:00	4700.02	4712.68	4668.47	4702.40	76630	0	4
2026.05.14	06:00:00	4702.45	4718.79	4686.31	4696.99	83714	0	4
2026.05.14	12:00:00	4697.11	4710.03	4666.83	4678.45	104760	0	4
2026.05.14	18:00:00	4678.50	4683.12	4644.44	4662.41	48659	0	4
2026.05.15	00:00:00	4662.43	4665.43	4604.43	4605.94	93904	0	4
2026.05.15	06:00:00	4606.10	4606.56	4532.06	4566.15	117987	0	4
2026.05.15	12:00:00	4566.16	4570.31	4511.93	4544.75	137643	0	4
2026.05.15	18:00:00	4544.68	4564.56	4533.21	4539.14	60841	0	4
2026.05.17	18:00:00	4544.72	4554.55	4537.45	4546.12	8684	0	4
2026.05.18	00:00:00	4546.14	4549.76	4480.46	4540.80	111288	0	3
2026.05.18	06:00:00	4540.79	4560.02	4529.82	4540.35	95984	0	4
2026.05.18	12:00:00	4540.34	4584.24	4530.10	4550.24	131952	0	4
2026.05.18	18:00:00	4550.25	4578.42	4534.33	4573.99	62599	0	4
2026.05.19	00:00:00	4573.87	4589.34	4538.15	4542.54	74347	0	4
2026.05.19	06:00:00	4542.57	4559.36	4525.56	4544.80	90709	0	3
2026.05.19	12:00:00	4544.98	4547.99	4465.04	4507.80	125069	0	3
2026.05.19	18:00:00	4507.79	4511.15	4477.52	4484.58	56785	0	3
2026.05.20	00:00:00	4484.44	4508.83	4453.52	4462.26	97975	0	3
2026.05.20	06:00:00	4462.18	4497.14	4461.49	4494.77	94619	0	5
2026.05.20	12:00:00	4494.75	4553.04	4467.19	4534.45	121247	0	4
2026.05.20	18:00:00	4534.51	4550.44	4529.16	4539.97	55783	0	4
2026.05.21	00:00:00	4540.06	4570.98	4527.37	4538.63	69024	0	4
2026.05.21	06:00:00	4538.66	4542.92	4505.02	4511.67	98624	0	4
2026.05.21	12:00:00	4511.66	4521.13	4488.65	4519.52	127043	0	4
2026.05.21	18:00:00	4519.53	4559.35	4514.28	4543.49	75333	0	4
2026.05.22	00:00:00	4543.40	4545.13	4518.59	4527.33	66676	0	4
2026.05.22	06:00:00	4527.32	4536.90	4507.40	4514.75	86979	0	4
2026.05.22	12:00:00	4514.60	4535.82	4492.02	4515.02	110267	0	4
2026.05.22	18:00:00	4515.04	4527.88	4504.38	4507.28	46843	0	4
2026.05.24	18:00:00	4550.90	4565.75	4548.46	4565.32	11275	0	4
2026.05.25	00:00:00	4565.28	4579.92	4556.76	4564.99	71148	0	4
2026.05.25	06:00:00	4564.98	4573.80	4550.62	4568.70	57533	0	4
2026.05.25	12:00:00	4568.82	4577.13	4553.06	4573.63	61882	0	4
2026.05.25	18:00:00	4573.41	4577.90	4563.36	4574.95	12999	0	4
2026.05.26	00:00:00	4574.74	4580.20	4523.58	4525.54	68789	0	4
2026.05.26	06:00:00	4525.56	4540.57	4512.18	4534.55	79868	0	4
2026.05.26	12:00:00	4534.56	4536.24	4500.27	4505.02	105369	0	4
2026.05.26	18:00:00	4505.05	4524.19	4482.69	4510.99	49552	0	4
2026.05.27	00:00:00	4511.12	4527.73	4495.90	4510.30	54350	0	4
2026.05.27	06:00:00	4510.26	4513.91	4442.80	4445.81	81958	0	4
2026.05.27	12:00:00	4445.82	4466.46	4401.55	4450.88	118181	0	4
2026.05.27	18:00:00	4450.90	4465.42	4441.59	4457.36	38318	0	4
2026.05.28	00:00:00	4457.37	4458.87	4366.42	4373.20	81465	0	4
2026.05.28	06:00:00	4373.29	4404.13	4367.29	4383.15	70834	0	4
2026.05.28	12:00:00	4383.12	4511.08	4379.69	4511.06	108996	0	4
2026.05.28	18:00:00	4511.21	4516.61	4490.92	4491.21	47668	0	4
2026.05.29	00:00:00	4491.19	4520.76	4489.19	4514.11	66651	0	4
2026.05.29	06:00:00	4514.29	4543.33	4502.75	4538.60	67796	0	4
2026.05.29	12:00:00	4538.61	4595.33	4512.78	4566.90	104727	0	4
2026.05.29	18:00:00	4566.95	4568.61	4539.16	4539.95	48289	0	4
2026.05.31	18:00:00	4520.44	4540.43	4519.53	4535.36	6896	0	4
2026.06.01	00:00:00	4535.38	4546.05	4508.76	4514.53	57296	0	4
2026.06.01	06:00:00	4514.52	4525.29	4489.35	4504.04	64093	0	4
2026.06.01	12:00:00	4504.09	4512.98	4447.88	4480.16	93682	0	4
2026.06.01	18:00:00	4480.13	4495.47	4471.56	4485.98	42566	0	4
2026.06.02	00:00:00	4485.70	4518.37	4463.03	4517.53	66120	0	4
2026.06.02	06:00:00	4517.54	4541.61	4515.28	4533.23	59566	0	4
2026.06.02	12:00:00	4533.24	4534.75	4486.36	4492.02	74141	0	4
2026.06.02	18:00:00	4491.99	4493.17	4478.79	4484.93	43648	0	4
2026.06.03	00:00:00	4485.06	4496.75	4462.26	4469.56	62884	0	4
2026.06.03	06:00:00	4469.57	4474.23	4439.04	4459.06	72545	0	4
2026.06.03	12:00:00	4459.42	4468.13	4426.53	4441.93	96725	0	4
2026.06.03	18:00:00	4442.05	4452.90	4424.01	4448.99	50672	0	4
2026.06.04	00:00:00	4449.20	4484.09	4443.37	4481.15	78068	0	4
2026.06.04	06:00:00	4481.22	4482.52	4458.67	4473.73	68166	0	4
2026.06.04	12:00:00	4473.98	4515.48	4457.38	4482.84	105556	0	4
2026.06.04	18:00:00	4482.78	4483.46	4468.91	4469.64	40698	0	4
2026.06.05	00:00:00	4469.66	4474.27	4435.31	4445.11	77988	0	4
2026.06.05	06:00:00	4445.15	4469.43	4428.87	4467.02	73102	0	4
2026.06.05	12:00:00	4466.94	4475.88	4323.49	4344.65	131480	0	4
2026.06.05	18:00:00	4344.66	4347.34	4311.88	4328.23	78418	0	4
2026.06.07	18:00:00	4320.37	4330.26	4309.77	4317.50	14536	0	4
2026.06.08	00:00:00	4317.53	4353.31	4300.03	4312.71	94798	0	4
2026.06.08	06:00:00	4312.72	4317.01	4268.63	4302.14	97457	0	4
2026.06.08	12:00:00	4302.13	4346.83	4297.27	4340.75	121894	0	4
2026.06.08	18:00:00	4340.79	4345.98	4322.80	4327.91	56626	0	4
2026.06.09	00:00:00	4327.92	4342.32	4313.02	4332.46	72041	0	4
2026.06.09	06:00:00	4332.47	4351.47	4321.35	4339.26	69474	0	3
2026.06.09	12:00:00	4339.23	4363.59	4236.63	4252.24	130417	0	3
2026.06.09	18:00:00	4252.26	4274.30	4232.59	4237.37	79495	0	3
2026.06.10	00:00:00	4237.21	4247.46	4172.76	4174.87	99305	0	3
2026.06.10	06:00:00	4174.90	4221.94	4155.78	4174.76	100118	0	3
2026.06.10	12:00:00	4174.73	4186.31	4106.92	4121.94	152989	0	3
2026.06.10	18:00:00	4121.86	4135.01	4036.22	4046.57	86448	0	3
2026.06.11	00:00:00	4046.75	4118.18	4023.90	4082.68	113263	0	3
2026.06.11	06:00:00	4082.69	4112.72	4072.74	4089.98	88483	0	3
2026.06.11	12:00:00	4089.99	4107.69	4053.00	4080.26	133517	0	3
2026.06.11	18:00:00	4080.30	4246.49	4071.99	4243.34	93928	0	3
2026.06.12	00:00:00	4243.38	4245.94	4171.49	4190.05	89651	0	4
2026.06.12	06:00:00	4189.84	4227.98	4170.26	4210.98	97464	0	4
2026.06.12	12:00:00	4211.00	4235.58	4177.38	4216.10	123344	0	4
2026.06.12	18:00:00	4216.13	4235.45	4201.95	4218.08	49027	0	4
2026.06.14	18:00:00	4300.37	4308.87	4280.27	4285.73	12107	0	4
2026.06.15	00:00:00	4285.63	4335.55	4281.26	4328.50	64386	0	4
2026.06.15	06:00:00	4328.16	4345.39	4300.86	4338.24	70789	0	4
2026.06.15	12:00:00	4338.23	4369.28	4324.78	4339.29	97492	0	4
2026.06.15	18:00:00	4339.30	4339.31	4306.07	4312.10	51830	0	4
2026.06.16	00:00:00	4312.11	4333.20	4306.91	4322.60	67475	0	4
2026.06.16	06:00:00	4322.58	4349.06	4313.56	4349.02	66478	0	4
2026.06.16	12:00:00	4349.05	4355.00	4313.35	4340.72	102396	0	4
2026.06.16	18:00:00	4340.61	4342.93	4325.45	4335.62	46467	0	4
2026.06.17	00:00:00	4335.53	4349.70	4317.75	4326.88	51220	0	4
2026.06.17	06:00:00	4326.92	4335.71	4317.18	4331.46	55658	0	4
2026.06.17	12:00:00	4331.49	4366.56	4319.94	4359.46	85366	0	5
2026.06.17	18:00:00	4359.54	4382.33	4219.18	4266.83	99082	0	4
2026.06.18	00:00:00	4266.76	4329.94	4264.40	4316.10	74696	0	4
2026.06.18	06:00:00	4315.93	4324.81	4254.84	4255.67	83998	0	4
2026.06.18	12:00:00	4255.57	4276.69	4214.12	4219.48	114802	0	5
2026.06.18	18:00:00	4219.47	4233.20	4201.55	4207.48	55527	0	5
2026.06.19	00:00:00	4207.51	4208.38	4125.04	4125.86	61622	0	5
2026.06.19	06:00:00	4125.85	4178.26	4121.84	4149.80	72511	0	5
2026.06.19	12:00:00	4149.77	4182.99	4142.00	4155.73	73242	0	5
2026.06.19	18:00:00	4155.79	4156.60	4155.64	4156.18	31	0	5
2026.06.21	18:00:00	4156.36	4159.54	4147.37	4156.41	8547	0	4
2026.06.22	00:00:00	4156.30	4220.95	4136.60	4181.93	80170	0	4
2026.06.22	06:00:00	4181.90	4214.26	4179.47	4204.79	73845	0	4
2026.06.22	12:00:00	4204.80	4215.15	4169.91	4189.89	108076	0	4
2026.06.22	18:00:00	4189.99	4194.73	4177.18	4190.02	42472	0	4
2026.06.23	00:00:00	4189.97	4198.56	4114.94	4118.26	72168	0	4
2026.06.23	06:00:00	4118.21	4137.58	4091.00	4119.80	93920	0	4
2026.06.23	12:00:00	4119.86	4144.93	4105.42	4134.38	107903	0	4
2026.06.23	18:00:00	4134.34	4139.84	4097.04	4104.36	52733	0	4
2026.06.24	00:00:00	4104.30	4112.13	4050.46	4064.51	102279	0	4
2026.06.24	06:00:00	4064.50	4097.65	4054.75	4055.67	87400	0	4
2026.06.24	12:00:00	4055.60	4058.53	3964.67	4006.69	135016	0	4
2026.06.24	18:00:00	4006.80	4011.34	3959.14	3996.45	76973	0	4
2026.06.25	00:00:00	3996.50	4018.75	3963.62	3996.12	96163	0	4
2026.06.25	06:00:00	3996.09	4002.13	3971.50	3984.40	75001	0	4
2026.06.25	12:00:00	3984.49	4044.07	3973.73	4028.74	123934	0	4
2026.06.25	18:00:00	4028.73	4044.23	4019.88	4026.41	58771	0	4
2026.06.26	00:00:00	4026.34	4030.48	3983.09	4011.42	86654	0	4
2026.06.26	06:00:00	4011.61	4054.86	4005.80	4054.78	80775	0	4
2026.06.26	12:00:00	4054.96	4096.12	4035.94	4085.16	103844	0	4
2026.06.26	18:00:00	4085.20	4089.57	4064.67	4087.63	42836	0	4
2026.06.28	18:00:00	4075.62	4083.48	4052.74	4066.46	10312	0	4
2026.06.29	00:00:00	4066.43	4075.75	4048.33	4052.36	81854	0	4
2026.06.29	06:00:00	4051.99	4068.61	4024.79	4036.93	75471	0	4
2026.06.29	12:00:00	4036.92	4052.44	4000.20	4023.92	90971	0	4
2026.06.29	18:00:00	4023.97	4032.10	4005.44	4014.25	39093	0	4
2026.06.30	00:00:00	4014.52	4022.41	3942.74	3985.61	85992	0	4
2026.06.30	06:00:00	3985.60	4037.67	3975.17	4029.91	78583	0	4
2026.06.30	12:00:00	4029.88	4063.45	4008.79	4026.19	95685	0	4
2026.06.30	18:00:00	4026.20	4033.87	4006.10	4013.21	40597	0	4
2026.07.01	00:00:00	4013.19	4018.49	3970.24	3976.72	73538	0	4
2026.07.01	06:00:00	3976.71	3998.81	3960.21	3998.41	67431	0	4
2026.07.01	12:00:00	3998.43	4115.60	3997.94	4071.28	111271	0	4
2026.07.01	18:00:00	4071.32	4073.71	4028.57	4045.13	49337	0	4
2026.07.02	00:00:00	4045.06	4074.17	4030.85	4060.80	75402	0	4
2026.07.02	06:00:00	4060.83	4080.08	4053.22	4066.36	75621	0	4
2026.07.02	12:00:00	4066.46	4144.06	4057.51	4118.16	120543	0	4
2026.07.02	18:00:00	4118.18	4128.15	4105.83	4124.79	52913	0	4
2026.07.03	00:00:00	4124.81	4195.47	4121.19	4178.91	74877	0	4
2026.07.03	06:00:00	4178.90	4186.60	4160.56	4177.24	57638	0	4
2026.07.03	12:00:00	4177.05	4186.34	4175.64	4183.70	5856	0	4
