<DATE>	<TIME>	<OPEN>	<HIGH>	<LOW>	<CLOSE>	<TICKVOL>	<VOL>	<SPREAD>
2021.11.29	00:00:00	1795.46	1797.06	1789.97	1794.74	30837	0	6
2021.11.29	08:00:00	1794.77	1799.43	1784.25	1787.03	43393	0	6
2021.11.29	16:00:00	1787.00	1787.94	1781.19	1786.89	24527	0	6
2021.11.30	00:00:00	1786.89	1795.89	1782.98	1791.81	30388	0	6
2021.11.30	08:00:00	1791.81	1808.65	1783.37	1784.53	61447	0	6
2021.11.30	16:00:00	1784.57	1784.78	1769.90	1773.27	47537	0	6
2021.12.01	00:00:00	1773.28	1794.53	1772.67	1784.86	36025	0	5
2021.12.01	08:00:00	1784.90	1792.27	1776.69	1786.05	50565	0	5
2021.12.01	16:00:00	1786.01	1787.94	1777.39	1781.88	35049	0	6
2021.12.02	00:00:00	1781.92	1782.04	1774.95	1775.20	25068	0	6
2021.12.02	08:00:00	1775.23	1781.26	1763.29	1767.34	52038	0	5
2021.12.02	16:00:00	1767.37	1770.69	1761.91	1769.06	26916	0	6
2021.12.03	00:00:00	1769.05	1776.52	1767.56	1770.54	23745	0	5
2021.12.03	08:00:00	1770.57	1778.66	1766.15	1770.81	56042	0	5
2021.12.03	16:00:00	1770.78	1786.14	1769.83	1783.49	30199	0	6
2021.12.06	00:00:00	1782.90	1787.76	1781.14	1783.00	23884	0	5
2021.12.06	08:00:00	1782.97	1782.97	1775.68	1778.31	35763	0	6
2021.12.06	16:00:00	1778.31	1785.03	1777.73	1781.00	18299	0	5
2021.12.07	00:00:00	1780.97	1784.59	1776.91	1782.73	20054	0	5
2021.12.07	08:00:00	1782.77	1784.72	1772.12	1782.58	36137	0	5
2021.12.07	16:00:00	1782.57	1787.86	1781.99	1784.79	18264	0	5
2021.12.08	00:00:00	1784.75	1791.64	1784.54	1789.88	19560	0	5
2021.12.08	08:00:00	1789.84	1793.14	1779.65	1782.49	41432	0	5
2021.12.08	16:00:00	1782.53	1786.85	1781.16	1783.57	17991	0	6
2021.12.09	00:00:00	1783.54	1787.15	1782.21	1786.24	19202	0	5
2021.12.09	08:00:00	1786.21	1787.62	1773.71	1779.63	39361	0	6
2021.12.09	16:00:00	1779.60	1780.90	1773.49	1776.39	18761	0	5
2021.12.10	00:00:00	1776.40	1779.67	1771.41	1773.04	19129	0	5
2021.12.10	08:00:00	1773.04	1789.46	1770.14	1783.19	42908	0	5
2021.12.10	16:00:00	1783.23	1786.48	1781.44	1782.88	14626	0	5
2021.12.13	00:00:00	1783.32	1788.19	1782.52	1785.48	16750	0	5
2021.12.13	08:00:00	1785.51	1791.65	1781.84	1786.89	29563	0	5
2021.12.13	16:00:00	1786.91	1790.17	1785.07	1785.79	15909	0	5
2021.12.14	00:00:00	1785.82	1789.54	1784.15	1784.69	16960	0	5
2021.12.14	08:00:00	1784.66	1785.75	1766.48	1774.23	39784	0	5
2021.12.14	16:00:00	1774.20	1776.56	1770.33	1772.53	17446	0	5
2021.12.15	00:00:00	1772.55	1773.93	1766.72	1767.87	18504	0	5
2021.12.15	08:00:00	1767.84	1773.67	1764.14	1766.15	32828	0	6
2021.12.15	16:00:00	1766.15	1781.50	1753.12	1779.52	52902	0	6
2021.12.16	00:00:00	1779.54	1786.25	1775.57	1784.57	22966	0	5
2021.12.16	08:00:00	1784.61	1798.21	1782.23	1797.39	40696	0	6
2021.12.16	16:00:00	1797.37	1799.69	1795.02	1798.77	19689	0	6
2021.12.17	00:00:00	1798.81	1809.66	1797.31	1809.16	23539	0	5
2021.12.17	08:00:00	1809.13	1814.27	1804.15	1804.59	34492	0	5
2021.12.17	16:00:00	1804.61	1806.54	1795.86	1798.13	18684	0	6
2021.12.20	00:00:00	1800.13	1804.16	1798.08	1798.26	20784	0	5
2021.12.20	08:00:00	1798.22	1802.36	1791.76	1793.71	32358	0	5
2021.12.20	16:00:00	1793.67	1796.07	1788.36	1791.68	19647	0	5
2021.12.21	00:00:00	1791.69	1794.07	1788.84	1793.25	19946	0	5
2021.12.21	08:00:00	1793.23	1800.41	1784.87	1786.03	31152	0	5
2021.12.21	16:00:00	1786.07	1790.62	1785.31	1790.54	17164	0	5
2021.12.22	00:00:00	1790.54	1791.23	1786.15	1786.94	16415	0	5
2021.12.22	08:00:00	1786.97	1795.89	1785.92	1795.78	27335	0	6
2021.12.22	16:00:00	1795.76	1805.03	1795.76	1803.73	17927	0	6
2021.12.23	00:00:00	1803.73	1808.38	1803.17	1805.97	17060	0	5
2021.12.23	08:00:00	1805.94	1810.03	1798.78	1806.01	28220	0	5
2021.12.23	16:00:00	1806.00	1810.76	1805.77	1808.52	12270	0	6
2021.12.27	00:00:00	1807.32	1811.91	1806.67	1808.83	15822	0	5
2021.12.27	08:00:00	1808.80	1813.45	1802.97	1812.79	23066	0	6
2021.12.27	16:00:00	1812.82	1813.07	1806.73	1812.42	14776	0	5
2021.12.28	00:00:00	1812.43	1816.08	1808.55	1813.86	14820	0	5
2021.12.28	08:00:00	1813.86	1820.26	1810.03	1811.49	26490	0	5
2021.12.28	16:00:00	1811.46	1812.32	1805.07	1806.63	17032	0	6
2021.12.29	00:00:00	1806.63	1807.70	1804.11	1804.42	15379	0	5
2021.12.29	08:00:00	1804.40	1805.34	1789.38	1799.96	34159	0	6
2021.12.29	16:00:00	1799.93	1805.75	1799.93	1804.59	16914	0	6
2021.12.30	00:00:00	1804.60	1805.57	1796.24	1798.29	17325	0	6
2021.12.30	08:00:00	1798.42	1808.65	1798.20	1807.20	28105	0	6
2021.12.30	16:00:00	1807.21	1817.18	1806.87	1815.77	16679	0	6
2021.12.31	00:00:00	1815.63	1820.12	1814.77	1816.78	16390	0	6
2021.12.31	08:00:00	1816.79	1827.49	1815.17	1822.04	28004	0	5
2021.12.31	16:00:00	1822.01	1828.79	1821.65	1827.68	13270	0	6
2022.01.03	00:00:00	1828.47	1831.56	1820.99	1824.22	16630	0	5
2022.01.03	08:00:00	1824.19	1827.53	1799.83	1801.91	40471	0	6
2022.01.03	16:00:00	1801.91	1804.59	1798.37	1804.17	19353	0	6
2022.01.04	00:00:00	1804.20	1807.42	1802.97	1805.78	20990	0	6
2022.01.04	08:00:00	1805.81	1816.75	1798.52	1814.61	40586	0	6
2022.01.04	16:00:00	1814.64	1815.61	1811.68	1813.94	17428	0	5
2022.01.05	00:00:00	1813.95	1817.08	1812.48	1813.50	16854	0	5
2022.01.05	08:00:00	1813.50	1829.67	1813.38	1823.31	34719	0	5
2022.01.05	16:00:00	1823.34	1825.64	1808.32	1810.31	28283	0	6
2022.01.06	00:00:00	1810.34	1811.55	1799.26	1800.98	25493	0	6
2022.01.06	08:00:00	1800.97	1807.05	1786.89	1790.68	52824	0	6
2022.01.06	16:00:00	1790.70	1793.52	1786.40	1791.43	20564	0	6
2022.01.07	00:00:00	1791.45	1793.20	1788.06	1789.86	17633	0	5
2022.01.07	08:00:00	1789.88	1796.09	1782.49	1789.29	47986	0	5
2022.01.07	16:00:00	1789.32	1798.68	1789.31	1796.97	19861	0	5
2022.01.10	00:00:00	1795.17	1796.80	1791.35	1793.65	22051	0	5
2022.01.10	08:00:00	1793.64	1802.32	1790.35	1793.43	45709	0	0
2022.01.10	16:00:00	1793.43	1802.79	1793.34	1801.25	18566	0	0
2022.01.11	00:00:00	1801.22	1809.86	1801.22	1809.25	19346	0	0
2022.01.11	08:00:00	1809.18	1812.18	1801.80	1811.68	38935	0	0
2022.01.11	16:00:00	1811.71	1823.27	1810.03	1820.73	24210	0	0
2022.01.12	00:00:00	1820.61	1822.54	1815.87	1817.25	17298	0	0
2022.01.12	08:00:00	1817.26	1825.39	1814.72	1823.79	42194	0	0
2022.01.12	16:00:00	1823.83	1828.07	1820.18	1825.35	20471	0	0
2022.01.13	00:00:00	1825.27	1828.18	1823.49	1826.70	15790	0	0
2022.01.13	08:00:00	1826.71	1827.64	1814.25	1814.65	43047	0	0
2022.01.13	16:00:00	1814.65	1822.89	1812.31	1820.87	23814	0	0
2022.01.14	00:00:00	1820.87	1828.12	1819.62	1826.76	21313	0	0
2022.01.14	08:00:00	1826.76	1829.22	1819.24	1821.11	47087	0	0
2022.01.14	16:00:00	1821.12	1821.96	1814.69	1817.38	21058	0	0
2022.01.17	00:00:00	1816.48	1822.34	1813.12	1821.98	17169	0	0
2022.01.17	08:00:00	1821.98	1823.17	1817.70	1818.91	23849	0	0
2022.01.17	16:00:00	1818.90	1820.02	1818.13	1819.01	5136	0	5
2022.01.18	00:00:00	1819.01	1822.74	1813.03	1816.21	29091	0	5
2022.01.18	08:00:00	1816.21	1820.04	1805.79	1819.85	59026	0	5
2022.01.18	16:00:00	1819.85	1820.07	1810.61	1814.26	27738	0	5
2022.01.19	00:00:00	1814.29	1815.27	1810.25	1811.52	29971	0	5
2022.01.19	08:00:00	1811.52	1838.76	1811.36	1838.30	45340	0	0
2022.01.19	16:00:00	1838.35	1843.33	1837.16	1838.53	27581	0	0
2022.01.20	00:00:00	1838.52	1844.06	1837.98	1839.13	24641	0	0
2022.01.20	08:00:00	1839.12	1847.93	1835.97	1846.93	42429	0	0
2022.01.20	16:00:00	1846.87	1846.89	1837.37	1838.92	25017	0	0
2022.01.21	00:00:00	1838.94	1842.80	1836.30	1838.03	24553	0	0
2022.01.21	08:00:00	1838.03	1843.22	1828.49	1834.58	47043	0	0
2022.01.21	16:00:00	1834.58	1835.17	1828.54	1834.39	24282	0	0
2022.01.24	00:00:00	1834.71	1839.62	1832.58	1837.98	20501	0	0
2022.01.24	08:00:00	1837.98	1844.35	1829.67	1834.49	52741	0	0
2022.01.24	16:00:00	1834.49	1844.06	1832.58	1843.64	37956	0	0
2022.01.25	00:00:00	1843.66	1843.69	1839.46	1840.82	22061	0	0
2022.01.25	08:00:00	1840.82	1852.87	1834.85	1846.94	48457	0	0
2022.01.25	16:00:00	1846.94	1853.88	1845.15	1849.53	27163	0	0
2022.01.26	00:00:00	1849.47	1849.59	1843.79	1843.99	14617	0	0
2022.01.26	08:00:00	1843.99	1848.10	1831.22	1834.13	42237	0	0
2022.01.26	16:00:00	1834.16	1834.51	1814.98	1821.97	41045	0	0
2022.01.27	00:00:00	1821.99	1822.00	1809.98	1810.99	30884	0	0
2022.01.27	08:00:00	1810.96	1816.91	1795.71	1796.50	53201	0	0
2022.01.27	16:00:00	1796.48	1798.46	1791.82	1797.30	30439	0	0
2022.01.28	00:00:00	1797.28	1799.44	1795.09	1796.03	19890	0	0
2022.01.28	08:00:00	1795.96	1795.96	1780.31	1782.82	52009	0	0
2022.01.28	16:00:00	1782.82	1792.09	1781.94	1791.81	23669	0	0
2022.01.31	00:00:00	1789.59	1790.33	1785.59	1788.91	16484	0	0
2022.01.31	08:00:00	1789.06	1799.64	1787.06	1796.30	39062	0	0
2022.01.31	16:00:00	1796.31	1799.92	1794.91	1797.86	23976	0	0
2022.02.01	00:00:00	1797.84	1804.43	1795.76	1804.08	14852	0	0
2022.02.01	08:00:00	1803.75	1808.78	1797.79	1804.39	41147	0	0
2022.02.01	16:00:00	1804.39	1807.95	1798.62	1800.77	20810	0	0
2022.02.02	00:00:00	1800.79	1801.66	1794.41	1796.76	12649	0	0
2022.02.02	08:00:00	1796.76	1810.72	1796.42	1808.54	39615	0	0
2022.02.02	16:00:00	1808.56	1810.79	1805.19	1807.93	20193	0	0
2022.02.03	00:00:00	1807.91	1808.96	1803.14	1804.58	11834	0	0
2022.02.03	08:00:00	1804.58	1806.08	1788.70	1803.28	48611	0	0
2022.02.03	16:00:00	1803.07	1807.62	1801.12	1805.73	22485	0	0
2022.02.04	00:00:00	1805.73	1809.21	1805.03	1807.36	13883	0	0
2022.02.04	08:00:00	1807.36	1814.92	1792.19	1803.93	47034	0	0
2022.02.04	16:00:00	1803.94	1808.73	1803.17	1808.20	17607	0	0
2022.02.07	00:00:00	1810.05	1815.27	1808.74	1813.02	21191	0	0
2022.02.07	08:00:00	1813.12	1817.16	1810.06	1815.89	38681	0	0
2022.02.07	16:00:00	1815.89	1823.57	1814.31	1822.03	19049	0	0
2022.02.08	00:00:00	1822.01	1823.31	1815.46	1817.38	19609	0	0
2022.02.08	08:00:00	1817.34	1828.36	1817.21	1824.61	32709	0	0
2022.02.08	16:00:00	1824.61	1828.77	1824.42	1825.96	15177	0	0
2022.02.09	00:00:00	1825.98	1829.12	1825.07	1826.71	15757	0	0
2022.02.09	08:00:00	1826.77	1832.56	1824.69	1828.44	32057	0	0
2022.02.09	16:00:00	1828.48	1835.85	1828.34	1832.63	15318	0	0
2022.02.10	00:00:00	1832.64	1836.15	1831.53	1834.78	14023	0	0
2022.02.10	08:00:00	1834.67	1840.58	1821.65	1835.69	40800	0	0
2022.02.10	16:00:00	1835.68	1841.96	1825.70	1826.83	34182	0	0
2022.02.11	00:00:00	1826.86	1827.16	1820.98	1826.19	24551	0	0
2022.02.11	08:00:00	1826.17	1837.11	1824.96	1835.91	40385	0	0
2022.02.11	16:00:00	1835.94	1865.50	1832.78	1859.00	41703	0	0
2022.02.14	00:00:00	1859.61	1860.72	1850.81	1854.43	30091	0	0
2022.02.14	08:00:00	1854.41	1871.02	1851.28	1868.22	60835	0	0
2022.02.14	16:00:00	1868.22	1874.15	1860.32	1871.09	30309	0	0
2022.02.15	00:00:00	1871.10	1879.49	1870.17	1875.71	24941	0	0
2022.02.15	08:00:00	1875.72	1877.22	1844.56	1847.96	56601	0	0
2022.02.15	16:00:00	1848.01	1856.54	1846.52	1852.95	20599	0	0
2022.02.16	00:00:00	1852.97	1856.78	1850.30	1855.26	18042	0	0
2022.02.16	08:00:00	1855.22	1864.87	1851.45	1862.74	38285	0	0
2022.02.16	16:00:00	1862.71	1872.57	1861.51	1869.98	29394	0	0
2022.02.17	00:00:00	1870.01	1877.22	1867.85	1876.16	30839	0	0
2022.02.17	08:00:00	1876.12	1897.74	1875.36	1895.38	56341	0	0
2022.02.17	16:00:00	1895.34	1901.12	1893.16	1899.97	25736	0	0
2022.02.18	00:00:00	1900.01	1902.49	1888.37	1891.73	27610	0	0
2022.02.18	08:00:00	1891.76	1899.99	1886.58	1891.89	47438	0	0
2022.02.18	16:00:00	1891.87	1899.50	1891.24	1897.44	27254	0	0
2022.02.21	00:00:00	1904.87	1908.26	1887.66	1891.73	27890	0	0
2022.02.21	08:00:00	1891.72	1898.71	1891.33	1895.43	31623	0	0
2022.02.21	16:00:00	1895.42	1914.10	1895.39	1909.56	12388	0	0
2022.02.22	00:00:00	1909.53	1913.93	1905.31	1908.67	32732	0	0
2022.02.22	08:00:00	1908.71	1911.70	1891.42	1897.92	64064	0	0
2022.02.22	16:00:00	1897.90	1905.72	1896.08	1898.27	32836	0	0
2022.02.23	00:00:00	1898.37	1901.30	1893.39	1894.84	20129	0	0
2022.02.23	08:00:00	1894.84	1896.30	1894.65	1894.69	321	0	0
2022.05.31	08:00:00	1852.01	1852.08	1852.01	1852.07	9	0	6
2022.07.25	00:00:00	1724.71	1729.20	1719.95	1725.68	34351	0	0
2022.07.25	08:00:00	1725.72	1736.28	1714.77	1716.48	54739	0	0
2022.07.25	16:00:00	1716.50	1721.47	1715.54	1718.99	16372	0	0
2022.07.26	00:00:00	1718.99	1728.22	1718.71	1724.79	28186	0	0
2022.07.26	08:00:00	1724.79	1725.81	1713.66	1717.01	48202	0	0
2022.07.26	16:00:00	1717.11	1720.24	1716.36	1717.96	17249	0	0
2022.07.27	00:00:00	1717.97	1721.95	1713.67	1719.78	25644	0	0
2022.07.27	08:00:00	1719.82	1725.22	1711.52	1718.84	40719	0	0
2022.07.27	16:00:00	1718.88	1740.32	1718.49	1738.80	35600	0	0
2022.07.28	00:00:00	1738.80	1744.73	1734.06	1744.27	33161	0	0
2022.07.28	08:00:00	1744.24	1756.87	1736.09	1753.06	67517	0	0
2022.07.28	16:00:00	1753.11	1757.11	1750.39	1754.88	22742	0	0
2022.07.29	00:00:00	1754.92	1767.93	1752.61	1766.51	36067	0	0
2022.07.29	08:00:00	1766.51	1767.16	1751.98	1765.93	62416	0	0
2022.07.29	16:00:00	1765.88	1766.73	1760.93	1766.02	19163	0	0
2022.08.01	00:00:00	1762.20	1767.42	1758.37	1764.45	33623	0	0
2022.08.01	08:00:00	1764.57	1775.23	1762.31	1768.94	57603	0	0
2022.08.01	16:00:00	1768.87	1773.43	1766.57	1772.18	19116	0	0
2022.08.02	00:00:00	1772.24	1780.58	1768.96	1772.25	34574	0	0
2022.08.02	08:00:00	1772.19	1788.06	1770.44	1778.12	60100	0	0
2022.08.02	16:00:00	1778.12	1778.48	1754.95	1756.72	29864	0	0
2022.08.03	00:00:00	1756.69	1770.64	1755.50	1766.17	29713	0	0
2022.08.03	08:00:00	1766.26	1772.80	1754.34	1758.47	48166	0	0
2022.08.03	16:00:00	1758.48	1766.28	1757.46	1763.65	13932	0	0
2022.08.04	00:00:00	1763.65	1774.85	1763.33	1773.14	19592	0	0
2022.08.04	08:00:00	1773.04	1790.31	1772.84	1787.80	48681	0	0
2022.08.04	16:00:00	1787.81	1794.95	1787.17	1793.40	18032	0	6
2022.08.05	00:00:00	1793.40	1794.89	1788.57	1790.51	29407	0	5
2022.08.05	08:00:00	1790.51	1790.74	1764.98	1773.72	66202	0	5
2022.08.05	16:00:00	1773.71	1776.10	1771.60	1775.31	16716	0	5
2022.08.08	00:00:00	1774.56	1779.15	1771.19	1777.76	27871	0	10
2022.08.08	08:00:00	1777.74	1790.01	1772.56	1787.20	46313	0	8
2022.08.08	16:00:00	1787.20	1790.63	1785.70	1789.22	15788	0	9
2022.08.09	00:00:00	1789.22	1790.15	1783.23	1787.07	23405	0	9
2022.08.09	08:00:00	1787.07	1800.45	1786.43	1796.19	47059	0	6
2022.08.09	16:00:00	1796.20	1798.32	1793.13	1794.08	14404	0	9
2022.08.10	00:00:00	1794.08	1794.61	1787.62	1790.48	20765	0	10
2022.08.10	08:00:00	1790.51	1807.87	1787.94	1798.03	63863	0	7
2022.08.10	16:00:00	1798.03	1800.14	1788.16	1791.69	23126	0	9
2022.08.11	00:00:00	1791.71	1792.45	1783.59	1788.01	26209	0	10
2022.08.11	08:00:00	1788.01	1799.31	1785.56	1790.46	55666	0	6
2022.08.11	16:00:00	1790.48	1791.93	1785.04	1788.95	21875	0	9
2022.08.12	00:00:00	1788.93	1794.12	1786.29	1788.77	23477	0	10
2022.08.12	08:00:00	1788.76	1798.72	1784.88	1794.92	56187	0	9
2022.08.12	16:00:00	1794.92	1802.11	1794.92	1801.80	16869	0	9
2022.08.15	00:00:00	1799.09	1801.76	1786.15	1786.89	25428	0	10
2022.08.15	08:00:00	1786.81	1788.12	1772.98	1780.78	60226	0	9
2022.08.15	16:00:00	1780.86	1784.14	1777.48	1778.52	18824	0	8
2022.08.16	00:00:00	1778.60	1783.09	1775.95	1776.06	22598	0	10
2022.08.16	08:00:00	1776.00	1778.64	1771.47	1774.33	49457	0	10
2022.08.16	16:00:00	1774.31	1777.54	1772.79	1775.57	15848	0	9
2022.08.17	00:00:00	1775.53	1782.34	1773.45	1773.53	26627	0	8
2022.08.17	08:00:00	1773.53	1776.99	1761.34	1762.14	61091	0	8
2022.08.17	16:00:00	1762.15	1770.27	1759.80	1764.96	27800	0	9
2022.08.18	00:00:00	1764.96	1767.56	1760.90	1762.74	26299	0	10
2022.08.18	08:00:00	1762.73	1772.40	1757.75	1759.77	56041	0	10
2022.08.18	16:00:00	1759.77	1761.26	1755.35	1758.40	20427	0	6
2022.08.19	00:00:00	1758.40	1758.58	1751.79	1753.95	29921	0	10
2022.08.19	08:00:00	1753.94	1758.14	1745.79	1749.12	57321	0	10
2022.08.19	16:00:00	1749.07	1750.95	1745.54	1747.01	14833	0	10
2022.08.22	00:00:00	1745.67	1749.06	1736.50	1737.15	26395	0	5
2022.08.22	08:00:00	1737.09	1740.05	1727.77	1736.82	60641	0	10
2022.08.22	16:00:00	1736.82	1737.81	1733.80	1735.25	16975	0	10
2022.08.23	00:00:00	1735.25	1740.52	1734.21	1738.32	28684	0	10
2022.08.23	08:00:00	1738.31	1754.11	1730.82	1749.75	60485	0	10
2022.08.23	16:00:00	1749.74	1750.50	1745.42	1746.05	18508	0	10
2022.08.24	00:00:00	1746.03	1748.17	1744.10	1747.88	26021	0	10
2022.08.24	08:00:00	1747.88	1755.90	1742.46	1751.21	57072	0	10
2022.08.24	16:00:00	1751.22	1753.02	1747.69	1751.03	17146	0	10
2022.08.25	00:00:00	1751.03	1763.76	1749.98	1762.48	30135	0	10
2022.08.25	08:00:00	1762.48	1765.50	1752.22	1755.36	53292	0	10
2022.08.25	16:00:00	1755.36	1759.94	1754.33	1756.40	17620	0	10
2022.08.26	00:00:00	1756.41	1758.82	1751.82	1753.12	25545	0	10
2022.08.26	08:00:00	1753.13	1756.21	1734.35	1737.12	74353	0	10
2022.08.26	16:00:00	1737.11	1739.58	1734.20	1738.35	19929	0	10
2022.08.29	00:00:00	1734.68	1736.20	1720.53	1721.58	35289	0	10
2022.08.29	08:00:00	1721.58	1745.52	1720.31	1740.50	55801	0	10
2022.08.29	16:00:00	1740.51	1740.83	1735.92	1739.56	18167	0	10
2022.08.30	00:00:00	1739.58	1740.55	1729.08	1731.36	30595	0	5
2022.08.30	08:00:00	1731.35	1737.93	1721.18	1726.10	58714	0	10
2022.08.30	16:00:00	1726.07	1727.11	1722.25	1723.32	19564	0	10
2022.08.31	00:00:00	1723.31	1726.52	1719.48	1720.96	27463	0	8
2022.08.31	08:00:00	1720.93	1723.53	1709.63	1718.79	69899	0	10
2022.08.31	16:00:00	1718.78	1719.13	1705.26	1708.92	24688	0	10
2022.09.01	00:00:00	1708.91	1708.91	1702.32	1705.09	32316	0	5
2022.09.01	08:00:00	1705.02	1708.72	1688.80	1695.49	68994	0	5
2022.09.01	16:00:00	1695.48	1699.63	1694.31	1697.28	22010	0	5
2022.09.02	00:00:00	1697.19	1704.55	1696.28	1703.71	26037	0	7
2022.09.02	08:00:00	1703.70	1717.98	1702.14	1716.21	63082	0	10
2022.09.02	16:00:00	1716.20	1716.47	1708.84	1711.89	23590	0	10
2022.09.05	00:00:00	1707.98	1714.03	1707.71	1710.78	27969	0	5
2022.09.05	08:00:00	1710.78	1715.75	1710.05	1710.52	29110	0	5
2022.09.05	16:00:00	1710.48	1714.37	1709.48	1713.89	4750	0	5
2022.09.06	00:00:00	1713.89	1726.77	1713.59	1715.79	31985	0	5
2022.09.06	08:00:00	1715.72	1716.06	1701.31	1703.08	65056	0	10
2022.09.06	16:00:00	1703.07	1704.39	1699.85	1703.40	24667	0	10
2022.09.07	00:00:00	1703.43	1703.79	1691.27	1703.18	40485	0	5
2022.09.07	08:00:00	1703.17	1713.47	1697.09	1710.54	62106	0	10
2022.09.07	16:00:00	1710.54	1719.22	1709.57	1716.59	23367	0	10
2022.09.08	00:00:00	1716.59	1722.80	1713.58	1717.67	35416	0	10
2022.09.08	08:00:00	1717.67	1728.20	1703.96	1707.22	76226	0	10
2022.09.08	16:00:00	1707.24	1711.62	1704.84	1710.68	21791	0	10
2022.09.09	00:00:00	1710.69	1729.41	1709.74	1727.25	33506	0	10
2022.09.09	08:00:00	1727.25	1729.38	1711.37	1716.85	62338	0	10
2022.09.09	16:00:00	1716.83	1720.29	1714.63	1717.57	13833	0	8
2022.09.12	00:00:00	1718.40	1726.47	1711.95	1724.39	26144	0	8
2022.09.12	08:00:00	1724.39	1735.13	1721.95	1734.20	59771	0	10
2022.09.12	16:00:00	1734.14	1734.85	1723.78	1725.28	22633	0	5
2022.09.13	00:00:00	1725.28	1727.55	1720.07	1723.83	29623	0	5
2022.09.13	08:00:00	1723.93	1731.82	1697.11	1701.01	72914	0	10
2022.09.13	16:00:00	1701.01	1707.28	1700.37	1702.11	24522	0	10
2022.09.14	00:00:00	1702.09	1705.10	1697.22	1703.15	37653	0	10
2022.09.14	08:00:00	1703.18	1707.11	1699.28	1703.65	64804	0	10
2022.09.14	16:00:00	1703.67	1703.84	1693.67	1697.52	22766	0	5
2022.09.15	00:00:00	1697.53	1697.83	1685.64	1689.84	27772	0	6
2022.09.15	08:00:00	1689.80	1692.29	1663.51	1664.46	70002	0	10
2022.09.15	16:00:00	1664.46	1669.26	1660.35	1662.36	24131	0	10
2022.09.16	00:00:00	1662.38	1667.71	1654.35	1655.74	31471	0	10
2022.09.16	08:00:00	1655.75	1680.34	1654.16	1673.98	65952	0	10
2022.09.16	16:00:00	1673.91	1677.73	1671.11	1675.56	18394	0	10
2022.09.19	00:00:00	1677.96	1678.79	1659.63	1662.74	26546	0	5
2022.09.19	08:00:00	1662.73	1675.29	1660.77	1670.67	53648	0	5
2022.09.19	16:00:00	1670.70	1676.06	1668.91	1675.77	19662	0	10
2022.09.20	00:00:00	1675.76	1679.46	1670.27	1672.60	29622	0	10
2022.09.20	08:00:00	1672.52	1672.54	1660.00	1665.57	56390	0	10
2022.09.20	16:00:00	1665.61	1666.63	1661.53	1666.36	16001	0	10
2022.09.21	00:00:00	1666.35	1676.23	1661.66	1671.06	34787	0	6
2022.09.21	08:00:00	1671.05	1677.39	1665.75	1667.56	50544	0	10
2022.09.21	16:00:00	1667.55	1688.03	1653.93	1667.01	52115	0	10
2022.09.22	00:00:00	1667.01	1667.11	1655.67	1658.88	40876	0	5
2022.09.22	08:00:00	1658.89	1684.91	1657.97	1671.51	90340	0	10
2022.09.22	16:00:00	1671.52	1676.23	1669.36	1672.76	26360	0	10
2022.09.23	00:00:00	1672.76	1675.92	1666.36	1667.49	32516	0	10
2022.09.23	08:00:00	1667.49	1668.25	1641.28	1646.25	90507	0	10
2022.09.23	16:00:00	1646.25	1648.43	1639.75	1645.09	27355	0	10
2022.09.26	00:00:00	1644.12	1649.76	1626.81	1644.05	56577	0	10
2022.09.26	08:00:00	1644.06	1648.29	1634.24	1634.40	80290	0	10
2022.09.26	16:00:00	1634.40	1635.18	1621.17	1627.67	41940	0	10
2022.09.27	00:00:00	1627.66	1640.66	1627.53	1637.30	38283	0	10
2022.09.27	08:00:00	1637.29	1642.45	1631.87	1634.10	76257	0	10
2022.09.27	16:00:00	1634.13	1634.15	1626.68	1629.93	30224	0	10
2022.09.28	00:00:00	1623.47	1625.52	1614.81	1621.90	20687	0	10
2022.09.28	08:00:00	1621.89	1659.95	1615.91	1658.76	102367	0	10
2022.09.28	16:00:00	1658.79	1662.69	1655.28	1656.19	32073	0	10
2022.09.29	00:00:00	1656.23	1659.39	1641.53	1644.95	44373	0	10
2022.09.29	08:00:00	1644.93	1662.04	1643.46	1659.97	88905	0	10
2022.09.29	16:00:00	1659.98	1665.16	1657.23	1664.59	28520	0	10
2022.09.30	00:00:00	1664.60	1674.25	1659.24	1673.14	38411	0	10
2022.09.30	08:00:00	1673.15	1675.36	1661.99	1671.34	80790	0	10
2022.09.30	16:00:00	1671.36	1671.75	1660.14	1660.83	24954	0	10
2022.10.03	00:00:00	1664.12	1669.50	1661.87	1663.71	35479	0	7
2022.10.03	08:00:00	1663.74	1694.12	1659.72	1690.34	80561	0	4
2022.10.03	16:00:00	1690.34	1702.59	1687.30	1700.99	31685	0	4
2022.10.04	00:00:00	1700.98	1710.68	1695.24	1708.18	40068	0	4
2022.10.04	08:00:00	1708.17	1728.92	1700.51	1725.77	75118	0	4
2022.10.04	16:00:00	1725.80	1729.49	1720.07	1725.58	29487	0	4
2022.10.05	00:00:00	1725.58	1727.80	1715.10	1716.42	35017	0	4
2022.10.05	08:00:00	1716.41	1716.53	1700.52	1709.14	73207	0	4
2022.10.05	16:00:00	1709.14	1718.88	1707.67	1718.43	26201	0	4
2022.10.06	00:00:00	1718.43	1725.57	1717.97	1724.71	32747	0	4
2022.10.06	08:00:00	1724.71	1724.87	1708.22	1708.26	71622	0	4
2022.10.06	16:00:00	1708.26	1715.21	1706.96	1711.94	25981	0	4
2022.10.07	00:00:00	1711.95	1714.13	1708.36	1710.91	32847	0	4
2022.10.07	08:00:00	1710.92	1714.83	1690.65	1703.24	73133	0	4
2022.10.07	16:00:00	1703.24	1707.23	1693.28	1694.63	22185	0	4
2022.10.10	00:00:00	1696.74	1697.28	1682.20	1682.82	35713	0	4
2022.10.10	08:00:00	1682.79	1684.54	1665.71	1666.95	63708	0	2
2022.10.10	16:00:00	1666.94	1671.68	1666.85	1670.14	22971	0	4
2022.10.11	00:00:00	1670.13	1673.65	1661.39	1664.73	40553	0	4
2022.10.11	08:00:00	1664.73	1681.82	1661.01	1681.70	69242	0	4
2022.10.11	16:00:00	1681.65	1683.97	1663.80	1664.11	32853	0	4
2022.10.12	00:00:00	1663.94	1675.31	1661.38	1669.09	41739	0	4
2022.10.12	08:00:00	1669.08	1673.35	1664.85	1669.57	67114	0	4
2022.10.12	16:00:00	1669.57	1678.38	1667.76	1674.47	26933	0	4
2022.10.13	00:00:00	1674.45	1675.46	1667.05	1672.31	23410	0	4
2022.10.13	08:00:00	1672.34	1682.46	1642.46	1665.70	91800	0	4
2022.10.13	16:00:00	1665.70	1672.51	1662.78	1663.46	32958	0	4
2022.10.14	00:00:00	1663.43	1671.77	1659.03	1667.10	39851	0	4
2022.10.14	08:00:00	1667.11	1667.21	1644.76	1644.76	85292	0	4
2022.10.14	16:00:00	1644.76	1648.90	1640.19	1644.49	28602	0	4
2022.10.17	00:00:00	1647.49	1657.44	1646.42	1655.99	34648	0	4
2022.10.17	08:00:00	1656.00	1668.46	1652.97	1663.38	66105	0	4
2022.10.17	16:00:00	1663.38	1663.49	1646.81	1650.69	24685	0	4
2022.10.18	00:00:00	1650.69	1660.93	1648.99	1656.43	36859	0	4
2022.10.18	08:00:00	1656.44	1657.58	1645.83	1649.79	66743	0	4
2022.10.18	16:00:00	1649.79	1654.50	1648.26	1652.36	26218	0	4
2022.10.19	00:00:00	1652.37	1653.45	1637.76	1644.77	32821	0	4
2022.10.19	08:00:00	1644.78	1644.87	1630.44	1630.62	70302	0	4
2022.10.19	16:00:00	1630.63	1631.27	1626.45	1627.13	25205	0	4
2022.10.20	00:00:00	1627.12	1635.05	1622.43	1632.81	38496	0	4
2022.10.20	08:00:00	1632.94	1645.64	1628.81	1641.37	73109	0	4
2022.10.20	16:00:00	1641.38	1641.54	1624.82	1626.92	28246	0	4
2022.10.21	00:00:00	1626.93	1628.32	1617.29	1623.81	33584	0	4
2022.10.21	08:00:00	1623.75	1651.01	1619.18	1650.84	104725	0	4
2022.10.21	16:00:00	1650.84	1657.74	1647.45	1657.03	39639	0	4
2022.10.24	00:00:00	1661.29	1661.91	1648.93	1649.39	45732	0	4
2022.10.24	08:00:00	1649.32	1654.48	1644.01	1651.85	86289	0	4
2022.10.24	16:00:00	1651.86	1652.71	1647.83	1651.77	24319	0	4
2022.10.25	00:00:00	1651.77	1654.93	1644.55	1645.24	40874	0	4
2022.10.25	08:00:00	1645.24	1662.43	1638.20	1656.04	72702	0	4
2022.10.25	16:00:00	1656.03	1657.15	1651.03	1652.79	26446	0	4
2022.10.26	00:00:00	1652.84	1671.62	1649.68	1670.99	37220	0	4
2022.10.26	08:00:00	1670.95	1674.93	1660.67	1667.23	79517	0	4
2022.10.26	16:00:00	1667.22	1669.00	1663.29	1667.52	29228	0	4
2022.10.27	00:00:00	1667.51	1670.83	1659.08	1662.79	41446	0	4
2022.10.27	08:00:00	1662.78	1666.73	1654.88	1661.31	87203	0	4
2022.10.27	16:00:00	1661.31	1663.46	1656.74	1661.90	30801	0	4
2022.10.28	00:00:00	1661.94	1667.04	1651.52	1652.75	45571	0	1
2022.10.28	08:00:00	1652.81	1653.87	1638.05	1639.65	83627	0	4
2022.10.28	16:00:00	1639.64	1645.63	1638.93	1645.16	18960	0	4
2022.10.31	00:00:00	1643.50	1645.65	1640.50	1641.19	27391	0	4
2022.10.31	08:00:00	1641.18	1642.16	1633.47	1638.98	59944	0	4
2022.10.31	16:00:00	1638.98	1640.32	1631.78	1632.45	28407	0	4
2022.11.01	00:00:00	1632.52	1649.93	1630.65	1645.31	36957	0	4
2022.11.01	08:00:00	1645.31	1657.04	1642.13	1644.46	75448	0	4
2022.11.01	16:00:00	1644.40	1651.14	1642.97	1646.82	29020	0	4
2022.11.02	00:00:00	1646.85	1653.41	1646.65	1652.87	28819	0	4
2022.11.02	08:00:00	1652.87	1658.92	1645.81	1646.46	58496	0	4
2022.11.02	16:00:00	1646.49	1669.33	1631.88	1633.74	54729	0	4
2022.11.03	00:00:00	1633.72	1641.00	1628.39	1630.03	32807	0	4
2022.11.03	08:00:00	1630.03	1631.61	1616.72	1625.98	87752	0	4
2022.11.03	16:00:00	1625.99	1632.36	1624.91	1629.75	25889	0	4
2022.11.04	00:00:00	1629.75	1649.76	1629.42	1644.97	34259	0	4
2022.11.04	08:00:00	1644.99	1675.49	1643.66	1671.21	92137	0	4
2022.11.04	16:00:00	1671.21	1681.72	1667.77	1680.61	33967	0	4
2022.11.07	00:00:00	1672.69	1675.32	1666.90	1668.16	36249	0	4
2022.11.07	08:00:00	1668.16	1681.90	1667.09	1679.03	74232	0	4
2022.11.07	16:00:00	1679.07	1680.26	1673.64	1674.12	30467	0	4
2022.11.08	00:00:00	1674.12	1676.73	1668.19	1670.39	26620	0	4
2022.11.08	08:00:00	1670.39	1714.19	1664.71	1713.11	66423	0	4
2022.11.08	16:00:00	1713.11	1716.88	1708.28	1711.48	40226	0	4
2022.11.09	00:00:00	1711.47	1712.75	1707.00	1711.70	30150	0	4
2022.11.09	08:00:00	1711.70	1722.37	1703.11	1711.59	70634	0	4
2022.11.09	16:00:00	1711.60	1714.45	1702.20	1706.49	36897	0	4
2022.11.10	00:00:00	1706.49	1712.61	1705.15	1705.94	27232	0	4
2022.11.10	08:00:00	1705.92	1753.29	1704.04	1750.99	84081	0	4
2022.11.10	16:00:00	1750.97	1757.19	1743.61	1752.23	41149	0	4
2022.11.11	00:00:00	1752.23	1764.37	1747.30	1761.07	38618	0	4
2022.11.11	08:00:00	1761.07	1766.64	1755.10	1763.70	76639	0	4
2022.11.11	16:00:00	1763.73	1772.45	1759.71	1769.86	27706	0	4
2022.11.14	00:00:00	1763.48	1766.34	1757.97	1762.38	38103	0	4
2022.11.14	08:00:00	1762.37	1775.09	1753.30	1771.49	65827	0	4
2022.11.14	16:00:00	1771.54	1774.51	1766.60	1769.50	36166	0	4
2022.11.15	00:00:00	1769.54	1784.36	1767.13	1782.92	37032	0	4
2022.11.15	08:00:00	1782.91	1786.57	1768.26	1771.25	98469	0	4
2022.11.15	16:00:00	1771.24	1785.78	1768.08	1780.79	74471	0	4
2022.11.16	00:00:00	1780.81	1781.43	1770.35	1776.80	48569	0	4
2022.11.16	08:00:00	1776.79	1785.06	1773.16	1779.68	84303	0	4
2022.11.16	16:00:00	1779.59	1780.11	1770.97	1773.92	39484	0	4
2022.11.17	00:00:00	1773.91	1774.88	1761.46	1767.04	34659	0	4
2022.11.17	08:00:00	1767.03	1771.02	1754.51	1760.29	84460	0	4
2022.11.17	16:00:00	1760.29	1762.36	1755.49	1760.10	29655	0	4
2022.11.18	00:00:00	1760.09	1766.90	1759.92	1765.61	28791	0	4
2022.11.18	08:00:00	1765.52	1767.72	1749.94	1757.36	72037	0	4
2022.11.18	16:00:00	1757.32	1757.97	1747.55	1750.14	26687	0	4
2022.11.21	00:00:00	1752.13	1752.95	1742.06	1742.57	36006	0	4
2022.11.21	08:00:00	1742.56	1747.01	1735.99	1736.74	70500	0	4
2022.11.21	16:00:00	1736.70	1739.67	1732.54	1738.57	35778	0	4
2022.11.22	00:00:00	1738.57	1745.71	1738.06	1743.15	29892	0	4
2022.11.22	08:00:00	1743.11	1749.74	1741.71	1741.90	71582	0	4
2022.11.22	16:00:00	1741.90	1742.21	1737.08	1741.15	26685	0	4
2022.11.23	00:00:00	1741.17	1745.77	1733.09	1744.25	27927	0	4
2022.11.23	08:00:00	1744.22	1747.66	1727.31	1743.44	73708	0	4
2022.11.23	16:00:00	1743.44	1753.39	1741.21	1752.33	38714	0	4
2022.11.24	00:00:00	1752.35	1757.66	1752.21	1753.91	31921	0	4
2022.11.24	08:00:00	1753.89	1758.61	1752.48	1756.84	48166	0	4
2022.11.24	16:00:00	1756.84	1757.38	1754.56	1755.36	5353	0	4
2022.11.25	00:00:00	1755.25	1761.24	1751.58	1751.61	30481	0	4
2022.11.25	08:00:00	1751.61	1754.45	1746.05	1750.35	58643	0	4
2022.11.25	16:00:00	1750.37	1756.32	1749.50	1756.10	13109	0	4
2022.11.28	00:00:00	1750.74	1754.19	1746.00	1750.82	31779	0	4
2022.11.28	08:00:00	1750.82	1763.76	1743.08	1745.53	66716	0	4
2022.11.28	16:00:00	1745.52	1746.84	1739.63	1741.27	30304	0	4
2022.11.29	00:00:00	1741.27	1755.07	1740.24	1753.99	40580	0	4
2022.11.29	08:00:00	1753.98	1759.05	1746.97	1755.19	75021	0	4
2022.11.29	16:00:00	1755.19	1755.59	1747.92	1748.80	34281	0	4
2022.11.30	00:00:00	1749.23	1756.93	1747.64	1755.17	32731	0	4
2022.11.30	08:00:00	1755.12	1764.79	1749.17	1752.49	79463	0	4
2022.11.30	16:00:00	1752.46	1773.50	1744.91	1773.41	63365	0	4
2022.12.01	00:00:00	1773.41	1783.79	1771.98	1775.48	52744	0	4
2022.12.01	08:00:00	1775.47	1804.12	1774.82	1796.52	88214	0	4
2022.12.01	16:00:00	1796.53	1804.52	1796.19	1802.28	44610	0	4
2022.12.02	00:00:00	1798.39	1802.60	1795.61	1801.78	27521	0	4
2022.12.02	08:00:00	1801.77	1803.10	1778.49	1785.85	87433	0	4
2022.12.02	16:00:00	1785.76	1799.58	1784.59	1798.56	37171	0	4
2022.12.05	00:00:00	1798.90	1810.01	1797.51	1799.91	37659	0	4
2022.12.05	08:00:00	1799.91	1800.53	1773.12	1777.94	76527	0	4
2022.12.05	16:00:00	1777.98	1779.46	1765.85	1769.28	40799	0	4
2022.12.06	00:00:00	1769.25	1776.32	1767.27	1771.60	38951	0	4
2022.12.06	08:00:00	1771.66	1780.86	1769.33	1772.56	69972	0	4
2022.12.06	16:00:00	1772.58	1776.32	1767.36	1770.99	30635	0	4
2022.12.07	00:00:00	1770.99	1775.23	1768.74	1772.87	32792	0	4
2022.12.07	08:00:00	1772.84	1787.88	1770.80	1780.64	77558	0	4
2022.12.07	16:00:00	1780.63	1790.52	1776.36	1787.01	39533	0	4
2022.12.08	00:00:00	1786.98	1787.99	1781.45	1785.97	32907	0	5
2022.12.08	08:00:00	1785.98	1794.83	1781.65	1790.24	65138	0	4
2022.12.08	16:00:00	1790.21	1792.14	1786.60	1789.24	29056	0	14
2022.12.09	00:00:00	1789.24	1797.72	1788.44	1792.75	29630	0	8
2022.12.09	08:00:00	1792.74	1804.15	1788.91	1796.82	71026	0	14
2022.12.09	16:00:00	1796.83	1806.14	1794.81	1796.80	28937	0	10
2022.12.12	00:00:00	1794.98	1795.01	1785.50	1791.30	30643	0	4
2022.12.12	08:00:00	1791.28	1795.53	1783.09	1784.93	57624	0	4
2022.12.12	16:00:00	1784.96	1785.44	1777.63	1781.94	28025	0	4
2022.12.13	00:00:00	1781.94	1788.65	1780.99	1788.00	22854	0	4
2022.12.13	08:00:00	1788.02	1824.52	1782.62	1809.80	88361	0	0
2022.12.13	16:00:00	1809.79	1815.18	1805.31	1809.61	54657	0	4
2022.12.14	00:00:00	1809.63	1813.19	1807.46	1809.03	26464	0	5
2022.12.14	08:00:00	1809.00	1813.05	1804.31	1811.97	72048	0	4
2022.12.14	16:00:00	1811.99	1814.22	1795.64	1807.65	65853	0	0
2022.12.15	00:00:00	1807.65	1807.87	1787.56	1788.95	39713	0	2
2022.12.15	08:00:00	1789.01	1789.85	1773.75	1778.94	94925	0	4
2022.12.15	16:00:00	1778.96	1779.98	1774.46	1776.49	37273	0	4
2022.12.16	00:00:00	1776.48	1784.16	1775.98	1777.35	30525	0	2
2022.12.16	08:00:00	1777.33	1793.86	1774.25	1787.90	76948	0	0
2022.12.16	16:00:00	1787.96	1794.27	1787.14	1793.01	32761	0	4
2022.12.19	00:00:00	1791.01	1796.99	1790.28	1793.34	35065	0	4
2022.12.19	08:00:00	1793.34	1798.73	1785.78	1786.13	60060	0	4
2022.12.19	16:00:00	1786.14	1790.94	1783.79	1787.28	29571	0	4
2022.12.20	00:00:00	1787.24	1796.19	1784.61	1794.13	63651	0	4
2022.12.20	08:00:00	1794.11	1821.12	1793.98	1815.34	85317	0	2
2022.12.20	16:00:00	1815.32	1820.91	1813.81	1817.21	38656	0	4
2022.12.21	00:00:00	1817.19	1819.86	1811.85	1816.37	35937	0	4
2022.12.21	08:00:00	1816.37	1823.84	1811.88	1817.86	63514	0	3
2022.12.21	16:00:00	1817.83	1818.41	1812.86	1814.90	31164	0	4
2022.12.22	00:00:00	1814.90	1820.43	1813.69	1817.03	30323	0	5
2022.12.22	08:00:00	1817.03	1819.95	1794.52	1795.62	71117	0	1
2022.12.22	16:00:00	1795.56	1797.51	1784.67	1793.49	33749	0	4
2022.12.23	00:00:00	1793.51	1798.26	1791.26	1797.68	30536	0	3
2022.12.23	08:00:00	1797.68	1801.14	1791.18	1800.56	54910	0	4
2022.12.23	16:00:00	1800.56	1803.22	1793.61	1795.73	15374	0	4
2022.12.26	16:00:00	1800.60	1804.00	1799.89	1801.77	1649	0	10
2022.12.27	00:00:00	1801.77	1808.46	1800.62	1805.60	24381	0	4
2022.12.27	08:00:00	1805.66	1833.63	1802.31	1824.64	50692	0	2
2022.12.27	16:00:00	1824.64	1826.41	1810.61	1812.42	30382	0	4
2022.12.28	00:00:00	1812.39	1814.62	1807.39	1810.36	24663	0	4
2022.12.28	08:00:00	1810.36	1811.44	1798.31	1798.37	49265	0	1
2022.12.28	16:00:00	1798.29	1809.22	1797.04	1805.77	28421	0	4
2022.12.29	00:00:00	1805.72	1810.17	1804.30	1806.33	22671	0	5
2022.12.29	08:00:00	1806.30	1818.19	1804.38	1813.54	52304	0	3
2022.12.29	16:00:00	1813.61	1820.24	1811.93	1815.09	24767	0	4
2022.12.30	00:00:00	1814.99	1822.49	1814.75	1816.71	23007	0	5
2022.12.30	08:00:00	1816.92	1825.27	1813.39	1818.50	53495	0	3
2022.12.30	16:00:00	1818.47	1826.04	1814.35	1819.17	23856	0	4
2023.01.02	16:00:00	1827.53	1830.07	1823.52	1829.44	2104	0	10
2023.01.03	00:00:00	1829.44	1849.99	1826.83	1847.56	40550	0	1
2023.01.03	08:00:00	1847.58	1849.86	1827.58	1833.25	76325	0	2
2023.01.03	16:00:00	1833.21	1840.21	1828.25	1836.51	35655	0	4
2023.01.04	00:00:00	1836.50	1858.61	1836.18	1858.29	32547	0	1
2023.01.04	08:00:00	1858.28	1865.12	1849.08	1857.81	78612	0	2
2023.01.04	16:00:00	1857.82	1860.40	1847.12	1854.88	47372	0	4
2023.01.05	00:00:00	1854.88	1859.03	1847.99	1849.36	31364	0	4
2023.01.05	08:00:00	1849.33	1851.31	1825.11	1826.86	79427	0	0
2023.01.05	16:00:00	1826.86	1837.48	1825.69	1832.74	31725	0	4
2023.01.06	00:00:00	1832.73	1840.85	1831.31	1838.39	27963	0	4
2023.01.06	08:00:00	1838.40	1863.17	1833.28	1862.32	78474	0	4
2023.01.06	16:00:00	1862.30	1869.87	1859.92	1866.44	27239	0	3
2023.01.09	00:00:00	1869.62	1880.99	1867.16	1875.10	35907	0	3
2023.01.09	08:00:00	1875.08	1881.58	1870.48	1874.75	63088	0	4
2023.01.09	16:00:00	1874.76	1878.49	1869.07	1870.51	33677	0	4
2023.01.10	00:00:00	1870.51	1875.99	1867.72	1872.09	34305	0	4
2023.01.10	08:00:00	1872.11	1880.77	1870.47	1875.74	66443	0	4
2023.01.10	16:00:00	1875.72	1878.67	1871.23	1877.20	29816	0	4
2023.01.11	00:00:00	1877.17	1884.61	1872.11	1881.69	30935	0	4
2023.01.11	08:00:00	1881.69	1886.63	1869.53	1872.02	66302	0	3
2023.01.11	16:00:00	1872.02	1878.51	1867.15	1876.92	28857	0	5
2023.01.12	00:00:00	1876.92	1885.03	1875.84	1882.48	23462	0	3
2023.01.12	08:00:00	1882.52	1901.62	1870.74	1888.88	60114	0	0
2023.01.12	16:00:00	1888.90	1899.59	1888.42	1898.10	35575	0	5
2023.01.13	00:00:00	1898.09	1900.98	1892.35	1899.63	35819	0	5
2023.01.13	08:00:00	1899.69	1916.55	1893.70	1913.72	57764	0	0
2023.01.13	16:00:00	1913.68	1921.92	1909.46	1920.37	27899	0	5
2023.01.15	16:00:00	1921.91	1922.04	1916.89	1916.92	2270	0	9
2023.01.16	08:00:00	1916.37	1919.34	1910.90	1916.07	32253	0	5
2023.01.16	16:00:00	1916.06	1918.42	1912.88	1917.95	7760	0	5
2023.01.17	00:00:00	1917.98	1919.08	1906.99	1910.03	28301	0	5
2023.01.17	08:00:00	1910.02	1916.68	1904.27	1911.07	50064	0	0
2023.01.17	16:00:00	1911.06	1913.36	1903.82	1908.79	26352	0	5
2023.01.18	00:00:00	1908.78	1910.40	1896.63	1907.80	37771	0	5
2023.01.18	08:00:00	1907.79	1925.95	1907.79	1912.37	55108	0	0
2023.01.18	16:00:00	1912.33	1912.80	1901.61	1906.89	31619	0	5
2023.01.19	00:00:00	1906.98	1912.93	1901.02	1911.39	31374	0	5
2023.01.19	08:00:00	1911.40	1923.33	1906.70	1918.07	51897	0	5
2023.01.19	16:00:00	1918.14	1935.20	1917.68	1931.79	32253	0	5
2023.01.20	00:00:00	1931.76	1934.90	1923.21	1933.11	26052	0	5
2023.01.20	08:00:00	1933.08	1937.55	1920.69	1926.40	49859	0	5
2023.01.20	16:00:00	1926.42	1931.04	1922.85	1926.18	23929	0	5
2023.01.22	16:00:00	1926.64	1927.76	1923.92	1927.31	2006	0	5
2023.01.23	00:00:00	1927.40	1935.57	1919.75	1920.30	23944	0	5
2023.01.23	08:00:00	1920.34	1929.42	1911.42	1923.02	51456	0	0
2023.01.23	16:00:00	1923.04	1932.80	1919.25	1931.36	28853	0	5
2023.01.24	00:00:00	1931.38	1941.51	1930.82	1940.43	18722	0	5
2023.01.24	08:00:00	1940.46	1942.53	1917.19	1935.04	49646	0	0
2023.01.24	16:00:00	1935.09	1938.29	1930.22	1937.07	26284	0	5
2023.01.25	00:00:00	1937.05	1939.66	1925.85	1928.99	17518	0	5
2023.01.25	08:00:00	1930.24	1938.75	1919.91	1933.07	39628	0	0
2023.01.25	16:00:00	1933.04	1948.84	1928.94	1948.40	28067	0	5
2023.01.26	00:00:00	1948.42	1949.21	1938.11	1943.02	20892	0	5
2023.01.26	08:00:00	1942.92	1945.11	1923.24	1924.86	51316	0	0
2023.01.26	16:00:00	1924.87	1933.17	1918.74	1930.81	31035	0	5
2023.01.27	00:00:00	1930.77	1934.86	1919.86	1923.20	24443	0	5
2023.01.27	08:00:00	1923.19	1935.00	1916.77	1924.15	45821	0	0
2023.01.27	16:00:00	1924.12	1932.21	1923.88	1928.41	22484	0	5
2023.01.29	16:00:00	1929.48	1929.65	1925.64	1928.97	1748	0	5
2023.01.30	00:00:00	1929.02	1934.50	1923.24	1924.61	28429	0	5
2023.01.30	08:00:00	1924.54	1930.79	1920.67	1925.71	44516	0	5
2023.01.30	16:00:00	1925.67	1925.87	1920.86	1922.16	23535	0	5
2023.01.31	00:00:00	1922.27	1927.39	1912.07	1914.47	25103	0	5
2023.01.31	08:00:00	1914.45	1929.30	1900.85	1928.62	54511	0	0
2023.01.31	16:00:00	1928.70	1931.11	1926.34	1927.38	26451	0	5
2023.02.01	00:00:00	1927.40	1929.28	1924.20	1925.01	20562	0	5
2023.02.01	08:00:00	1925.04	1933.27	1922.84	1931.94	41297	0	0
2023.02.01	16:00:00	1931.96	1956.25	1920.67	1953.12	39381	0	0
2023.02.02	00:00:00	1953.05	1959.78	1950.92	1955.53	25762	0	5
2023.02.02	08:00:00	1955.57	1959.64	1917.38	1926.17	59509	0	5
2023.02.02	16:00:00	1926.14	1926.36	1911.35	1915.16	41556	0	5
2023.02.03	00:00:00	1915.24	1918.66	1910.19	1913.73	27767	0	5
2023.02.03	08:00:00	1913.81	1917.07	1869.17	1873.09	60452	0	0
2023.02.03	16:00:00	1873.19	1875.07	1861.42	1865.19	36500	0	5
2023.02.05	16:00:00	1865.17	1870.04	1860.59	1865.55	3321	0	5
2023.02.06	00:00:00	1865.41	1878.90	1863.73	1875.96	29641	0	0
2023.02.06	08:00:00	1876.08	1881.33	1863.07	1865.99	51120	0	3
2023.02.06	16:00:00	1866.07	1871.32	1863.59	1868.62	30102	0	3
2023.02.07	00:00:00	1868.62	1876.96	1868.39	1876.27	24695	0	3
2023.02.07	08:00:00	1876.30	1879.94	1865.79	1879.46	45879	0	3
2023.02.07	16:00:00	1879.65	1884.43	1865.04	1872.91	43507	0	3
2023.02.08	00:00:00	1872.95	1886.29	1872.58	1886.29	23033	0	3
2023.02.08	08:00:00	1886.29	1886.29	1869.12	1873.96	47530	0	3
2023.02.08	16:00:00	1873.92	1879.91	1872.36	1875.02	31696	0	3
2023.02.09	00:00:00	1875.00	1882.10	1872.09	1880.63	24961	0	3
2023.02.09	08:00:00	1880.47	1890.23	1872.59	1874.17	49979	0	3
2023.02.09	16:00:00	1874.20	1875.80	1858.95	1862.48	36897	0	3
2023.02.10	00:00:00	1862.59	1867.03	1852.81	1866.22	31807	0	3
2023.02.10	08:00:00	1866.27	1872.29	1859.07	1859.93	56668	0	3
2023.02.10	16:00:00	1859.92	1865.77	1856.47	1865.57	26432	0	3
2023.02.12	16:00:00	1864.65	1865.43	1862.71	1862.78	2245	0	3
2023.02.13	00:00:00	1862.80	1866.62	1857.04	1863.93	27788	0	3
2023.02.13	08:00:00	1863.98	1864.18	1853.32	1855.29	44870	0	3
2023.02.13	16:00:00	1855.26	1855.95	1850.50	1854.45	24612	0	3
2023.02.14	00:00:00	1854.29	1864.94	1854.06	1858.76	23112	0	3
2023.02.14	08:00:00	1858.81	1870.63	1843.37	1852.35	52264	0	3
2023.02.14	16:00:00	1852.40	1858.92	1843.95	1854.98	30569	0	3
2023.02.15	00:00:00	1854.93	1860.16	1835.18	1835.73	29102	0	3
2023.02.15	08:00:00	1835.58	1838.96	1830.47	1834.19	50058	0	3
2023.02.15	16:00:00	1834.25	1838.64	1831.31	1836.45	28193	0	3
2023.02.16	00:00:00	1836.44	1842.65	1834.31	1841.39	27226	0	3
2023.02.16	08:00:00	1841.36	1844.86	1827.65	1834.63	48992	0	3
2023.02.16	16:00:00	1834.66	1845.31	1832.45	1834.35	33010	0	3
2023.02.17	00:00:00	1834.36	1834.38	1821.89	1824.14	26665	0	3
2023.02.17	08:00:00	1824.08	1840.94	1818.95	1834.45	50143	0	4
2023.02.17	16:00:00	1834.56	1843.64	1834.38	1842.68	29318	0	4
2023.02.19	16:00:00	1840.80	1842.09	1838.45	1838.78	1830	0	4
2023.02.20	00:00:00	1838.77	1846.37	1837.35	1846.04	25079	0	4
2023.02.20	08:00:00	1845.93	1847.55	1841.14	1843.29	27127	0	4
2023.02.20	16:00:00	1843.28	1844.12	1840.70	1841.74	5910	0	4
2023.02.21	00:00:00	1841.78	1843.78	1833.65	1834.84	21561	0	4
2023.02.21	08:00:00	1834.84	1843.86	1830.27	1838.83	50588	0	4
2023.02.21	16:00:00	1838.83	1839.58	1831.82	1835.65	27445	0	4
2023.02.22	00:00:00	1835.65	1839.99	1834.65	1839.94	20977	0	4
2023.02.22	08:00:00	1839.96	1846.07	1831.38	1836.11	47287	0	4
2023.02.22	16:00:00	1836.07	1837.14	1823.59	1825.20	33551	0	4
2023.02.23	00:00:00	1825.21	1833.80	1823.24	1829.78	21379	0	4
2023.02.23	08:00:00	1829.76	1830.18	1817.54	1823.66	47560	0	4
2023.02.23	16:00:00	1823.54	1824.17	1818.51	1823.25	30304	0	4
2023.02.24	00:00:00	1823.26	1827.87	1821.82	1822.12	27390	0	4
2023.02.24	08:00:00	1822.11	1825.69	1809.06	1810.73	52958	0	4
2023.02.24	16:00:00	1810.74	1814.16	1808.99	1810.88	27447	0	4
2023.02.26	16:00:00	1810.88	1813.17	1809.91	1811.85	1720	0	4
2023.02.27	00:00:00	1811.83	1814.25	1806.78	1810.71	27640	0	4
2023.02.27	08:00:00	1810.71	1820.13	1808.39	1815.47	46093	0	4
2023.02.27	16:00:00	1815.48	1820.19	1812.67	1817.30	26314	0	4
2023.02.28	00:00:00	1817.29	1819.45	1810.26	1810.51	22386	0	4
2023.02.28	08:00:00	1810.61	1826.81	1804.81	1824.14	46782	0	4
2023.02.28	16:00:00	1824.21	1831.19	1824.09	1825.61	28797	0	4
2023.03.01	00:00:00	1825.65	1836.78	1823.11	1835.63	26972	0	4
2023.03.01	08:00:00	1835.63	1844.68	1830.51	1842.08	52095	0	4
2023.03.01	16:00:00	1842.09	1842.25	1836.53	1836.64	27844	0	4
2023.03.02	00:00:00	1836.53	1838.24	1830.36	1831.66	23231	0	4
2023.03.02	08:00:00	1831.72	1839.03	1830.05	1838.03	46049	0	4
2023.03.06	08:00:00	1849.81	1854.02	1847.31	1851.07	27480	0	4
2023.03.06	16:00:00	1851.05	1852.82	1845.16	1846.40	22816	0	4
2023.03.07	00:00:00	1846.36	1851.68	1844.16	1848.53	21156	0	4
2023.03.07	08:00:00	1848.49	1849.70	1815.66	1818.06	47131	0	4
2023.03.07	16:00:00	1817.85	1823.21	1811.91	1814.07	34565	0	4
2023.03.08	00:00:00	1814.04	1815.04	1809.45	1814.25	22898	0	4
2023.03.08	08:00:00	1814.20	1824.30	1812.25	1820.62	44735	0	4
2023.03.08	16:00:00	1820.71	1821.92	1812.93	1815.32	26396	0	4
2023.03.09	00:00:00	1815.35	1816.53	1811.95	1814.87	19223	0	4
2023.03.09	08:00:00	1814.89	1835.64	1813.74	1828.74	42097	0	4
2023.03.09	16:00:00	1828.69	1835.06	1825.57	1831.62	33012	0	4
2023.03.10	00:00:00	1831.63	1834.89	1827.77	1833.62	28016	0	4
2023.03.10	08:00:00	1833.57	1867.42	1830.93	1863.07	60137	0	4
2023.03.10	16:00:00	1863.13	1870.19	1854.20	1867.15	42957	0	4
2023.03.12	16:00:00	1884.20	1889.44	1875.84	1877.83	6083	0	4
2023.03.13	00:00:00	1877.80	1888.94	1871.60	1876.35	40671	0	4
2023.03.13	08:00:00	1876.33	1913.12	1875.52	1904.98	88283	0	4
2023.03.13	16:00:00	1904.93	1914.65	1903.42	1912.12	37330	0	4
2023.03.14	00:00:00	1912.13	1914.17	1901.54	1912.67	34455	0	4
2023.03.14	08:00:00	1912.66	1913.40	1895.43	1904.19	66958	0	4
2023.03.14	16:00:00	1904.19	1910.25	1902.26	1903.16	32780	0	4
2023.03.15	00:00:00	1903.15	1905.72	1896.38	1896.56	27122	0	4
2023.03.15	08:00:00	1896.55	1930.41	1885.78	1927.19	80646	0	4
2023.03.15	16:00:00	1927.17	1937.39	1909.11	1921.25	38094	0	4
2023.03.16	00:00:00	1921.26	1924.43	1907.60	1916.74	35299	0	4
2023.03.16	08:00:00	1916.75	1933.56	1913.41	1918.77	67084	0	4
2023.03.16	16:00:00	1918.76	1922.16	1914.42	1921.38	30979	0	4
2023.03.17	00:00:00	1921.44	1934.38	1918.30	1930.31	27385	0	4
2023.03.17	08:00:00	1930.40	1964.98	1927.40	1959.35	61724	0	4
2023.03.17	16:00:00	1959.38	1989.10	1955.36	1989.00	38121	0	4
2023.03.19	16:00:00	1983.17	1990.66	1975.09	1977.06	6046	0	4
2023.03.20	00:00:00	1977.04	2009.82	1968.16	2003.47	39320	0	4
2023.03.20	08:00:00	2003.50	2006.20	1965.93	1973.84	72159	0	4
2023.03.20	16:00:00	1973.84	1984.41	1973.02	1976.66	26077	0	4
2023.03.21	00:00:00	1976.76	1985.21	1970.32	1970.41	25071	0	4
2023.03.21	08:00:00	1970.37	1970.92	1943.17	1948.22	55975	0	4
2023.03.21	16:00:00	1948.20	1949.02	1935.48	1943.13	22397	0	4
2023.03.22	00:00:00	1943.19	1946.28	1934.33	1939.89	24842	0	4
2023.03.22	08:00:00	1939.77	1951.98	1937.11	1947.31	45612	0	4
2023.03.22	16:00:00	1947.32	1978.85	1944.98	1969.73	40243	0	4
2023.03.23	00:00:00	1969.75	1983.70	1966.36	1976.88	33380	0	4
2023.03.23	08:00:00	1976.90	1987.12	1966.66	1984.11	56450	0	4
2023.03.23	16:00:00	1984.14	2003.38	1982.77	1991.34	38898	0	4
2023.03.24	00:00:00	1991.34	1994.96	1985.30	1989.53	30381	0	4
2023.03.24	08:00:00	1989.54	2002.98	1981.31	1987.34	74463	0	4
2023.03.24	16:00:00	1987.27	1990.65	1975.27	1978.52	30070	0	4
2023.03.26	16:00:00	1975.04	1980.11	1969.39	1975.83	4020	0	4
2023.03.27	00:00:00	1975.80	1978.76	1965.97	1971.01	38880	0	4
2023.03.27	08:00:00	1970.92	1972.23	1944.09	1956.92	58896	0	4
2023.03.27	16:00:00	1956.92	1959.50	1950.78	1958.17	22268	0	4
2023.03.28	00:00:00	1958.16	1964.09	1951.93	1954.00	35431	0	4
2023.03.28	08:00:00	1954.00	1970.01	1949.23	1966.72	53914	0	4
2023.03.28	16:00:00	1966.74	1975.32	1965.75	1971.97	22754	0	4
2023.03.29	00:00:00	1972.05	1972.90	1958.74	1961.75	29067	0	4
2023.03.29	08:00:00	1961.77	1971.78	1960.76	1961.94	49346	0	4
2023.03.29	16:00:00	1961.88	1969.24	1961.18	1963.30	19196	0	4
2023.03.30	00:00:00	1963.34	1971.58	1955.45	1966.76	32989	0	4
2023.03.30	08:00:00	1966.68	1975.35	1964.00	1974.80	50327	0	4
2023.03.30	16:00:00	1974.78	1984.36	1974.78	1978.54	21210	0	4
2023.03.31	00:00:00	1978.50	1985.10	1974.92	1975.38	31694	0	4
2023.03.31	08:00:00	1975.39	1987.60	1973.27	1979.72	53725	0	4
2023.03.31	16:00:00	1979.73	1979.83	1966.93	1969.32	23113	0	4
2023.04.02	16:00:00	1962.59	1962.68	1957.12	1957.18	2204	0	4
2023.04.03	00:00:00	1957.16	1964.57	1949.82	1961.85	37094	0	4
2023.04.03	08:00:00	1961.85	1990.53	1961.23	1987.99	58039	0	4
2023.04.03	16:00:00	1987.99	1990.54	1981.94	1985.01	23388	0	4
2023.04.04	00:00:00	1984.99	1985.36	1977.00	1982.24	31182	0	4
2023.04.04	08:00:00	1982.24	2024.97	1978.56	2020.36	58965	0	4
2023.04.04	16:00:00	2020.31	2024.98	2017.87	2021.88	25833	0	4
2023.04.05	00:00:00	2021.84	2028.42	2019.45	2025.46	27472	0	4
2023.04.05	08:00:00	2025.48	2032.11	2010.09	2021.77	58705	0	4
2023.04.05	16:00:00	2021.83	2024.00	2019.16	2020.35	20550	0	4
2023.04.06	00:00:00	2020.36	2020.52	2008.07	2016.41	32336	0	4
2023.04.06	08:00:00	2016.40	2020.99	2000.91	2011.25	47873	0	4
2023.04.06	16:00:00	2011.27	2015.01	2005.81	2007.29	17830	0	4
2023.04.09	16:00:00	2005.59	2006.02	2004.81	2005.53	1502	0	4
2023.04.10	00:00:00	2005.63	2005.91	1988.97	1997.49	24791	0	4
2023.04.10	08:00:00	1997.44	2003.06	1981.69	1988.70	43723	0	4
2023.04.10	16:00:00	1988.70	1992.89	1987.20	1992.45	17332	0	4
2023.04.11	00:00:00	1992.36	2003.76	1988.84	2002.17	31989	0	4
2023.04.11	08:00:00	2002.15	2007.49	1995.65	2004.17	47899	0	4
2023.04.11	16:00:00	2004.16	2006.80	2001.06	2004.78	18406	0	4
2023.04.12	00:00:00	2004.76	2021.14	2004.00	2013.07	31756	0	4
2023.04.12	08:00:00	2013.07	2028.38	2001.41	2005.85	57227	0	4
2023.04.12	16:00:00	2005.81	2018.55	2005.29	2018.21	25585	0	4
2023.04.13	00:00:00	2018.24	2025.71	2015.30	2024.57	33047	0	4
2023.04.13	08:00:00	2024.61	2048.67	2024.51	2039.01	55963	0	4
2023.04.13	16:00:00	2039.03	2044.13	2036.67	2039.78	22683	0	4
2023.04.14	00:00:00	2039.72	2047.48	2036.67	2039.28	32386	0	4
2023.04.14	08:00:00	2039.27	2042.27	1993.89	1995.70	64254	0	4
2023.04.14	16:00:00	1995.76	2008.05	1992.42	2004.17	22543	0	4
2023.04.16	16:00:00	2001.19	2005.03	2001.19	2002.97	1469	0	4
2023.04.17	00:00:00	2003.01	2015.07	1995.47	2010.87	34141	0	4
2023.04.17	08:00:00	2010.86	2012.79	1981.20	1990.01	53544	0	4
2023.04.17	16:00:00	1990.02	1997.18	1987.34	1994.01	18185	0	4
2023.04.18	00:00:00	1994.03	2004.19	1993.39	2002.33	27371	0	4
2023.04.18	08:00:00	2002.36	2011.88	1991.30	2008.48	51204	0	4
2023.04.18	16:00:00	2008.50	2008.56	2003.43	2005.81	19006	0	4
2023.04.19	00:00:00	2005.82	2008.22	1987.05	1991.39	36797	0	4
2023.04.19	08:00:00	1991.47	1995.91	1969.27	1990.87	61862	0	4
2023.04.19	16:00:00	1990.86	1996.87	1990.39	1993.77	22063	0	4
2023.04.20	00:00:00	1993.84	2001.25	1990.54	1997.24	34046	0	4
2023.04.20	08:00:00	1997.24	2012.38	1992.38	2002.62	55022	0	4
2023.04.20	16:00:00	2002.71	2008.40	2001.93	2005.32	20978	0	4
2023.04.21	00:00:00	2005.32	2005.57	1981.98	1986.79	30747	0	4
2023.04.21	08:00:00	1986.79	1997.97	1971.67	1975.90	56100	0	4
2023.04.21	16:00:00	1975.98	1983.64	1974.07	1983.07	15922	0	4
2023.04.23	16:00:00	1984.05	1985.42	1983.93	1984.71	1278	0	4
2023.04.24	00:00:00	1984.65	1984.65	1976.51	1982.77	35964	0	4
2023.04.24	08:00:00	1982.77	1987.24	1974.14	1984.81	48350	0	4
2023.04.24	16:00:00	1984.85	1996.66	1984.70	1995.07	17860	0	4
2023.04.25	00:00:00	1995.12	2000.99	1987.61	1990.29	36111	0	4
2023.04.25	08:00:00	1990.31	1994.60	1976.17	1989.98	58613	0	4
2023.04.25	16:00:00	1990.03	2003.88	1988.32	2000.25	27668	0	4
2023.04.26	00:00:00	2000.24	2002.47	1993.23	1997.96	37171	0	4
2023.04.26	08:00:00	1997.97	2009.38	1991.51	1991.53	60669	0	4
2023.04.26	16:00:00	1991.52	1992.48	1983.43	1991.71	29645	0	4
2023.04.27	00:00:00	1991.66	2003.25	1989.60	1999.44	35805	0	4
2023.04.27	08:00:00	1999.45	2003.29	1974.13	1982.28	58405	0	4
2023.04.27	16:00:00	1982.30	1991.10	1981.20	1986.96	22270	0	4
2023.04.28	00:00:00	1987.04	1991.53	1981.63	1982.44	40968	0	4
2023.04.28	08:00:00	1982.45	1995.01	1976.28	1991.93	58705	0	4
2023.04.28	16:00:00	1991.79	1994.13	1987.55	1989.61	21447	0	4
2023.04.30	16:00:00	1989.35	1989.38	1986.67	1986.93	1429	0	4
2023.05.01	00:00:00	1987.12	1987.45	1979.00	1980.99	24570	0	4
2023.05.01	08:00:00	1980.92	2006.03	1977.13	1983.03	53603	0	4
2023.05.01	16:00:00	1983.01	1984.12	1979.48	1981.48	22029	0	4
2023.05.02	00:00:00	1981.48	1985.81	1980.46	1981.42	27732	0	4
2023.05.02	08:00:00	1981.45	2015.57	1978.52	2014.46	58947	0	4
2023.05.02	16:00:00	2014.49	2019.43	2011.25	2015.99	27785	0	4
2023.05.03	00:00:00	2015.98	2019.59	2012.71	2014.89	22375	0	4
2023.05.03	08:00:00	2014.95	2026.90	2007.39	2023.60	51319	0	4
2023.05.03	16:00:00	2023.60	2056.74	2017.16	2052.00	42131	0	4
2023.05.04	00:00:00	2051.99	2057.11	2030.41	2034.62	34717	0	4
2023.05.04	08:00:00	2034.59	2059.63	2031.23	2051.01	67994	0	4
2023.05.04	16:00:00	2051.04	2054.14	2044.54	2050.01	33054	0	4
2023.05.05	00:00:00	2050.02	2053.04	2039.40	2040.60	26700	0	4
2023.05.05	08:00:00	2040.59	2041.73	1999.55	2015.21	62962	0	4
2023.05.05	16:00:00	2015.23	2018.97	2013.07	2016.80	22481	0	4
2023.05.07	16:00:00	2014.63	2017.39	2014.63	2016.12	1636	0	4
2023.05.08	00:00:00	2016.10	2024.81	2015.17	2021.53	25174	0	4
2023.05.08	08:00:00	2021.47	2029.32	2017.92	2027.18	46669	0	4
2023.05.08	16:00:00	2027.19	2029.39	2020.23	2021.32	19930	0	4
2023.05.09	00:00:00	2021.28	2028.77	2019.50	2024.72	28278	0	4
2023.05.09	08:00:00	2024.72	2032.87	2021.48	2026.94	52816	0	4
2023.05.09	16:00:00	2026.94	2037.64	2026.86	2036.39	25351	0	4
2023.05.10	00:00:00	2036.38	2038.21	2027.51	2031.72	26227	0	4
2023.05.10	08:00:00	2031.72	2048.21	2021.56	2025.04	65103	0	4
2023.05.10	16:00:00	2025.04	2034.20	2024.62	2031.54	27923	0	4
2023.05.11	00:00:00	2031.54	2036.49	2021.84	2025.69	33201	0	4
2023.05.11	08:00:00	2025.58	2041.26	2011.20	2013.61	71484	0	4
2023.05.11	16:00:00	2013.62	2018.40	2012.93	2016.40	27782	0	4
2023.05.12	00:00:00	2016.41	2017.62	2005.73	2008.80	35031	0	4
2023.05.12	08:00:00	2008.82	2022.59	2000.95	2009.52	60055	0	4
2023.05.12	16:00:00	2009.46	2016.46	2008.42	2010.83	22072	0	4
2023.05.14	16:00:00	2010.98	2011.04	2009.38	2009.64	1196	0	4
2023.05.15	00:00:00	2009.58	2020.09	2008.75	2018.48	30356	0	4
2023.05.15	08:00:00	2018.43	2022.20	2011.57	2017.75	44872	0	4
2023.05.15	16:00:00	2017.75	2021.43	2013.82	2014.49	15307	0	4
2023.05.16	00:00:00	2014.50	2018.38	2002.72	2010.10	30430	0	4
2023.05.16	08:00:00	2010.09	2014.94	1994.73	1996.03	54654	0	4
2023.05.16	16:00:00	1995.99	1997.11	1985.51	1989.71	25077	0	4
2023.05.17	00:00:00	1989.77	1993.10	1986.75	1987.75	27688	0	4
2023.05.17	08:00:00	1987.73	1989.17	1975.10	1980.47	54607	0	4
2023.05.17	16:00:00	1980.40	1984.58	1980.12	1982.79	22787	0	4
2023.05.18	00:00:00	1982.81	1986.02	1973.65	1974.62	28133	0	4
2023.05.18	08:00:00	1974.65	1978.90	1952.00	1956.09	57290	0	4
2023.05.18	16:00:00	1956.09	1959.28	1953.98	1958.45	23554	0	4
2023.05.19	00:00:00	1958.49	1968.78	1954.08	1966.97	31051	0	4
2023.05.19	08:00:00	1966.97	1984.24	1957.22	1974.79	58283	0	4
2023.05.19	16:00:00	1974.89	1983.29	1973.23	1977.76	22921	0	4
2023.05.21	16:00:00	1980.20	1981.53	1979.37	1980.91	1353	0	4
2023.05.22	00:00:00	1980.91	1982.38	1971.32	1976.88	30756	0	4
2023.05.22	08:00:00	1976.88	1982.62	1968.96	1972.51	51084	0	4
2023.05.22	16:00:00	1972.55	1978.94	1969.63	1969.83	19987	0	4
2023.05.23	00:00:00	1969.86	1971.85	1955.50	1957.30	32261	0	4
2023.05.23	08:00:00	1957.29	1973.56	1954.28	1967.42	54284	0	4
2023.05.23	16:00:00	1967.40	1977.74	1966.33	1975.09	23557	0	4
2023.05.24	00:00:00	1975.12	1980.59	1970.74	1974.05	31281	0	4
2023.05.24	08:00:00	1974.07	1985.24	1960.55	1963.09	56065	0	4
2023.05.24	16:00:00	1963.10	1965.28	1956.77	1959.86	27384	0	4
2023.05.25	00:00:00	1959.86	1961.43	1954.98	1959.52	31919	0	4
2023.05.25	08:00:00	1959.53	1964.78	1939.31	1945.47	56043	0	4
2023.05.25	16:00:00	1945.50	1947.00	1938.88	1940.60	17927	0	4
2023.05.26	00:00:00	1940.57	1957.30	1936.81	1956.29	34057	0	4
2023.05.26	08:00:00	1956.20	1956.81	1938.82	1943.53	52913	0	4
2023.05.26	16:00:00	1943.51	1947.66	1942.87	1946.36	18463	0	4
2023.05.28	16:00:00	1944.08	1944.79	1943.36	1943.76	1221	0	4
2023.05.29	00:00:00	1943.73	1948.98	1940.33	1944.29	22360	0	4
2023.05.29	08:00:00	1944.29	1949.75	1940.90	1945.99	23751	0	4
2023.05.29	16:00:00	1946.01	1946.01	1941.39	1941.61	3950	0	4
2023.05.30	00:00:00	1941.61	1946.69	1932.11	1942.38	38990	0	4
2023.05.30	08:00:00	1942.36	1962.32	1941.75	1962.13	56698	0	4
2023.05.30	16:00:00	1962.12	1963.58	1957.80	1958.62	16569	0	4
2023.05.31	00:00:00	1958.63	1965.43	1953.71	1956.16	31524	0	4
2023.05.31	08:00:00	1956.18	1974.78	1954.99	1968.62	53417	0	4
2023.05.31	16:00:00	1968.63	1969.31	1962.43	1966.37	23473	0	4
2023.06.01	00:00:00	1966.39	1967.54	1955.23	1955.63	29245	0	4
2023.06.01	08:00:00	1955.66	1983.16	1953.42	1982.12	55661	0	4
2023.06.01	16:00:00	1982.07	1982.73	1975.69	1977.09	17610	0	4
2023.06.02	00:00:00	1977.10	1983.48	1974.08	1976.07	29061	0	4
2023.06.02	08:00:00	1976.01	1981.18	1961.06	1962.10	51954	0	4
2023.06.02	16:00:00	1962.10	1962.25	1947.57	1948.18	22215	0	4
2023.06.04	16:00:00	1948.97	1950.02	1947.44	1949.43	1794	0	4
2023.06.05	00:00:00	1949.46	1949.55	1938.58	1939.92	32881	0	4
2023.06.05	08:00:00	1939.90	1962.02	1938.13	1958.21	50971	0	4
2023.06.05	16:00:00	1958.21	1964.06	1957.18	1961.33	22196	0	4
2023.06.06	00:00:00	1961.34	1964.64	1956.87	1957.60	35973	0	4
2023.06.06	08:00:00	1957.59	1966.36	1954.41	1963.49	52514	0	4
2023.06.06	16:00:00	1963.51	1966.38	1961.09	1963.45	20630	0	4
2023.06.07	00:00:00	1963.47	1966.88	1955.00	1956.22	24399	0	4
2023.06.07	08:00:00	1956.21	1970.23	1946.47	1947.21	48772	0	4
2023.06.07	16:00:00	1947.20	1947.76	1939.82	1944.53	22348	0	4
2023.06.08	00:00:00	1944.56	1948.35	1942.88	1947.33	26400	0	4
2023.06.08	08:00:00	1947.28	1970.51	1945.00	1966.91	50703	0	4
2023.06.08	16:00:00	1966.88	1969.28	1961.81	1965.42	18448	0	4
2023.06.09	00:00:00	1965.42	1966.16	1962.45	1963.22	21561	0	4
2023.06.09	08:00:00	1963.23	1973.11	1956.65	1962.22	46464	0	4
2023.06.09	16:00:00	1962.14	1962.89	1959.71	1960.92	16385	0	4
2023.06.11	16:00:00	1959.01	1960.62	1958.05	1960.03	1567	0	4
2023.06.12	00:00:00	1959.98	1962.14	1954.32	1960.63	28672	0	4
2023.06.12	08:00:00	1960.62	1967.03	1949.26	1955.46	51854	0	4
2023.06.12	16:00:00	1955.47	1960.62	1953.16	1960.02	19675	0	4
2023.06.13	00:00:00	1960.00	1965.40	1956.00	1962.30	27699	0	0
2023.06.13	08:00:00	1962.29	1971.06	1942.12	1943.20	53850	0	0
2023.06.13	16:00:00	1943.19	1947.19	1940.09	1943.93	22371	0	0
2023.06.14	00:00:00	1944.06	1951.60	1942.84	1949.68	24419	0	0
2023.06.14	08:00:00	1949.66	1960.33	1945.85	1956.00	44314	0	0
2023.06.14	16:00:00	1956.00	1957.46	1939.72	1945.30	36926	0	4
2023.06.15	00:00:00	1945.24	1945.33	1928.95	1933.63	35098	0	4
2023.06.15	08:00:00	1933.39	1959.76	1925.04	1956.58	47471	0	4
2023.06.15	16:00:00	1956.60	1960.29	1956.60	1958.31	18401	0	4
2023.06.16	00:00:00	1958.27	1963.38	1954.74	1961.65	26158	0	4
2023.06.16	08:00:00	1961.53	1967.93	1953.29	1956.31	47201	0	4
2023.06.16	16:00:00	1956.28	1959.80	1953.98	1957.62	16258	0	4
2023.06.18	16:00:00	1958.14	1958.38	1956.34	1957.17	926	0	4
2023.06.19	00:00:00	1957.18	1958.72	1952.78	1955.17	20758	0	4
2023.06.19	08:00:00	1955.13	1958.74	1947.85	1950.72	25941	0	4
2023.06.19	16:00:00	1950.73	1952.55	1949.80	1952.52	2666	0	4
2023.06.20	00:00:00	1952.59	1956.83	1945.18	1954.97	26206	0	4
2023.06.20	08:00:00	1954.87	1955.62	1929.82	1935.22	44065	0	4
2023.06.20	16:00:00	1935.25	1938.91	1934.24	1937.35	18111	0	4
2023.06.21	00:00:00	1937.38	1939.56	1931.32	1935.07	24659	0	4
2023.06.21	08:00:00	1935.08	1935.95	1919.28	1932.29	44323	0	4
2023.06.21	16:00:00	1932.28	1937.63	1930.44	1933.90	18225	0	4
2023.06.22	00:00:00	1933.94	1934.31	1927.12	1930.02	19619	0	4
2023.06.22	08:00:00	1929.94	1931.49	1912.84	1913.49	41963	0	4
2023.06.22	16:00:00	1913.50	1917.82	1912.48	1914.52	16545	0	4
2023.06.23	00:00:00	1914.53	1919.00	1910.18	1918.14	24384	0	4
2023.06.23	08:00:00	1917.99	1937.33	1916.64	1921.12	42283	0	4
2023.06.23	16:00:00	1921.13	1922.43	1917.98	1920.86	14432	0	4
2023.06.25	16:00:00	1924.78	1925.48	1923.93	1925.36	1270	0	4
2023.06.26	00:00:00	1925.37	1929.19	1922.24	1928.99	24913	0	4
2023.06.26	08:00:00	1928.99	1933.37	1921.57	1925.75	37001	0	4
2023.06.26	16:00:00	1925.75	1926.56	1921.08	1922.58	15453	0	4
2023.06.27	00:00:00	1922.54	1930.47	1921.78	1928.22	23192	0	4
2023.06.27	08:00:00	1928.14	1930.69	1911.58	1913.56	39415	0	4
2023.06.27	16:00:00	1913.55	1916.60	1911.07	1915.52	17550	0	4
2023.06.28	00:00:00	1915.53	1917.25	1909.25	1910.99	22428	0	4
2023.06.28	08:00:00	1910.89	1913.30	1902.89	1910.91	40192	0	4
2023.06.28	16:00:00	1910.86	1913.43	1906.82	1909.75	15293	0	4
2023.06.29	00:00:00	1909.76	1912.84	1902.58	1905.76	24724	0	4
2023.06.29	08:00:00	1905.91	1913.13	1893.01	1909.01	42622	0	4
2023.06.29	16:00:00	1909.00	1910.82	1906.28	1908.80	16002	0	4
2023.06.30	00:00:00	1908.81	1909.97	1903.78	1905.33	22886	0	4
2023.06.30	08:00:00	1905.38	1919.51	1900.59	1919.11	41291	0	4
2023.06.30	16:00:00	1919.10	1922.77	1917.50	1919.51	16304	0	4
2023.07.02	16:00:00	1919.34	1919.41	1917.49	1918.30	1092	0	4
2023.07.03	00:00:00	1918.27	1920.62	1912.13	1912.22	23719	0	4
2023.07.03	08:00:00	1912.22	1931.06	1910.13	1926.65	35831	0	4
2023.07.03	16:00:00	1926.60	1926.71	1920.01	1921.30	9126	0	4
2023.07.04	00:00:00	1921.31	1928.47	1920.09	1928.08	19847	0	4
2023.07.04	08:00:00	1928.09	1930.75	1925.79	1927.16	20811	0	4
2023.07.04	16:00:00	1927.16	1927.30	1924.05	1926.37	4641	0	4
2023.07.05	00:00:00	1926.40	1927.77	1920.90	1927.46	21742	0	4
2023.07.05	08:00:00	1927.46	1935.08	1919.11	1923.26	38104	0	4
2023.07.05	16:00:00	1923.26	1924.83	1914.86	1916.88	19194	0	4
2023.07.06	00:00:00	1916.92	1921.53	1916.17	1918.98	22668	0	4
2023.07.06	08:00:00	1918.98	1927.68	1902.70	1911.52	44976	0	4
2023.07.06	16:00:00	1911.54	1912.42	1908.96	1911.65	13803	0	4
2023.07.07	00:00:00	1911.65	1916.51	1909.68	1914.63	20635	0	4
2023.07.07	08:00:00	1914.66	1934.81	1913.38	1927.66	42901	0	4
2023.07.07	16:00:00	1927.63	1929.39	1924.33	1925.46	14075	0	4
2023.07.09	16:00:00	1926.12	1926.12	1923.95	1924.93	1282	0	4
2023.07.10	00:00:00	1924.95	1926.96	1919.42	1924.89	24457	0	4
2023.07.10	08:00:00	1924.95	1926.29	1912.68	1923.56	36683	0	4
2023.07.10	16:00:00	1923.59	1926.84	1922.73	1924.93	14895	0	4
2023.07.11	00:00:00	1924.94	1938.35	1924.49	1932.33	27956	0	4
2023.07.11	08:00:00	1932.38	1938.51	1929.47	1931.11	35943	0	4
2023.07.11	16:00:00	1931.08	1933.59	1929.39	1933.37	13339	0	4
2023.07.12	00:00:00	1933.37	1941.01	1933.28	1934.77	25226	0	4
2023.07.12	08:00:00	1934.77	1958.34	1933.58	1955.68	40641	0	4
2023.07.12	16:00:00	1955.65	1959.68	1955.44	1957.83	17653	0	4
2023.07.13	00:00:00	1957.89	1963.37	1955.35	1961.86	28937	0	4
2023.07.13	08:00:00	1961.85	1963.54	1952.46	1955.03	39176	0	4
2023.07.13	16:00:00	1955.21	1961.89	1954.82	1960.16	17326	0	4
2023.07.14	00:00:00	1960.33	1963.79	1954.37	1956.88	26513	0	4
2023.07.14	08:00:00	1956.87	1962.75	1951.04	1958.18	39054	0	4
2023.07.14	16:00:00	1958.18	1961.06	1954.36	1955.41	15641	0	4
2023.07.16	16:00:00	1953.18	1953.48	1951.48	1953.41	1485	0	4
2023.07.17	00:00:00	1953.41	1956.88	1950.69	1952.37	21628	0	4
2023.07.17	08:00:00	1952.34	1959.87	1945.81	1954.65	36988	0	4
2023.07.17	16:00:00	1954.71	1956.43	1952.50	1955.50	12665	0	4
2023.07.18	00:00:00	1955.53	1964.15	1954.74	1961.53	25619	0	4
2023.07.18	08:00:00	1961.55	1984.40	1960.57	1978.16	44885	0	4
2023.07.18	16:00:00	1978.20	1981.50	1975.07	1977.55	16359	0	4
2023.07.19	00:00:00	1977.58	1981.01	1973.07	1977.96	26486	0	4
2023.07.19	08:00:00	1977.90	1979.87	1969.81	1973.91	37661	0	4
2023.07.19	16:00:00	1973.92	1978.94	1972.12	1977.83	15315	0	4
2023.07.20	00:00:00	1977.80	1987.52	1977.38	1979.28	27800	0	4
2023.07.20	08:00:00	1979.25	1983.91	1965.85	1968.70	38794	0	4
2023.07.20	16:00:00	1968.71	1972.91	1965.40	1972.25	15124	0	4
2023.07.21	00:00:00	1972.27	1973.84	1964.19	1964.35	23109	0	4
2023.07.21	08:00:00	1964.33	1968.12	1956.88	1960.34	39677	0	4
2023.07.21	16:00:00	1960.20	1964.87	1960.20	1961.87	11502	0	4
2023.07.23	16:00:00	1962.06	1962.32	1960.43	1961.23	1033	0	4
2023.07.24	00:00:00	1961.23	1965.68	1957.93	1963.30	22780	0	4
2023.07.24	08:00:00	1963.32	1967.91	1957.17	1959.72	36891	0	4
2023.07.24	16:00:00	1959.73	1961.47	1953.27	1954.47	13233	0	4
2023.07.25	00:00:00	1954.48	1964.12	1953.91	1961.26	24479	0	4
2023.07.25	08:00:00	1961.17	1965.40	1951.90	1964.32	34446	0	4
2023.07.25	16:00:00	1964.31	1965.97	1961.34	1965.37	11084	0	4
2023.07.26	00:00:00	1965.37	1971.19	1962.08	1970.69	21346	0	4
2023.07.26	08:00:00	1970.72	1975.07	1963.96	1972.42	33982	0	4
2023.07.26	16:00:00	1972.42	1978.38	1965.45	1972.09	22767	0	4
2023.07.27	00:00:00	1972.14	1982.19	1971.21	1980.00	24595	0	4
2023.07.27	08:00:00	1979.97	1981.12	1942.73	1946.94	41688	0	4
2023.07.27	16:00:00	1946.91	1949.76	1942.65	1947.51	19643	0	4
2023.07.28	00:00:00	1947.52	1956.80	1946.12	1949.67	35515	0	4
2023.07.28	08:00:00	1949.71	1963.34	1947.95	1960.97	39435	0	4
2023.07.28	16:00:00	1961.00	1963.55	1957.54	1959.27	11745	0	4
2023.07.30	16:00:00	1960.14	1960.24	1957.48	1958.11	1509	0	4
2023.07.31	00:00:00	1958.05	1958.94	1953.18	1954.97	23038	0	4
2023.07.31	08:00:00	1954.91	1972.44	1951.13	1970.77	31322	0	4
2023.07.31	16:00:00	1970.71	1972.33	1963.93	1963.94	13610	0	4
2023.08.01	00:00:00	1963.97	1964.74	1954.49	1955.56	22537	0	4
2023.08.01	08:00:00	1955.51	1957.74	1941.51	1944.34	37472	0	4
2023.08.01	16:00:00	1944.22	1952.94	1941.29	1952.21	13771	0	4
2023.08.02	00:00:00	1952.19	1952.44	1945.34	1948.44	22649	0	0
2023.08.02	08:00:00	1948.61	1954.83	1932.97	1935.63	39440	0	4
2023.08.02	16:00:00	1935.53	1939.13	1934.50	1936.11	11743	0	4
2023.08.03	00:00:00	1936.13	1938.99	1930.98	1936.95	22002	0	4
2023.08.03	08:00:00	1937.00	1938.78	1929.58	1933.15	41517	0	4
2023.08.03	16:00:00	1933.13	1936.00	1932.57	1935.86	11692	0	4
2023.08.04	00:00:00	1935.85	1938.06	1932.17	1932.94	21034	0	4
2023.08.04	08:00:00	1932.93	1946.87	1925.50	1942.75	37378	0	4
2023.08.04	16:00:00	1942.76	1943.58	1939.87	1942.81	11696	0	4
2023.08.06	16:00:00	1943.75	1944.00	1942.76	1943.91	1097	0	4
2023.08.07	00:00:00	1943.95	1945.37	1935.52	1936.84	18190	0	4
2023.08.07	08:00:00	1936.80	1941.71	1931.51	1932.59	29103	0	4
2023.08.07	16:00:00	1932.58	1938.12	1932.18	1936.83	11683	0	4
2023.08.08	00:00:00	1936.87	1937.38	1930.26	1930.58	20682	0	4
2023.08.08	08:00:00	1930.82	1935.64	1922.75	1925.86	35197	0	4
2023.08.08	16:00:00	1925.86	1928.50	1923.64	1925.58	11743	0	4
2023.08.09	00:00:00	1925.63	1932.36	1924.26	1930.59	17161	0	4
2023.08.09	08:00:00	1930.61	1930.74	1915.63	1916.73	31560	0	4
2023.08.09	16:00:00	1916.76	1918.21	1914.10	1916.75	12668	0	4
2023.08.10	00:00:00	1916.75	1920.62	1915.35	1919.34	16802	0	4
2023.08.10	08:00:00	1919.41	1930.09	1912.96	1920.01	36939	0	4
2023.08.10	16:00:00	1920.02	1921.73	1910.93	1912.44	16718	0	4
2023.08.11	00:00:00	1912.44	1918.11	1911.93	1917.88	15975	0	4
2023.08.11	08:00:00	1917.89	1920.92	1912.97	1914.07	32730	0	4
2023.08.11	16:00:00	1914.08	1915.54	1912.23	1913.67	10843	0	4
2023.08.13	16:00:00	1913.73	1914.42	1912.45	1913.70	1012	0	4
2023.08.14	00:00:00	1913.70	1915.94	1910.16	1914.48	18432	0	4
2023.08.14	08:00:00	1914.47	1916.22	1902.71	1910.68	32364	0	4
2023.08.14	16:00:00	1910.67	1913.22	1905.13	1907.65	12473	0	0
2023.08.15	00:00:00	1907.61	1907.76	1903.52	1904.97	9504	0	0
2023.08.15	08:00:00	1904.94	1911.63	1896.39	1906.85	39240	0	4
2023.08.15	16:00:00	1906.86	1907.52	1900.36	1901.50	16077	0	4
2023.08.16	00:00:00	1901.51	1906.55	1900.52	1904.59	17924	0	4
2023.08.16	08:00:00	1904.60	1907.20	1899.45	1901.96	31294	0	4
2023.08.16	16:00:00	1901.97	1902.64	1891.86	1893.38	20227	0	4
2023.08.17	00:00:00	1893.39	1897.61	1889.57	1896.45	20519	0	4
2023.08.17	08:00:00	1896.42	1903.48	1889.17	1889.53	36882	0	4
2023.08.17	16:00:00	1889.55	1891.70	1885.06	1891.32	16595	0	4
2023.08.18	00:00:00	1891.31	1895.20	1890.72	1892.60	19208	0	4
2023.08.18	08:00:00	1892.58	1896.86	1888.71	1891.30	30265	0	4
2023.08.18	16:00:00	1891.28	1891.97	1886.78	1889.34	11973	0	4
2023.08.20	16:00:00	1890.38	1890.38	1888.88	1890.05	1282	0	4
2023.08.21	00:00:00	1890.05	1894.14	1884.84	1888.14	20957	0	4
2023.08.21	08:00:00	1888.14	1898.78	1885.31	1889.18	34734	0	4
2023.08.21	16:00:00	1889.20	1896.11	1889.10	1894.77	12493	0	4
2023.08.22	00:00:00	1894.74	1901.93	1893.70	1901.49	19327	0	4
2023.08.22	08:00:00	1901.56	1904.44	1889.20	1897.88	33688	0	4
2023.08.22	16:00:00	1897.94	1898.97	1896.42	1898.59	10340	0	4
2023.08.23	00:00:00	1898.68	1904.76	1898.52	1903.66	19170	0	4
2023.08.23	08:00:00	1903.63	1918.94	1901.29	1918.36	36490	0	5
2023.08.23	16:00:00	1918.37	1920.38	1914.53	1917.94	14353	0	4
2023.08.24	00:00:00	1917.95	1922.97	1917.40	1919.58	20575	0	5
2023.08.24	08:00:00	1919.65	1923.38	1911.84	1921.11	33472	0	5
2023.08.24	16:00:00	1921.04	1921.50	1915.74	1915.95	12496	0	4
2023.08.25	00:00:00	1915.94	1917.59	1912.85	1914.26	16763	0	5
2023.08.25	08:00:00	1914.25	1922.43	1903.84	1907.83	34907	0	5
2023.08.25	16:00:00	1907.92	1914.99	1907.64	1914.58	14185	0	5
2023.08.27	16:00:00	1915.00	1916.12	1914.35	1915.10	1344	0	5
2023.08.28	00:00:00	1915.09	1917.80	1914.40	1914.61	16991	0	5
2023.08.28	08:00:00	1914.61	1926.11	1912.83	1924.79	28287	0	5
2023.08.28	16:00:00	1924.78	1925.24	1916.94	1921.29	12481	0	4
2023.08.29	00:00:00	1921.28	1925.85	1921.09	1923.28	15861	0	5
2023.08.29	08:00:00	1923.27	1937.66	1914.50	1936.72	35817	0	5
2023.08.29	16:00:00	1936.73	1938.20	1934.10	1936.27	14172	0	4
2023.08.30	00:00:00	1936.27	1937.52	1935.00	1936.54	17017	0	5
2023.08.30	08:00:00	1936.54	1949.07	1935.53	1944.99	37703	0	5
2023.08.30	16:00:00	1944.93	1945.71	1942.12	1944.29	12960	0	4
2023.08.31	00:00:00	1944.35	1947.78	1943.27	1945.11	16238	0	5
2023.08.31	08:00:00	1945.11	1947.91	1939.08	1940.68	33718	0	5
2023.08.31	16:00:00	1940.69	1942.54	1939.11	1939.94	11931	0	4
2023.09.01	00:00:00	1939.95	1944.11	1938.24	1943.14	16629	0	5
2023.09.01	08:00:00	1943.14	1952.94	1934.57	1938.84	37944	0	5
2023.09.01	16:00:00	1938.85	1941.57	1937.35	1940.22	11055	0	5
2023.09.03	16:00:00	1939.60	1941.10	1939.56	1940.61	737	0	5
2023.09.04	00:00:00	1940.62	1946.36	1940.18	1943.83	17170	0	5
2023.09.04	08:00:00	1943.92	1944.50	1936.81	1938.69	18061	0	5
2023.09.04	16:00:00	1938.69	1938.91	1935.72	1937.64	2243	0	4
2023.09.05	00:00:00	1937.63	1938.99	1935.02	1935.58	18272	0	5
2023.09.05	08:00:00	1935.41	1935.77	1925.39	1926.10	37641	0	5
2023.09.05	16:00:00	1926.09	1927.97	1925.42	1926.63	11704	0	4
2023.09.06	00:00:00	1926.65	1928.52	1922.92	1922.99	18758	0	5
2023.09.06	08:00:00	1922.96	1929.20	1915.32	1916.82	34567	0	5
2023.09.06	16:00:00	1916.87	1920.70	1916.01	1917.15	11811	0	4
2023.09.07	00:00:00	1917.16	1920.70	1916.33	1918.37	17244	0	5
2023.09.07	08:00:00	1918.33	1923.62	1916.23	1920.97	31901	0	4
2023.09.07	16:00:00	1920.98	1921.47	1917.48	1920.30	9616	0	4
2023.09.08	00:00:00	1920.27	1927.34	1920.10	1924.15	18889	0	4
2023.09.08	08:00:00	1924.16	1929.71	1919.23	1919.63	29527	0	5
2023.09.08	16:00:00	1919.62	1920.72	1917.38	1919.04	9761	0	5
2023.09.10	16:00:00	1918.26	1919.73	1916.72	1918.92	1551	0	5
2023.09.11	00:00:00	1918.92	1930.74	1918.41	1926.96	23749	0	5
2023.09.11	08:00:00	1926.67	1930.13	1921.59	1922.63	26726	0	5
2023.09.11	16:00:00	1922.61	1925.13	1921.43	1922.55	13414	0	4
2023.09.12	00:00:00	1922.54	1924.55	1918.91	1920.03	17614	0	4
2023.09.12	08:00:00	1920.02	1921.39	1907.64	1911.94	31165	0	5
2023.09.12	16:00:00	1912.03	1915.08	1911.72	1913.53	14348	0	4
2023.09.13	00:00:00	1913.52	1913.87	1908.22	1909.98	17918	0	4
2023.09.13	08:00:00	1909.93	1915.76	1905.57	1912.70	34023	0	5
2023.09.13	16:00:00	1912.70	1913.61	1908.16	1908.90	16616	0	4
2023.09.14	00:00:00	1908.91	1912.93	1907.02	1907.36	19952	0	4
2023.09.14	08:00:00	1907.34	1910.51	1901.03	1908.51	36691	0	5
2023.09.14	16:00:00	1908.51	1912.10	1905.84	1910.41	18283	0	4
2023.09.15	00:00:00	1910.40	1919.60	1909.86	1918.69	21144	0	4
2023.09.15	08:00:00	1918.68	1930.43	1915.51	1928.53	35369	0	5
2023.09.15	16:00:00	1928.53	1929.72	1922.40	1923.69	17071	0	5
2023.09.17	16:00:00	1923.80	1924.57	1923.40	1923.72	871	0	5
2023.09.18	00:00:00	1923.73	1930.69	1922.58	1928.57	19323	0	5
2023.09.18	08:00:00	1928.59	1929.21	1922.88	1926.88	27881	0	5
2023.09.18	16:00:00	1926.84	1934.23	1926.27	1933.72	14840	0	4
2023.09.19	00:00:00	1933.72	1934.63	1929.85	1930.55	14593	0	4
2023.09.19	08:00:00	1930.54	1937.40	1930.54	1934.89	25494	0	5
2023.09.19	16:00:00	1934.89	1935.05	1929.81	1931.91	11661	0	4
2023.09.20	00:00:00	1931.90	1932.37	1928.58	1930.49	12712	0	4
2023.09.20	08:00:00	1930.48	1944.56	1928.00	1944.01	24527	0	5
2023.09.20	16:00:00	1943.99	1947.43	1929.24	1931.20	27244	0	4
2023.09.21	00:00:00	1931.19	1931.19	1924.21	1928.14	16554	0	4
2023.09.21	08:00:00	1928.21	1928.74	1913.96	1920.20	34914	0	5
2023.09.21	16:00:00	1920.20	1921.31	1916.41	1920.20	14566	0	4
2023.09.22	00:00:00	1920.19	1926.02	1920.15	1925.59	15593	0	4
2023.09.22	08:00:00	1925.55	1929.14	1924.18	1928.22	28048	0	4
2023.09.22	16:00:00	1928.32	1928.83	1924.38	1925.38	10608	0	4
2023.09.24	16:00:00	1924.63	1926.48	1924.63	1925.79	740	0	4
2023.09.25	00:00:00	1925.77	1925.79	1920.92	1924.13	11580	0	4
2023.09.25	08:00:00	1924.12	1927.20	1915.20	1916.90	26021	0	4
2023.09.25	16:00:00	1916.92	1919.20	1915.23	1916.55	13154	0	4
2023.09.26	00:00:00	1916.61	1916.72	1910.49	1910.53	11735	0	4
2023.09.26	08:00:00	1910.51	1915.69	1904.69	1906.47	27912	0	4
2023.09.26	16:00:00	1906.48	1906.50	1899.17	1900.94	15692	0	4
2023.09.27	00:00:00	1900.94	1903.95	1895.68	1898.14	15582	0	4
2023.09.27	08:00:00	1898.12	1899.09	1883.62	1883.66	28076	0	5
2023.09.27	16:00:00	1883.65	1885.09	1872.56	1877.03	21956	0	4
2023.09.28	00:00:00	1877.03	1877.94	1873.63	1875.02	16530	0	4
2023.09.28	08:00:00	1875.18	1879.63	1865.31	1865.34	34226	0	5
2023.09.28	16:00:00	1865.33	1867.35	1857.70	1864.41	20722	0	4
2023.09.29	00:00:00	1864.39	1870.51	1863.00	1870.15	14133	0	4
2023.09.29	08:00:00	1870.13	1879.87	1859.08	1860.90	35913	0	5
2023.09.29	16:00:00	1860.93	1861.07	1846.36	1848.53	21240	0	5
2023.10.01	16:00:00	1847.48	1850.68	1844.62	1846.49	1569	0	5
2023.10.02	00:00:00	1846.57	1848.96	1839.28	1844.64	13026	0	5
2023.10.02	08:00:00	1844.59	1846.05	1827.19	1828.89	38043	0	5
2023.10.02	16:00:00	1828.90	1834.67	1827.45	1828.22	21309	0	4
2023.10.03	00:00:00	1828.20	1828.20	1815.30	1823.91	19451	0	4
2023.10.03	08:00:00	1823.86	1833.35	1819.37	1826.40	40568	0	5
2023.10.03	16:00:00	1826.45	1828.64	1821.97	1822.69	24641	0	4
2023.10.04	00:00:00	1822.70	1825.05	1816.75	1819.12	18452	0	4
2023.10.04	08:00:00	1819.06	1830.59	1817.13	1818.47	45013	0	5
2023.10.04	16:00:00	1818.42	1826.38	1816.65	1822.37	23320	0	4
2023.10.05	00:00:00	1822.39	1829.21	1821.82	1822.29	15747	0	4
2023.10.05	08:00:00	1822.19	1824.02	1813.10	1819.94	38325	0	5
2023.10.05	16:00:00	1819.94	1821.51	1814.44	1821.22	20195	0	4
2023.10.06	00:00:00	1821.23	1824.59	1818.66	1819.38	13249	0	4
2023.10.06	08:00:00	1819.43	1831.54	1810.46	1823.61	40867	0	5
2023.10.06	16:00:00	1823.61	1834.90	1823.61	1832.52	23582	0	5
2023.10.08	16:00:00	1853.42	1854.52	1845.52	1849.87	3565	0	5
2023.10.09	00:00:00	1849.87	1854.43	1846.34	1850.05	22004	0	5
2023.10.09	08:00:00	1850.03	1852.64	1844.23	1852.15	30515	0	5
2023.10.09	16:00:00	1852.18	1863.54	1848.72	1861.53	16547	0	4
2023.10.10	00:00:00	1861.52	1865.42	1855.23	1856.57	21913	0	4
2023.10.10	08:00:00	1856.45	1859.84	1853.03	1856.52	33994	0	5
2023.10.10	16:00:00	1856.60	1862.81	1856.04	1859.87	17538	0	4
2023.10.11	00:00:00	1859.84	1863.76	1858.65	1862.59	14230	0	4
2023.10.11	08:00:00	1862.58	1875.07	1862.48	1871.21	34535	0	5
2023.10.11	16:00:00	1871.22	1877.21	1869.55	1874.71	18710	0	4
2023.10.12	00:00:00	1874.72	1882.68	1874.52	1882.20	14094	0	4
2023.10.12	08:00:00	1882.27	1884.95	1871.21	1872.19	31281	0	5
2023.10.12	16:00:00	1872.16	1873.69	1867.94	1869.79	18996	0	4
2023.10.13	00:00:00	1869.77	1878.07	1869.77	1877.01	13996	0	4
2023.10.13	08:00:00	1876.94	1921.00	1876.83	1920.86	39260	0	5
2023.10.13	16:00:00	1920.91	1932.90	1917.23	1932.79	20713	0	5
2023.10.15	16:00:00	1927.73	1927.73	1921.25	1924.42	1635	0	5
2023.10.16	00:00:00	1924.49	1926.36	1909.28	1910.00	17681	0	5
2023.10.16	08:00:00	1909.91	1924.60	1908.26	1918.19	30259	0	5
2023.10.16	16:00:00	1918.23	1922.79	1917.90	1918.89	13199	0	4
2023.10.17	00:00:00	1918.90	1921.84	1913.34	1917.42	11762	0	4
2023.10.17	08:00:00	1917.40	1931.61	1917.22	1924.07	28955	0	5
2023.10.17	16:00:00	1924.08	1926.96	1919.18	1924.91	16224	0	4
2023.10.18	00:00:00	1924.95	1942.72	1923.80	1936.12	18412	0	4
2023.10.18	08:00:00	1936.13	1962.61	1935.62	1947.11	30743	0	5
2023.10.18	16:00:00	1947.03	1956.61	1938.32	1949.80	19361	0	4
2023.10.19	00:00:00	1949.89	1953.35	1945.27	1948.04	16125	0	4
2023.10.19	08:00:00	1948.17	1957.15	1947.75	1950.39	29066	0	5
2023.10.19	16:00:00	1950.36	1977.75	1950.07	1972.58	26306	0	4
2023.10.20	00:00:00	1972.57	1982.20	1972.03	1979.38	18277	0	4
2023.10.20	08:00:00	1979.52	1991.36	1973.32	1990.97	29836	0	5
2023.10.20	16:00:00	1991.08	1997.20	1974.42	1981.54	19890	0	5
2023.10.22	16:00:00	1973.08	1978.62	1972.81	1976.35	1374	0	5
2023.10.23	00:00:00	1976.70	1978.23	1964.41	1975.76	18379	0	5
2023.10.23	08:00:00	1976.15	1982.85	1970.16	1976.27	29104	0	5
2023.10.23	16:00:00	1976.22	1979.41	1971.25	1973.08	17455	0	4
2023.10.24	00:00:00	1973.10	1980.85	1971.48	1977.74	15676	0	4
2023.10.24	08:00:00	1977.62	1979.22	1953.67	1963.84	31241	0	5
2023.10.24	16:00:00	1963.85	1977.59	1961.30	1970.59	16460	0	4
2023.10.25	00:00:00	1970.58	1977.04	1970.46	1971.36	14227	0	4
2023.10.25	08:00:00	1971.37	1987.26	1968.34	1977.13	26281	0	5
2023.10.25	16:00:00	1977.14	1985.68	1963.13	1982.16	18998	0	4
2023.10.26	00:00:00	1982.17	1989.63	1981.57	1985.03	17048	0	4
2023.10.26	08:00:00	1985.06	1993.50	1971.78	1979.61	30308	0	5
2023.10.26	16:00:00	1979.70	1989.32	1976.47	1985.36	18207	0	4
2023.10.27	00:00:00	1985.52	1989.95	1982.97	1987.55	16334	0	4
2023.10.27	08:00:00	1987.66	1989.11	1976.91	1982.15	27544	0	5
2023.10.27	16:00:00	1982.16	2009.40	1978.69	2006.24	20298	0	5
2023.10.29	16:00:00	2001.45	2003.69	2000.62	2002.81	1291	0	5
2023.10.30	00:00:00	2002.57	2006.82	1993.39	1993.67	17111	0	5
2023.10.30	08:00:00	1994.15	2002.56	1990.95	1999.20	32854	0	5
2023.10.30	16:00:00	1999.23	2000.68	1994.04	1995.61	13550	0	4
2023.10.31	00:00:00	1995.60	1997.67	1990.65	1996.29	17192	0	5
2023.10.31	08:00:00	1996.22	2007.91	1992.54	1994.26	31331	0	5
2023.10.31	16:00:00	1994.24	1994.80	1978.88	1983.69	17780	0	4
2023.11.01	00:00:00	1983.69	1984.03	1975.28	1977.13	16490	0	5
2023.11.01	08:00:00	1977.13	1992.01	1977.11	1979.27	29349	0	5
2023.11.01	16:00:00	1979.26	1985.76	1969.90	1985.10	19867	0	4
2023.11.02	00:00:00	1985.10	1988.26	1983.38	1985.50	15970	0	5
2023.11.02	08:00:00	1985.33	1991.05	1978.87	1981.17	30440	0	5
2023.11.02	16:00:00	1981.18	1986.71	1979.25	1985.02	13554	0	4
2023.11.03	00:00:00	1985.01	1989.25	1983.30	1986.57	13368	0	5
2023.11.03	08:00:00	1986.37	2004.09	1986.16	1991.76	32023	0	5
2023.11.03	16:00:00	1991.86	1995.12	1989.39	1992.61	14122	0	5
2023.11.05	16:00:00	1991.55	1991.58	1987.19	1988.53	1666	0	5
2023.11.06	00:00:00	1988.51	1993.17	1982.10	1983.47	19104	0	5
2023.11.06	08:00:00	1983.21	1989.12	1981.12	1981.15	27320	0	5
2023.11.06	16:00:00	1981.13	1984.52	1975.87	1976.80	14743	0	4
2023.11.07	00:00:00	1976.95	1977.09	1967.31	1969.34	16415	0	5
2023.11.07	08:00:00	1969.47	1970.28	1956.73	1963.43	29778	0	5
2023.11.07	16:00:00	1963.35	1969.87	1961.83	1969.01	15746	0	4
2023.11.08	00:00:00	1969.00	1971.05	1965.09	1967.71	16433	0	5
2023.11.08	08:00:00	1967.73	1969.08	1951.01	1955.46	27875	0	5
2023.11.08	16:00:00	1955.38	1957.95	1947.48	1950.89	17454	0	4
2023.11.09	00:00:00	1950.89	1954.62	1947.80	1949.40	17126	0	5
2023.11.09	08:00:00	1949.35	1964.87	1944.82	1963.01	27377	0	5
2023.11.09	16:00:00	1962.95	1965.60	1956.19	1959.16	20494	0	4
2023.11.10	00:00:00	1959.10	1960.83	1953.79	1955.43	17077	0	5
2023.11.10	08:00:00	1955.43	1957.22	1939.80	1942.08	28576	0	5
2023.11.10	16:00:00	1942.10	1943.47	1933.20	1938.23	15305	0	5
2023.11.13	00:00:00	1936.93	1941.27	1934.13	1938.84	9789	0	5
2023.11.13	08:00:00	1938.97	1940.50	1931.74	1938.51	24479	0	5
2023.11.13	16:00:00	1938.51	1949.24	1938.21	1946.54	14181	0	4
2023.11.14	00:00:00	1946.55	1948.42	1943.82	1945.66	12535	0	5
2023.11.14	08:00:00	1945.89	1970.92	1944.35	1964.47	26885	0	5
2023.11.14	16:00:00	1964.48	1966.56	1961.70	1962.52	14830	0	4
2023.11.15	00:00:00	1962.56	1971.06	1961.61	1970.38	17284	0	4
2023.11.15	08:00:00	1970.57	1975.24	1955.49	1963.17	28263	0	4
2023.11.15	16:00:00	1963.22	1963.75	1959.05	1960.44	14845	0	4
2023.11.16	00:00:00	1960.42	1967.85	1956.53	1966.64	14533	0	5
2023.11.16	08:00:00	1966.48	1986.55	1962.15	1984.97	25471	0	5
2023.11.16	16:00:00	1984.96	1987.95	1980.22	1982.68	15513	0	4
2023.11.17	00:00:00	1982.60	1987.68	1981.82	1987.67	14400	0	5
2023.11.17	08:00:00	1987.68	1993.43	1979.48	1983.51	28100	0	5
2023.11.17	16:00:00	1983.60	1985.31	1978.66	1980.76	12059	0	5
2023.11.19	16:00:00	1977.68	1978.80	1974.28	1974.58	1283	0	5
2023.11.20	00:00:00	1974.66	1985.22	1973.49	1978.66	20494	0	5
2023.11.20	08:00:00	1978.71	1980.52	1965.51	1972.01	28284	0	4
2023.11.20	16:00:00	1971.99	1981.64	1971.31	1981.32	15751	0	4
2023.11.21	00:00:00	1981.30	1994.09	1980.83	1992.40	14602	0	5
2023.11.21	08:00:00	1992.39	2007.52	1984.36	2004.32	29795	0	5
2023.11.21	16:00:00	2004.34	2005.34	1996.30	1999.39	16527	0	4
2023.11.22	00:00:00	1999.37	2004.06	1995.54	2003.71	18846	0	5
2023.11.22	08:00:00	2003.65	2006.30	1990.02	1995.01	28725	0	5
2023.11.22	16:00:00	1995.03	1995.57	1986.96	1990.55	14033	0	4
2023.11.23	00:00:00	1990.50	1998.56	1990.23	1996.44	14920	0	5
2023.11.23	08:00:00	1996.36	1996.44	1991.86	1992.17	16078	0	5
2023.11.23	16:00:00	1992.18	1994.37	1989.89	1994.16	2988	0	4
2023.11.24	00:00:00	1994.15	1994.95	1991.51	1993.52	14402	0	5
2023.11.24	08:00:00	1993.54	2003.62	1992.30	1998.40	23095	0	5
2023.11.24	16:00:00	1998.38	2002.45	1997.20	2002.38	5942	0	5
2023.11.27	00:00:00	2011.63	2012.53	2008.83	2011.00	6097	0	5
2023.11.27	08:00:00	2011.02	2016.29	2008.79	2010.38	27141	0	5
2023.11.27	16:00:00	2010.39	2015.44	2005.83	2015.32	13913	0	4
2023.11.28	00:00:00	2015.34	2018.09	2012.07	2013.52	19112	0	5
2023.11.28	08:00:00	2013.47	2031.48	2011.75	2030.94	27393	0	5
2023.11.28	16:00:00	2030.95	2044.57	2030.54	2044.46	17871	0	4
2023.11.29	00:00:00	2044.52	2052.01	2041.12	2042.56	23276	0	5
2023.11.29	08:00:00	2042.59	2046.97	2035.49	2043.10	29954	0	5
2023.11.29	16:00:00	2043.01	2049.60	2039.61	2044.71	16295	0	4
2023.11.30	00:00:00	2044.70	2047.26	2041.49	2044.66	17274	0	5
2023.11.30	08:00:00	2044.78	2045.73	2031.70	2037.99	30570	0	5
2023.11.30	16:00:00	2037.98	2041.35	2033.78	2040.14	15267	0	4
2023.12.01	00:00:00	2040.13	2043.46	2038.73	2039.57	15840	0	5
2023.12.01	08:00:00	2039.93	2053.28	2033.93	2049.37	29615	0	5
2023.12.01	16:00:00	2049.34	2075.40	2044.77	2072.05	20810	0	5
2023.12.03	16:00:00	2074.37	2144.85	2071.90	2117.39	3489	0	5
2023.12.04	00:00:00	2118.80	2120.15	2061.66	2063.43	26999	0	5
2023.12.04	08:00:00	2064.49	2076.16	2020.19	2022.61	33939	0	5
2023.12.04	16:00:00	2022.52	2034.18	2020.98	2034.07	20622	0	4
2023.12.05	00:00:00	2034.04	2041.23	2030.52	2032.71	21071	0	5
2023.12.05	08:00:00	2032.76	2039.62	2009.97	2016.27	33595	0	5
2023.12.05	16:00:00	2016.32	2020.90	2012.31	2018.99	17871	0	4
2023.12.06	00:00:00	2018.99	2035.88	2018.80	2034.16	16505	0	5
2023.12.06	08:00:00	2034.06	2034.92	2020.25	2030.29	30404	0	5
2023.12.06	16:00:00	2030.34	2031.32	2024.03	2027.17	16642	0	4
2023.12.07	00:00:00	2027.14	2030.78	2025.26	2029.58	17991	0	5
2023.12.07	08:00:00	2029.64	2039.96	2025.29	2029.37	29996	0	5
2023.12.07	16:00:00	2029.40	2032.02	2020.26	2028.12	17574	0	4
2023.12.08	00:00:00	2028.13	2034.03	2027.54	2030.93	19994	0	5
2023.12.08	08:00:00	2030.84	2032.38	2002.62	2008.98	31360	0	5
2023.12.08	16:00:00	2009.09	2009.70	1994.77	2004.53	17198	0	5
2023.12.10	16:00:00	2005.76	2007.70	2004.63	2007.10	1597	0	5
2023.12.11	00:00:00	2007.09	2007.82	1991.39	1992.86	19170	0	5
2023.12.11	08:00:00	1992.86	1997.84	1980.70	1982.40	29168	0	5
2023.12.11	16:00:00	1982.43	1984.33	1975.92	1983.03	17250	0	4
2023.12.12	00:00:00	1983.02	1989.53	1982.06	1988.09	16869	0	5
2023.12.12	08:00:00	1988.09	1996.67	1980.17	1981.65	29880	0	5
2023.12.12	16:00:00	1981.69	1983.73	1977.23	1982.50	16380	0	4
2023.12.13	00:00:00	1982.50	1982.58	1973.12	1979.29	15187	0	5
2023.12.13	08:00:00	1979.30	1986.72	1978.52	1981.92	27466	0	5
2023.12.13	16:00:00	1981.92	2033.16	1979.73	2032.90	23259	0	4
2023.12.14	00:00:00	2033.00	2039.32	2029.37	2032.78	30440	0	5
2023.12.14	08:00:00	2032.75	2047.94	2027.64	2040.36	40049	0	5
2023.12.14	16:00:00	2040.30	2041.53	2029.16	2035.58	22892	0	4
2023.12.15	00:00:00	2035.60	2039.10	2031.36	2037.92	20699	0	5
2023.12.15	08:00:00	2037.85	2044.94	2027.02	2035.21	33783	0	5
2023.12.15	16:00:00	2035.19	2036.42	2015.65	2019.65	19718	0	5
2023.12.17	16:00:00	2019.70	2020.11	2016.05	2017.46	1448	0	5
2023.12.18	00:00:00	2017.66	2024.83	2016.13	2023.15	18392	0	5
2023.12.18	08:00:00	2023.17	2027.29	2018.82	2022.32	26823	0	5
2023.12.18	16:00:00	2022.29	2033.71	2021.23	2027.66	14255	0	4
2023.12.19	00:00:00	2027.72	2029.28	2021.72	2024.86	18658	0	5
2023.12.19	08:00:00	2024.84	2045.48	2023.92	2041.87	26214	0	5
2023.12.19	16:00:00	2041.92	2047.00	2036.78	2040.92	15986	0	4
2023.12.20	00:00:00	2040.99	2043.48	2036.79	2042.29	15497	0	5
2023.12.20	08:00:00	2042.30	2042.50	2029.67	2032.53	29051	0	5
2023.12.20	16:00:00	2032.67	2037.15	2027.50	2032.23	19461	0	4
2023.12.21	00:00:00	2032.23	2038.20	2032.02	2035.02	15928	0	5
2023.12.21	08:00:00	2034.92	2046.01	2032.35	2041.55	31659	0	5
2023.12.21	16:00:00	2041.58	2055.02	2037.52	2052.87	20975	0	4
2023.12.22	00:00:00	2052.88	2053.94	2046.86	2050.06	21664	0	5
2023.12.22	08:00:00	2050.12	2070.67	2049.70	2060.85	34892	0	5
2023.12.22	16:00:00	2060.89	2062.20	2051.25	2053.06	20230	0	5
2023.12.25	16:00:00	2057.57	2057.77	2054.05	2054.98	1027	0	4
2023.12.26	00:00:00	2054.97	2065.19	2053.56	2064.32	14636	0	5
2023.12.26	08:00:00	2064.31	2064.73	2054.60	2056.88	17260	0	5
2023.12.26	16:00:00	2056.90	2069.11	2056.65	2066.23	10544	0	4
2023.12.27	00:00:00	2066.25	2067.88	2063.99	2066.06	15085	0	5
2023.12.27	08:00:00	2066.17	2081.94	2061.55	2078.97	25636	0	5
2023.12.27	16:00:00	2079.01	2084.48	2076.00	2079.59	18545	0	4
2023.12.28	00:00:00	2079.63	2088.50	2079.28	2086.19	20071	0	5
2023.12.28	08:00:00	2086.25	2086.47	2071.60	2077.33	37606	0	4
2023.12.28	16:00:00	2077.31	2077.40	2064.70	2066.77	19362	0	4
2023.12.29	00:00:00	2066.86	2074.82	2066.16	2072.08	18536	0	5
2023.12.29	08:00:00	2072.16	2073.46	2058.28	2064.89	36206	0	5
2023.12.29	16:00:00	2064.91	2068.12	2061.24	2062.84	22958	0	5
2024.01.01	16:00:00	2065.41	2066.54	2063.25	2063.76	1473	0	5
2024.01.02	00:00:00	2063.80	2076.74	2062.39	2073.20	22612	0	5
2024.01.02	08:00:00	2073.36	2078.91	2056.04	2059.43	37568	0	5
2024.01.02	16:00:00	2059.41	2067.62	2058.02	2059.66	18483	0	4
2024.01.03	00:00:00	2059.65	2066.02	2059.31	2063.01	18442	0	5
2024.01.03	08:00:00	2062.98	2064.32	2031.92	2032.61	35460	0	5
2024.01.03	16:00:00	2032.68	2043.95	2030.68	2043.02	23329	0	5
2024.01.04	00:00:00	2043.01	2049.58	2040.18	2047.67	24580	0	5
2024.01.04	08:00:00	2047.68	2050.98	2036.28	2045.15	46761	0	5
2024.01.04	16:00:00	2045.22	2046.77	2040.91	2044.31	24584	0	5
2024.01.05	00:00:00	2044.32	2048.34	2040.94	2043.20	23648	0	5
2024.01.05	08:00:00	2043.19	2064.00	2024.53	2054.85	38259	0	5
2024.01.05	16:00:00	2054.98	2056.31	2040.52	2045.61	31904	0	5
2024.01.07	16:00:00	2044.67	2045.67	2043.03	2044.38	1690	0	5
2024.01.08	00:00:00	2044.40	2046.65	2027.15	2031.45	27406	0	5
2024.01.08	08:00:00	2031.31	2034.80	2016.82	2034.21	46671	0	0
2024.01.08	16:00:00	2034.29	2036.90	2026.19	2030.77	22280	0	0
2024.01.09	00:00:00	2030.75	2037.20	2030.39	2036.05	30681	0	0
2024.01.09	08:00:00	2036.04	2041.98	2028.82	2028.82	58414	0	0
2024.01.09	16:00:00	2028.86	2032.08	2026.12	2030.85	31110	0	0
2024.01.10	00:00:00	2030.79	2032.88	2023.91	2030.99	28699	0	0
2024.01.10	08:00:00	2031.00	2040.19	2024.84	2027.91	54607	0	0
2024.01.10	16:00:00	2027.92	2028.53	2020.49	2026.78	31741	0	0
2024.01.11	00:00:00	2026.81	2035.73	2026.62	2033.92	25486	0	0
2024.01.11	08:00:00	2033.93	2039.69	2024.96	2029.11	54124	0	0
2024.01.11	16:00:00	2029.07	2035.57	2013.35	2035.34	40356	0	0
2024.01.12	00:00:00	2035.30	2039.38	2030.14	2037.56	19737	0	5
2024.01.12	08:00:00	2037.58	2062.24	2037.10	2053.75	35332	0	5
2024.01.12	16:00:00	2053.76	2055.57	2041.51	2049.08	20245	0	5
2024.01.14	16:00:00	2047.96	2048.71	2046.39	2047.65	1404	0	5
2024.01.15	00:00:00	2047.80	2058.12	2045.88	2054.21	19658	0	5
2024.01.15	08:00:00	2054.33	2058.64	2049.31	2053.28	22957	0	6
2024.01.15	16:00:00	2053.28	2056.38	2053.26	2054.06	5692	0	4
2024.01.16	00:00:00	2054.10	2054.57	2047.45	2049.52	19871	0	4
2024.01.16	08:00:00	2049.43	2050.15	2031.45	2041.24	36080	0	5
2024.01.16	16:00:00	2041.22	2041.36	2024.31	2028.16	32165	0	0
2024.01.17	00:00:00	2028.18	2033.00	2017.68	2025.85	40309	0	0
2024.01.17	08:00:00	2025.78	2029.04	2006.23	2008.92	58635	0	0
2024.01.17	16:00:00	2008.86	2012.00	2001.87	2009.61	21357	0	4
2024.01.18	00:00:00	2009.60	2014.15	2005.83	2012.33	20160	0	6
2024.01.18	08:00:00	2012.31	2017.28	2007.75	2013.65	31812	0	5
2024.01.18	16:00:00	2013.69	2024.47	2013.14	2023.81	20049	0	4
2024.01.19	00:00:00	2023.78	2029.70	2020.44	2028.07	18167	0	6
2024.01.19	08:00:00	2028.07	2039.32	2023.23	2027.78	39477	0	0
2024.01.19	16:00:00	2027.86	2030.02	2023.38	2029.64	25112	0	0
2024.01.21	16:00:00	2028.82	2028.82	2027.01	2027.60	1226	0	6
2024.01.22	00:00:00	2027.63	2032.18	2019.19	2021.85	21829	0	1
2024.01.22	08:00:00	2021.75	2030.17	2016.63	2024.11	45806	0	0
2024.01.22	16:00:00	2024.16	2024.62	2019.16	2020.78	20962	0	0
2024.01.23	00:00:00	2020.81	2037.88	2019.64	2031.68	30736	0	0
2024.01.23	08:00:00	2031.67	2031.75	2021.46	2025.16	42606	0	0
2024.01.23	16:00:00	2025.17	2030.70	2022.66	2029.39	23509	0	0
2024.01.24	00:00:00	2029.37	2031.59	2022.86	2029.61	23550	0	0
2024.01.24	08:00:00	2029.60	2036.71	2014.96	2015.29	48718	0	0
2024.01.24	16:00:00	2015.31	2019.85	2011.27	2016.39	31045	0	0
2024.01.25	00:00:00	2016.42	2018.34	2013.63	2015.86	23237	0	1
2024.01.25	08:00:00	2015.85	2025.19	2010.07	2020.33	58082	0	0
2024.01.25	16:00:00	2020.28	2021.95	2012.56	2020.68	28869	0	0
2024.01.26	00:00:00	2020.76	2024.23	2019.38	2021.39	22524	0	1
2024.01.26	08:00:00	2021.35	2026.82	2016.17	2017.10	50457	0	0
2024.01.26	16:00:00	2017.06	2019.47	2015.97	2018.48	22526	0	1
2024.01.28	16:00:00	2023.91	2028.66	2021.34	2021.91	4063	0	0
2024.01.29	00:00:00	2021.96	2033.88	2019.35	2031.39	28023	0	0
2024.01.29	08:00:00	2031.38	2037.64	2020.60	2025.50	46766	0	3
2024.01.29	16:00:00	2025.45	2035.28	2024.08	2031.14	28651	0	6
2024.01.30	00:00:00	2031.11	2040.39	2029.87	2037.94	17580	0	6
2024.01.30	08:00:00	2037.99	2048.62	2029.11	2032.65	53171	0	6
2024.01.30	16:00:00	2032.69	2037.08	2031.53	2036.49	28747	0	6
2024.01.31	00:00:00	2036.47	2038.68	2032.93	2036.63	23312	0	6
2024.01.31	08:00:00	2036.58	2056.00	2036.06	2052.31	55277	0	6
2024.01.31	16:00:00	2052.30	2053.68	2031.00	2039.97	55523	0	6
2024.02.01	00:00:00	2039.99	2049.59	2039.28	2042.93	29380	0	6
2024.02.01	08:00:00	2042.90	2053.03	2030.12	2051.94	65880	0	6
2024.02.01	16:00:00	2051.89	2065.43	2051.31	2054.90	44812	0	6
2024.02.02	00:00:00	2054.89	2056.95	2051.98	2055.06	26260	0	6
2024.02.02	08:00:00	2055.07	2057.66	2027.90	2035.08	57474	0	6
2024.02.02	16:00:00	2035.06	2039.84	2033.20	2039.67	27710	0	6
2024.02.04	16:00:00	2041.84	2042.28	2039.22	2039.29	2727	0	6
2024.02.05	00:00:00	2039.30	2039.88	2026.92	2027.59	36365	0	6
2024.02.05	08:00:00	2027.61	2028.41	2014.92	2017.86	57951	0	6
2024.02.05	16:00:00	2017.84	2027.57	2017.82	2025.14	29214	0	6
2024.02.06	00:00:00	2025.13	2029.84	2023.52	2026.32	25583	0	6
2024.02.06	08:00:00	2026.33	2038.11	2022.96	2036.37	47118	0	6
2024.02.06	16:00:00	2036.28	2038.91	2032.11	2035.29	30973	0	6
2024.02.07	00:00:00	2035.27	2036.19	2032.48	2035.22	19727	0	6
2024.02.07	08:00:00	2035.25	2044.58	2030.63	2038.39	51416	0	6
2024.02.07	16:00:00	2038.37	2040.95	2033.76	2036.52	28044	0	6
2024.02.08	00:00:00	2036.51	2038.71	2031.22	2032.90	22008	0	6
2024.02.08	08:00:00	2032.94	2038.50	2020.21	2031.98	57803	0	6
2024.02.08	16:00:00	2031.97	2035.37	2027.74	2034.31	28117	0	6
2024.02.09	00:00:00	2034.23	2035.15	2032.00	2033.63	16247	0	6
2024.02.09	08:00:00	2033.67	2037.11	2021.92	2022.54	53321	0	6
2024.02.09	16:00:00	2022.57	2026.35	2020.34	2024.59	23950	0	6
2024.02.11	16:00:00	2026.33	2026.79	2024.45	2025.46	1504	0	6
2024.02.12	00:00:00	2025.49	2026.61	2021.91	2025.59	13354	0	6
2024.02.12	08:00:00	2025.58	2027.52	2012.15	2013.19	46493	0	6
2024.02.12	16:00:00	2013.21	2021.61	2011.92	2018.95	26909	0	6
2024.02.13	00:00:00	2018.94	2025.84	2016.93	2025.28	14853	0	6
2024.02.13	08:00:00	2025.30	2032.42	1990.19	1992.30	55512	0	6
2024.02.13	16:00:00	1992.29	1997.90	1990.79	1991.51	29587	0	6
2024.02.14	00:00:00	1991.48	1993.65	1988.90	1989.49	20106	0	6
2024.02.14	08:00:00	1989.52	1993.41	1984.30	1987.93	53912	0	6
2024.02.14	16:00:00	1987.94	1996.15	1987.53	1993.77	31352	0	6
2024.02.15	00:00:00	1993.80	1994.72	1990.27	1993.88	17246	0	6
2024.02.15	08:00:00	1993.87	2008.29	1993.53	2000.82	53748	0	6
2024.02.15	16:00:00	2000.81	2006.50	1998.54	2003.49	29168	0	6
2024.02.16	00:00:00	2003.57	2006.50	2002.43	2005.18	16697	0	6
2024.02.16	08:00:00	2005.25	2011.08	1995.15	2007.97	51132	0	6
2024.02.16	16:00:00	2007.93	2015.19	2007.27	2013.24	28576	0	6
2024.02.18	16:00:00	2011.87	2016.36	2011.17	2014.01	1962	0	6
2024.02.19	00:00:00	2013.96	2023.04	2013.96	2021.01	23432	0	6
2024.02.19	08:00:00	2020.99	2021.25	2014.87	2014.96	31327	0	6
2024.02.19	16:00:00	2014.98	2018.58	2013.31	2016.24	7543	0	6
2024.02.20	00:00:00	2016.26	2022.88	2015.06	2021.54	22946	0	6
2024.02.20	08:00:00	2021.52	2030.89	2020.81	2027.51	50130	0	6
2024.02.20	16:00:00	2027.52	2028.94	2023.62	2024.28	18662	0	6
2024.02.21	00:00:00	2024.30	2032.29	2022.99	2028.91	23230	0	6
2024.02.21	08:00:00	2028.90	2031.58	2024.10	2024.21	45015	0	6
2024.02.21	16:00:00	2024.27	2027.05	2020.10	2025.76	34413	0	6
2024.02.22	00:00:00	2025.72	2032.06	2025.12	2031.50	21936	0	6
2024.02.22	08:00:00	2031.51	2034.90	2020.23	2023.39	53129	0	6
2024.02.22	16:00:00	2023.40	2026.10	2019.68	2024.79	28010	0	6
2024.02.23	00:00:00	2024.81	2027.41	2018.21	2021.90	19052	0	6
2024.02.23	08:00:00	2021.96	2031.14	2016.08	2030.21	49326	0	6
2024.02.23	16:00:00	2030.22	2041.38	2030.22	2035.54	27376	0	6
2024.02.25	16:00:00	2033.26	2035.01	2033.26	2034.06	1345	0	6
2024.02.26	00:00:00	2034.05	2035.32	2029.97	2035.10	20136	0	6
2024.02.26	08:00:00	2035.02	2037.06	2025.13	2029.18	44419	0	6
2024.02.26	16:00:00	2029.21	2033.66	2026.56	2031.31	23728	0	6
2024.02.27	00:00:00	2031.30	2036.28	2031.09	2035.46	15728	0	6
2024.02.27	08:00:00	2035.47	2039.49	2033.13	2033.78	43201	0	6
2024.02.27	16:00:00	2033.80	2036.13	2028.81	2030.11	24265	0	6
2024.02.28	00:00:00	2030.14	2033.75	2027.89	2028.11	18916	0	6
2024.02.28	08:00:00	2028.10	2037.88	2024.56	2031.85	46837	0	6
2024.02.28	16:00:00	2031.84	2035.65	2030.88	2034.70	21716	0	6
2024.02.29	00:00:00	2034.74	2037.87	2033.99	2037.34	17727	0	6
2024.02.29	08:00:00	2037.35	2050.76	2028.14	2048.16	51086	0	6
2024.02.29	16:00:00	2048.21	2048.41	2042.91	2044.35	27434	0	6
2024.03.01	00:00:00	2044.31	2048.85	2042.90	2045.42	16629	0	6
2024.03.01	08:00:00	2045.49	2070.98	2039.08	2069.30	59725	0	6
2024.03.01	16:00:00	2069.32	2088.34	2069.31	2082.95	36828	0	6
2024.03.03	16:00:00	2082.82	2086.25	2082.72	2083.60	2889	0	6
2024.03.04	00:00:00	2083.61	2088.30	2079.48	2087.45	21436	0	6
2024.03.04	08:00:00	2087.42	2109.41	2081.18	2109.17	50756	0	6
2024.03.04	16:00:00	2109.10	2119.93	2107.79	2114.64	37185	0	6
2024.03.05	00:00:00	2114.63	2119.76	2110.51	2114.49	26094	0	6
2024.03.05	08:00:00	2114.50	2141.77	2114.50	2126.66	68201	0	6
2024.03.05	16:00:00	2126.65	2134.75	2123.72	2128.09	35071	0	6
2024.03.06	00:00:00	2128.11	2131.59	2123.77	2128.53	23145	0	6
2024.03.06	08:00:00	2128.50	2149.25	2124.38	2141.05	63131	0	6
2024.03.06	16:00:00	2141.01	2152.24	2139.51	2147.40	43281	0	6
2024.03.07	00:00:00	2147.39	2161.47	2144.25	2156.06	39372	0	6
2024.03.07	08:00:00	2156.14	2164.77	2148.00	2153.73	59017	0	6
2024.03.07	16:00:00	2153.74	2162.62	2149.31	2162.00	29387	0	6
2024.03.08	00:00:00	2161.99	2163.62	2154.05	2161.41	26698	0	6
2024.03.08	08:00:00	2161.39	2185.44	2156.57	2177.25	59589	0	6
2024.03.08	16:00:00	2177.26	2195.17	2168.34	2179.14	43040	0	6
2024.03.10	16:00:00	2178.24	2183.90	2178.24	2181.67	3118	0	6
2024.03.11	00:00:00	2181.72	2189.02	2176.90	2182.33	31615	0	6
2024.03.11	08:00:00	2182.32	2185.71	2174.91	2184.37	54170	0	6
2024.03.11	16:00:00	2184.36	2184.79	2177.23	2183.68	24781	0	6
2024.03.12	00:00:00	2183.69	2184.55	2173.73	2177.03	26856	0	6
2024.03.12	08:00:00	2177.00	2182.04	2152.68	2163.03	64715	0	6
2024.03.12	16:00:00	2163.04	2166.50	2150.65	2157.02	30886	0	6
2024.03.13	00:00:00	2157.03	2161.60	2156.68	2159.79	25964	0	6
2024.03.13	08:00:00	2159.82	2174.56	2157.56	2171.77	53685	0	6
2024.03.13	16:00:00	2171.76	2179.87	2169.63	2175.51	28328	0	6
2024.03.14	00:00:00	2175.49	2177.00	2167.48	2168.72	26862	0	6
2024.03.14	08:00:00	2168.68	2172.03	2152.85	2157.26	57886	0	6
2024.03.14	16:00:00	2157.21	2165.07	2156.74	2161.65	22957	0	6
2024.03.15	00:00:00	2161.64	2170.11	2160.63	2167.07	26154	0	6
2024.03.15	08:00:00	2167.04	2172.75	2156.56	2160.05	55740	0	6
2024.03.15	16:00:00	2160.00	2163.50	2155.23	2155.76	19702	0	6
2024.03.17	16:00:00	2153.18	2156.94	2153.18	2156.60	4309	0	6
2024.03.18	00:00:00	2156.58	2157.55	2146.14	2152.22	28862	0	6
2024.03.18	08:00:00	2152.05	2163.63	2150.20	2158.40	52023	0	6
2024.03.18	16:00:00	2158.41	2162.64	2154.64	2162.16	20550	0	6
2024.03.19	00:00:00	2162.19	2162.89	2154.09	2155.81	31074	0	6
2024.03.19	08:00:00	2155.84	2158.69	2147.18	2154.30	53550	0	6
2024.03.19	16:00:00	2154.36	2159.69	2153.12	2157.09	18844	0	6
2024.03.20	00:00:00	2157.11	2160.22	2155.25	2158.28	19908	0	6
2024.03.20	08:00:00	2158.26	2164.91	2149.63	2155.91	44955	0	6
2024.03.20	16:00:00	2155.92	2222.90	2155.62	2204.00	52613	0	6
2024.03.21	00:00:00	2204.01	2212.47	2192.53	2206.57	44087	0	6
2024.03.21	08:00:00	2206.58	2211.79	2166.45	2174.71	75365	0	6
2024.03.21	16:00:00	2174.72	2184.02	2173.08	2181.83	24505	0	6
2024.03.22	00:00:00	2181.80	2186.10	2162.63	2168.48	38320	0	6
2024.03.22	08:00:00	2168.39	2180.16	2164.98	2166.18	59630	0	6
2024.03.22	16:00:00	2166.17	2167.56	2157.19	2165.15	23290	0	6
2024.03.24	16:00:00	2166.42	2168.95	2165.25	2168.41	4505	0	6
2024.03.25	00:00:00	2168.44	2178.36	2163.60	2165.93	38145	0	6
2024.03.25	08:00:00	2165.79	2181.34	2163.88	2175.49	50374	0	6
2024.03.25	16:00:00	2175.45	2177.91	2170.75	2172.99	21343	0	6
2024.03.26	00:00:00	2172.98	2174.50	2167.65	2173.05	30225	0	6
2024.03.26	08:00:00	2173.04	2200.13	2171.61	2174.34	64831	0	6
2024.03.26	16:00:00	2174.36	2180.00	2174.33	2179.52	23516	0	6
2024.03.27	00:00:00	2179.53	2181.76	2173.48	2180.57	25182	0	6
2024.03.27	08:00:00	2180.61	2197.64	2176.56	2190.51	57177	0	6
2024.03.27	16:00:00	2190.50	2195.25	2189.10	2190.75	23909	0	6
2024.03.28	00:00:00	2190.79	2200.69	2187.41	2193.78	31442	0	6
2024.03.28	08:00:00	2193.65	2217.12	2190.89	2215.94	68927	0	6
2024.03.28	16:00:00	2215.95	2236.26	2213.50	2232.86	29405	0	6
2024.03.31	16:00:00	2240.22	2247.41	2235.73	2246.10	9676	0	6
2024.04.01	00:00:00	2246.23	2265.75	2243.96	2257.55	41041	0	6
2024.04.01	08:00:00	2257.51	2260.23	2228.54	2239.80	57177	0	6
2024.04.01	16:00:00	2239.58	2255.90	2234.81	2249.05	26041	0	6
2024.04.02	00:00:00	2249.03	2259.87	2246.75	2256.45	38343	0	6
2024.04.02	08:00:00	2256.44	2277.02	2250.85	2258.63	73283	0	6
2024.04.02	16:00:00	2258.67	2283.64	2254.27	2280.01	34459	0	6
2024.04.03	00:00:00	2279.87	2288.03	2270.50	2271.19	42457	0	6
2024.04.03	08:00:00	2271.11	2288.32	2265.45	2286.33	70971	0	6
2024.04.03	16:00:00	2286.34	2301.61	2280.89	2297.58	35828	0	6
2024.04.04	00:00:00	2297.60	2304.87	2291.90	2293.03	32582	0	6
2024.04.04	08:00:00	2293.06	2299.41	2282.95	2292.12	61630	0	6
2024.04.04	16:00:00	2292.06	2305.62	2280.09	2288.79	40505	0	6
2024.04.05	00:00:00	2288.88	2290.65	2267.83	2289.21	44351	0	6
2024.04.05	08:00:00	2289.23	2328.43	2280.44	2326.26	75935	0	6
2024.04.05	16:00:00	2326.28	2330.44	2320.79	2329.70	28630	0	6
2024.04.07	16:00:00	2310.92	2314.42	2309.42	2311.29	4617	0	6
2024.04.08	00:00:00	2311.35	2354.02	2302.98	2337.86	63397	0	6
2024.04.08	08:00:00	2337.81	2343.60	2318.77	2327.93	75787	0	6
2024.04.08	16:00:00	2328.03	2342.10	2326.12	2338.85	28747	0	6
2024.04.09	00:00:00	2338.84	2356.98	2337.90	2353.98	45269	0	6
2024.04.09	08:00:00	2354.02	2365.37	2338.29	2340.41	81292	0	6
2024.04.09	16:00:00	2340.40	2355.01	2340.12	2354.97	32820	0	6
2024.04.10	00:00:00	2354.87	2360.09	2344.81	2353.12	40970	0	6
2024.04.10	08:00:00	2353.20	2355.96	2319.43	2337.11	78864	0	6
2024.04.10	16:00:00	2336.97	2345.15	2325.88	2335.59	41510	0	6
2024.04.11	00:00:00	2335.66	2346.92	2333.39	2336.48	47322	0	6
2024.04.11	08:00:00	2336.56	2347.48	2325.84	2344.74	78582	0	6
2024.04.11	16:00:00	2344.80	2377.71	2342.75	2376.91	39927	0	6
2024.04.12	00:00:00	2377.06	2400.29	2374.65	2400.00	56294	0	6
2024.04.12	08:00:00	2399.99	2431.52	2382.51	2395.61	87795	0	6
2024.04.12	16:00:00	2395.52	2395.52	2333.88	2344.17	48499	0	6
2024.04.14	16:00:00	2358.78	2365.51	2356.82	2364.75	4354	0	6
2024.04.15	00:00:00	2364.77	2365.97	2348.57	2353.16	58239	0	6
2024.04.15	08:00:00	2353.13	2361.28	2324.47	2351.63	79870	0	6
2024.04.15	16:00:00	2351.69	2387.60	2346.24	2381.98	44600	0	6
2024.04.16	00:00:00	2381.99	2389.37	2363.05	2365.57	53554	0	6
2024.04.16	08:00:00	2365.58	2393.00	2363.59	2386.18	79683	0	6
2024.04.16	16:00:00	2386.10	2398.30	2378.56	2382.75	43956	0	6
2024.04.17	00:00:00	2382.82	2386.29	2372.78	2382.59	44264	0	6
2024.04.17	08:00:00	2382.58	2395.61	2378.39	2382.27	74586	0	6
2024.04.17	16:00:00	2382.24	2384.45	2354.54	2367.96	43617	0	6
2024.04.18	00:00:00	2367.97	2381.02	2364.13	2377.83	44645	0	6
2024.04.18	08:00:00	2377.89	2392.80	2369.67	2384.16	71566	0	6
2024.04.18	16:00:00	2384.15	2389.35	2377.05	2379.93	30910	0	6
2024.04.19	00:00:00	2379.83	2417.86	2373.82	2385.42	74549	0	6
2024.04.19	08:00:00	2385.41	2396.08	2372.95	2394.91	73042	0	6
2024.04.19	16:00:00	2394.89	2401.97	2386.70	2392.24	27778	0	6
2024.04.21	16:00:00	2385.61	2387.87	2385.19	2386.57	2958	0	6
2024.04.22	00:00:00	2386.48	2386.48	2351.60	2361.05	56133	0	6
2024.04.22	08:00:00	2361.04	2363.69	2331.15	2334.77	66706	0	6
2024.04.22	16:00:00	2334.79	2336.47	2324.85	2333.86	21892	0	6
2024.04.23	00:00:00	2333.77	2334.47	2295.66	2309.11	57176	0	6
2024.04.23	08:00:00	2309.15	2332.13	2291.53	2323.25	71545	0	6
2024.04.23	16:00:00	2323.27	2331.37	2321.33	2323.35	25444	0	6
2024.04.24	00:00:00	2323.34	2331.29	2315.85	2320.75	40036	0	6
2024.04.24	08:00:00	2320.74	2337.29	2311.82	2322.70	61568	0	6
2024.04.24	16:00:00	2322.69	2330.57	2313.82	2316.30	26546	0	6
2024.04.25	00:00:00	2316.35	2326.18	2305.21	2325.74	35094	0	6
2024.04.25	08:00:00	2325.73	2344.87	2312.91	2330.44	65544	0	6
2024.04.25	16:00:00	2330.50	2336.49	2323.15	2330.68	25121	0	6
2024.04.26	00:00:00	2330.67	2346.98	2326.38	2345.61	32888	0	6
2024.04.26	08:00:00	2345.60	2352.55	2328.75	2336.77	64269	0	6
2024.04.26	16:00:00	2336.76	2341.41	2332.74	2338.03	19759	0	6
2024.04.28	16:00:00	2335.28	2336.88	2334.80	2336.00	1549	0	6
2024.04.29	00:00:00	2335.89	2337.92	2320.04	2337.36	51066	0	6
2024.04.29	08:00:00	2337.23	2344.38	2325.66	2337.94	54007	0	6
2024.04.29	16:00:00	2337.93	2346.74	2332.93	2333.18	27688	0	6
2024.04.30	00:00:00	2333.21	2336.20	2315.40	2317.57	37425	0	6
2024.04.30	08:00:00	2317.58	2318.51	2293.27	2295.96	66036	0	6
2024.04.30	16:00:00	2295.95	2299.35	2285.20	2291.40	28939	0	6
2024.05.01	00:00:00	2291.36	2292.94	2281.66	2285.90	23829	0	6
2024.05.01	08:00:00	2285.89	2310.52	2283.82	2307.29	55447	0	6
2024.05.01	16:00:00	2307.36	2328.34	2295.56	2323.82	48441	0	6
2024.05.02	00:00:00	2323.89	2326.45	2308.21	2309.29	34663	0	6
2024.05.02	08:00:00	2309.35	2311.10	2285.53	2299.98	68348	0	6
2024.05.02	16:00:00	2300.01	2309.47	2297.98	2304.29	23419	0	6
2024.05.03	00:00:00	2304.28	2308.79	2297.87	2299.29	30078	0	6
2024.05.03	08:00:00	2299.19	2320.43	2277.32	2293.77	65223	0	6
2024.05.03	16:00:00	2293.79	2303.48	2292.96	2301.55	19457	0	6
2024.05.05	16:00:00	2301.75	2302.87	2293.39	2293.97	3406	0	6
2024.05.06	00:00:00	2293.98	2324.24	2291.90	2323.02	44881	0	6
2024.05.06	08:00:00	2322.87	2332.06	2314.63	2324.96	54500	0	6
2024.05.06	16:00:00	2324.92	2328.90	2317.87	2326.07	24148	0	6
2024.05.07	00:00:00	2326.08	2329.95	2317.82	2319.36	39811	0	6
2024.05.07	08:00:00	2319.35	2323.73	2310.06	2314.82	54604	0	6
2024.05.07	16:00:00	2314.83	2317.48	2311.11	2315.20	19753	0	6
2024.05.08	00:00:00	2315.27	2321.49	2305.44	2305.86	38071	0	6
2024.05.08	08:00:00	2305.69	2320.42	2303.73	2320.42	58682	0	6
2024.05.08	16:00:00	2320.45	2321.15	2307.93	2308.87	18834	0	6
2024.05.09	00:00:00	2308.93	2319.82	2307.61	2309.43	37111	0	6
2024.05.09	08:00:00	2309.42	2338.81	2306.75	2330.43	62195	0	6
2024.05.09	16:00:00	2330.44	2348.40	2329.54	2346.61	22558	0	6
2024.05.10	00:00:00	2346.62	2370.32	2346.05	2366.72	47628	0	6
2024.05.10	08:00:00	2366.73	2378.41	2356.66	2364.89	68302	0	6
2024.05.10	16:00:00	2364.88	2370.97	2359.81	2360.45	20664	0	6
2024.05.12	16:00:00	2361.75	2362.56	2359.80	2360.44	1678	0	6
2024.05.13	00:00:00	2360.46	2364.52	2346.62	2348.78	45015	0	6
2024.05.13	08:00:00	2348.76	2350.40	2332.27	2336.00	65861	0	6
2024.05.13	16:00:00	2336.05	2339.42	2334.51	2338.46	20469	0	6
2024.05.14	00:00:00	2338.44	2345.91	2334.87	2339.21	38101	0	6
2024.05.14	08:00:00	2339.28	2357.00	2337.08	2347.96	65369	0	6
2024.05.14	16:00:00	2347.92	2359.65	2346.45	2355.86	24472	0	6
2024.05.15	00:00:00	2355.87	2364.80	2354.93	2362.53	40015	0	6
2024.05.15	08:00:00	2362.51	2385.79	2351.93	2377.62	76293	0	6
2024.05.15	16:00:00	2377.65	2391.92	2377.12	2391.87	31610	0	6
2024.05.16	00:00:00	2391.89	2397.41	2384.88	2389.38	58435	0	6
2024.05.16	08:00:00	2389.37	2391.43	2371.00	2381.56	65313	0	6
2024.05.16	16:00:00	2381.59	2383.78	2375.92	2377.91	21892	0	6
2024.05.17	00:00:00	2377.90	2387.88	2374.02	2383.86	38882	0	6
2024.05.17	08:00:00	2383.88	2419.10	2381.39	2407.78	66952	0	6
2024.05.17	16:00:00	2407.81	2422.75	2405.79	2414.73	31048	0	6
2024.05.19	16:00:00	2418.30	2420.66	2417.27	2420.35	3499	0	6
2024.05.20	00:00:00	2420.34	2450.08	2416.58	2442.32	62855	0	6
2024.05.20	08:00:00	2442.31	2447.18	2407.43	2424.95	76486	0	6
2024.05.20	16:00:00	2424.96	2437.37	2422.56	2426.28	31300	0	6
2024.05.21	00:00:00	2426.29	2433.10	2406.45	2419.30	63103	0	6
2024.05.21	08:00:00	2419.30	2433.98	2412.26	2423.48	70039	0	6
2024.05.21	16:00:00	2423.43	2425.05	2417.46	2421.80	25028	0	6
2024.05.22	00:00:00	2421.80	2426.56	2411.59	2417.34	48686	0	6
2024.05.22	08:00:00	2417.34	2419.38	2382.31	2392.10	75260	0	6
2024.05.22	16:00:00	2392.02	2395.08	2375.00	2382.31	37909	0	6
2024.05.23	00:00:00	2382.34	2383.73	2354.99	2356.15	58589	0	6
2024.05.23	08:00:00	2356.15	2369.89	2340.42	2346.09	76830	0	6
2024.05.23	16:00:00	2346.12	2350.15	2327.12	2332.04	34968	0	6
2024.05.24	00:00:00	2332.07	2340.64	2325.44	2337.73	46916	0	6
2024.05.24	08:00:00	2337.71	2347.44	2332.43	2334.58	60742	0	6
2024.05.24	16:00:00	2334.57	2336.97	2331.93	2333.87	19181	0	6
2024.05.26	16:00:00	2339.08	2340.70	2336.64	2337.25	2157	0	6
2024.05.27	00:00:00	2337.25	2347.61	2334.52	2338.56	37351	0	6
2024.05.27	08:00:00	2338.63	2358.49	2338.22	2352.49	47924	0	6
2024.05.27	16:00:00	2352.44	2355.66	2351.13	2352.51	6456	0	6
2024.05.28	00:00:00	2352.53	2356.41	2341.39	2344.18	46501	0	6
2024.05.28	08:00:00	2344.17	2364.07	2340.32	2360.38	64028	0	6
2024.05.28	16:00:00	2360.34	2362.24	2352.84	2359.95	28400	0	6
2024.05.29	00:00:00	2359.95	2361.35	2350.14	2350.56	47660	0	6
2024.05.29	08:00:00	2350.66	2351.81	2334.62	2339.12	63987	0	6
2024.05.29	16:00:00	2339.12	2344.36	2336.01	2338.44	23380	0	6
2024.05.30	00:00:00	2338.44	2339.88	2322.63	2334.41	58575	0	6
2024.05.30	08:00:00	2334.44	2351.80	2330.64	2343.86	69696	0	6
2024.05.30	16:00:00	2343.87	2348.89	2339.97	2344.07	23186	0	6
2024.05.31	00:00:00	2344.05	2347.76	2337.05	2340.48	50692	0	6
2024.05.31	08:00:00	2340.47	2359.76	2327.80	2330.10	68423	0	6
2024.05.31	16:00:00	2330.10	2336.73	2320.63	2327.25	31763	0	6
2024.06.02	16:00:00	2326.13	2326.67	2324.09	2325.94	2199	0	6
2024.06.03	00:00:00	2325.97	2331.06	2314.78	2326.03	53266	0	5
2024.06.03	08:00:00	2325.99	2345.74	2324.36	2342.82	64923	0	5
2024.06.03	16:00:00	2342.84	2354.75	2341.42	2350.62	27739	0	5
2024.06.04	00:00:00	2350.64	2352.85	2339.17	2339.78	45477	0	5
2024.06.04	08:00:00	2339.79	2339.83	2315.70	2326.17	75590	0	5
2024.06.04	16:00:00	2326.18	2330.41	2322.61	2328.87	25868	0	5
2024.06.05	00:00:00	2328.87	2341.71	2325.94	2331.65	42089	0	5
2024.06.05	08:00:00	2331.64	2357.42	2329.51	2353.73	63619	0	5
2024.06.05	16:00:00	2353.72	2357.59	2351.46	2355.07	25023	0	5
2024.06.06	00:00:00	2355.07	2374.94	2354.63	2362.91	50771	0	5
2024.06.06	08:00:00	2362.91	2378.53	2353.57	2374.22	62548	0	5
2024.06.06	16:00:00	2374.22	2378.21	2369.00	2376.92	28027	0	5
2024.06.07	00:00:00	2376.91	2387.73	2369.45	2373.60	49639	0	5
2024.06.07	08:00:00	2373.60	2373.97	2304.56	2305.07	82341	0	5
2024.06.07	16:00:00	2305.07	2314.52	2286.83	2293.82	30529	0	5
2024.06.09	16:00:00	2297.10	2300.11	2296.58	2298.57	2685	0	5
2024.06.10	00:00:00	2298.63	2301.34	2287.79	2296.59	37642	0	5
2024.06.10	08:00:00	2296.61	2308.76	2291.91	2307.43	53327	0	5
2024.06.10	16:00:00	2307.57	2313.79	2307.12	2310.00	19724	0	5
2024.06.11	00:00:00	2309.97	2312.02	2297.81	2304.55	47239	0	5
2024.06.11	08:00:00	2304.55	2319.93	2301.66	2310.18	56977	0	5
2024.06.11	16:00:00	2310.17	2316.99	2305.93	2315.20	21527	0	5
2024.06.12	00:00:00	2315.20	2317.78	2310.77	2314.57	37194	0	5
2024.06.12	08:00:00	2314.57	2341.67	2310.87	2335.63	60187	0	5
2024.06.12	16:00:00	2335.63	2339.60	2315.90	2320.63	40740	0	5
2024.06.13	00:00:00	2320.63	2322.98	2308.22	2317.11	45512	0	5
2024.06.13	08:00:00	2317.11	2326.68	2297.84	2299.01	63591	0	5
2024.06.13	16:00:00	2299.01	2305.00	2295.63	2302.36	23994	0	5
2024.06.14	00:00:00	2302.36	2316.70	2301.58	2315.38	44637	0	5
2024.06.14	08:00:00	2315.38	2336.65	2314.89	2326.12	67413	0	5
2024.06.14	16:00:00	2326.13	2335.61	2325.45	2332.66	22110	0	5
2024.06.16	16:00:00	2328.83	2329.73	2327.45	2329.00	2068	0	5
2024.06.17	00:00:00	2328.95	2329.00	2315.53	2316.97	42678	0	5
2024.06.17	08:00:00	2316.98	2327.60	2310.07	2312.60	52186	0	5
2024.06.17	16:00:00	2312.67	2321.03	2312.67	2320.78	20374	0	5
2024.06.18	00:00:00	2320.78	2325.70	2315.07	2315.55	38791	0	5
2024.06.18	08:00:00	2315.53	2329.81	2306.64	2326.89	58440	0	5
2024.06.18	16:00:00	2326.95	2333.15	2326.56	2328.35	18862	0	5
2024.06.19	00:00:00	2328.38	2332.73	2326.56	2331.90	27803	0	5
2024.06.19	08:00:00	2331.96	2335.03	2323.88	2329.88	34620	0	5
2024.06.19	16:00:00	2329.88	2331.40	2328.76	2329.43	4203	0	5
2024.06.20	00:00:00	2329.43	2345.69	2327.79	2338.64	41967	0	5
2024.06.20	08:00:00	2338.59	2365.49	2331.68	2353.71	56726	0	5
2024.06.20	16:00:00	2353.71	2361.15	2352.88	2360.89	18286	0	5
2024.06.21	00:00:00	2360.91	2365.67	2355.18	2363.03	38866	0	5
2024.06.21	08:00:00	2363.03	2368.75	2323.38	2327.94	59095	0	5
2024.06.21	16:00:00	2327.95	2329.33	2316.79	2321.69	21859	0	5
2024.06.23	16:00:00	2321.33	2321.38	2317.76	2319.25	2126	0	5
2024.06.24	00:00:00	2319.25	2331.82	2318.02	2331.09	39948	0	5
2024.06.24	08:00:00	2331.64	2333.91	2320.94	2327.67	49446	0	5
2024.06.24	16:00:00	2327.67	2334.70	2326.93	2330.89	16204	0	5
2024.06.25	00:00:00	2330.97	2331.00	2322.79	2324.83	36058	0	5
2024.06.25	08:00:00	2324.83	2337.09	2315.75	2324.80	52478	0	5
2024.06.25	16:00:00	2324.80	2325.06	2315.55	2320.07	18018	0	5
2024.06.26	00:00:00	2320.07	2324.07	2309.71	2316.13	41946	0	5
2024.06.26	08:00:00	2316.13	2318.46	2293.69	2300.07	58276	0	5
2024.06.26	16:00:00	2300.07	2303.00	2296.83	2298.43	17626	0	5
2024.06.27	00:00:00	2298.43	2303.45	2296.57	2302.35	31928	0	5
2024.06.27	08:00:00	2302.35	2330.96	2302.07	2327.58	54855	0	5
2024.06.27	16:00:00	2327.58	2328.59	2322.52	2327.76	16425	0	5
2024.06.28	00:00:00	2327.76	2328.87	2319.15	2327.22	38856	0	5
2024.06.28	08:00:00	2327.23	2339.82	2322.92	2328.64	54468	0	5
2024.06.28	16:00:00	2328.66	2332.74	2322.94	2326.52	17182	0	5
2024.06.30	16:00:00	2323.38	2326.03	2323.02	2324.61	1172	0	5
2024.07.01	00:00:00	2324.61	2329.05	2318.57	2326.53	34970	0	5
2024.07.01	08:00:00	2326.53	2338.56	2319.36	2324.10	53284	0	3
2024.07.01	16:00:00	2324.13	2332.45	2323.13	2331.87	22954	0	4
2024.07.02	00:00:00	2331.89	2334.39	2324.98	2330.84	27223	0	4
2024.07.02	08:00:00	2330.45	2336.82	2319.15	2326.68	52720	0	3
2024.07.02	16:00:00	2326.68	2331.37	2321.02	2330.11	23048	0	1
2024.07.03	00:00:00	2330.09	2341.30	2326.91	2340.22	27313	0	1
2024.07.03	08:00:00	2340.23	2364.99	2338.95	2362.50	58788	0	2
2024.07.03	16:00:00	2362.50	2364.08	2353.79	2358.90	23306	0	2
2024.07.04	00:00:00	2358.90	2362.52	2350.61	2356.39	26560	0	1
2024.07.04	08:00:00	2356.35	2361.87	2353.71	2358.97	27929	0	0
2024.07.04	16:00:00	2358.98	2360.70	2354.32	2357.50	9726	0	3
2024.07.05	00:00:00	2357.50	2366.37	2356.09	2364.06	31115	0	2
2024.07.05	08:00:00	2364.06	2385.16	2352.65	2380.77	54384	0	2
2024.07.05	16:00:00	2380.77	2392.96	2378.61	2391.36	30159	0	2
2024.07.07	16:00:00	2389.60	2390.25	2385.02	2385.42	1784	0	4
2024.07.08	00:00:00	2385.40	2391.16	2376.77	2376.97	37649	0	2
2024.07.08	08:00:00	2376.97	2381.15	2368.36	2373.29	50058	0	3
2024.07.08	16:00:00	2373.29	2375.04	2351.18	2359.86	28150	0	0
2024.07.09	00:00:00	2359.86	2368.83	2359.86	2364.16	33988	0	1
2024.07.09	08:00:00	2364.20	2371.55	2354.18	2354.98	48492	0	2
2024.07.09	16:00:00	2354.99	2365.67	2349.52	2364.48	28618	0	2
2024.07.10	00:00:00	2364.47	2372.84	2363.36	2371.99	29575	0	3
2024.07.10	08:00:00	2372.00	2386.73	2371.48	2374.97	43225	0	4
2024.07.10	16:00:00	2374.97	2381.39	2369.99	2372.86	24863	0	2
2024.07.11	00:00:00	2372.86	2383.30	2371.53	2381.91	28242	0	1
2024.07.11	08:00:00	2381.89	2418.00	2377.40	2417.82	57360	0	1
2024.07.11	16:00:00	2417.80	2424.61	2410.11	2414.13	34243	0	0
2024.07.12	00:00:00	2414.07	2416.34	2402.27	2404.20	35206	0	4
2024.07.12	08:00:00	2404.18	2410.94	2391.52	2409.03	55891	0	3
2024.07.12	16:00:00	2409.03	2418.33	2408.12	2411.11	23871	0	2
2024.07.14	16:00:00	2411.27	2412.24	2406.98	2407.65	3151	0	1
2024.07.15	00:00:00	2407.65	2413.97	2402.10	2403.29	33568	0	1
2024.07.15	08:00:00	2403.29	2431.95	2401.40	2431.65	53898	0	1
2024.07.15	16:00:00	2431.63	2439.66	2419.85	2421.05	35218	0	1
2024.07.16	00:00:00	2421.05	2433.93	2420.08	2433.93	32768	0	1
2024.07.16	08:00:00	2433.93	2454.13	2429.52	2452.14	62817	0	1
2024.07.16	16:00:00	2452.14	2470.01	2452.02	2469.08	34730	0	1
2024.07.17	00:00:00	2469.08	2482.41	2461.90	2466.45	51289	0	3
2024.07.17	08:00:00	2466.46	2483.72	2461.17	2463.72	73053	0	0
2024.07.17	16:00:00	2463.72	2465.96	2451.56	2459.28	35413	0	2
2024.07.18	00:00:00	2459.31	2472.19	2457.48	2471.54	43418	0	1
2024.07.18	08:00:00	2471.57	2474.98	2457.66	2468.48	57404	0	1
2024.07.18	16:00:00	2468.49	2469.11	2440.40	2444.45	34242	0	3
2024.07.19	00:00:00	2444.45	2445.24	2414.46	2420.00	52078	0	0
2024.07.19	08:00:00	2420.04	2422.28	2393.88	2398.05	64972	0	0
2024.07.19	16:00:00	2398.05	2408.47	2395.74	2400.69	28217	0	4
2024.07.21	16:00:00	2403.75	2411.73	2402.57	2411.42	2539	0	0
2024.07.22	00:00:00	2411.38	2412.19	2399.09	2402.53	44462	0	0
2024.07.22	08:00:00	2402.56	2408.45	2383.89	2387.26	57200	0	0
2024.07.22	16:00:00	2387.26	2400.09	2384.33	2395.24	25078	0	1
2024.07.23	00:00:00	2395.24	2404.03	2388.33	2390.50	42848	0	2
2024.07.23	08:00:00	2390.45	2412.06	2390.06	2403.03	57292	0	3
2024.07.23	16:00:00	2403.02	2410.03	2402.18	2409.45	24185	0	1
2024.07.24	00:00:00	2409.42	2419.24	2405.06	2417.58	42883	0	3
2024.07.24	08:00:00	2417.57	2432.03	2409.87	2430.34	57878	0	0
2024.07.24	16:00:00	2430.40	2431.41	2393.12	2397.91	38411	0	1
2024.07.25	00:00:00	2397.91	2401.26	2366.88	2372.10	63459	0	0
2024.07.25	08:00:00	2372.11	2382.57	2358.09	2366.72	74247	0	0
2024.07.25	16:00:00	2366.71	2368.46	2353.22	2363.36	39632	0	0
2024.07.26	00:00:00	2363.35	2379.50	2355.89	2369.71	49799	0	3
2024.07.26	08:00:00	2369.71	2390.82	2367.74	2382.00	58690	0	0
2024.07.26	16:00:00	2381.98	2390.42	2380.04	2387.10	28973	0	0
2024.07.28	16:00:00	2387.99	2403.22	2387.94	2395.84	4456	0	2
2024.07.29	00:00:00	2395.84	2402.56	2388.77	2391.80	51347	0	1
2024.07.29	08:00:00	2391.81	2396.79	2380.16	2381.42	57075	0	0
2024.07.29	16:00:00	2381.28	2385.47	2369.76	2384.12	34506	0	3
2024.07.30	00:00:00	2384.12	2391.06	2376.59	2390.37	41695	0	1
2024.07.30	08:00:00	2390.39	2397.80	2385.78	2391.74	53518	0	0
2024.07.30	16:00:00	2391.69	2412.75	2383.48	2409.26	41556	0	0
2024.07.31	00:00:00	2409.26	2425.55	2403.70	2421.41	50338	0	1
2024.07.31	08:00:00	2421.39	2429.05	2415.46	2422.58	61913	0	0
2024.07.31	16:00:00	2422.54	2450.95	2420.13	2447.66	47981	0	1
2024.08.01	00:00:00	2447.66	2458.41	2437.40	2444.81	57590	0	1
2024.08.01	08:00:00	2444.83	2462.33	2430.29	2448.74	70769	0	2
2024.08.01	16:00:00	2448.68	2451.80	2435.00	2445.23	49768	0	1
2024.08.02	00:00:00	2445.23	2468.51	2435.06	2465.59	56964	0	2
2024.08.02	08:00:00	2465.63	2477.54	2428.50	2431.67	76599	0	0
2024.08.02	16:00:00	2431.85	2442.44	2411.07	2441.84	49760	0	0
2024.08.04	16:00:00	2440.18	2446.37	2437.68	2441.46	4496	0	2
2024.08.05	00:00:00	2441.49	2458.83	2414.11	2428.69	80521	0	0
2024.08.05	08:00:00	2428.68	2445.56	2364.37	2396.66	99056	0	0
2024.08.05	16:00:00	2396.60	2413.08	2396.53	2409.01	60528	0	1
2024.08.06	00:00:00	2409.03	2418.41	2394.91	2401.65	67428	0	1
2024.08.06	08:00:00	2401.65	2416.37	2386.42	2388.42	75740	0	1
2024.08.06	16:00:00	2388.42	2396.05	2381.84	2388.69	47223	0	1
2024.08.07	00:00:00	2388.68	2397.63	2379.11	2394.81	60288	0	0
2024.08.07	08:00:00	2394.78	2407.08	2388.10	2399.10	60136	0	2
2024.08.07	16:00:00	2399.10	2401.83	2381.06	2383.78	43086	0	0
2024.08.08	00:00:00	2383.80	2400.79	2382.88	2397.83	60182	0	1
2024.08.08	08:00:00	2397.81	2424.38	2392.93	2413.80	67900	0	0
2024.08.08	16:00:00	2413.78	2427.60	2412.07	2425.88	37715	0	0
2024.08.09	00:00:00	2425.87	2428.95	2416.95	2420.84	45776	0	1
2024.08.09	08:00:00	2420.82	2436.00	2420.41	2428.74	57655	0	0
2024.08.09	16:00:00	2428.74	2437.08	2426.62	2430.87	30113	0	1
2024.08.11	16:00:00	2428.37	2433.53	2427.40	2430.55	2748	0	0
2024.08.12	00:00:00	2430.56	2437.29	2423.92	2436.89	35930	0	0
2024.08.12	08:00:00	2436.89	2457.56	2435.64	2453.41	53324	0	0
2024.08.12	16:00:00	2453.41	2474.09	2453.00	2473.81	35846	0	0
2024.08.13	00:00:00	2473.81	2476.96	2458.52	2463.36	49928	0	1
2024.08.13	08:00:00	2463.31	2475.52	2458.98	2471.42	59552	0	0
2024.08.13	16:00:00	2471.60	2473.07	2462.30	2465.59	28886	0	0
2024.08.14	00:00:00	2465.59	2472.59	2455.37	2467.48	47431	0	0
2024.08.14	08:00:00	2467.48	2479.80	2447.09	2450.28	65707	0	0
2024.08.14	16:00:00	2450.27	2452.24	2438.15	2447.97	35777	0	0
2024.08.15	00:00:00	2447.96	2458.95	2447.28	2456.09	42249	0	0
2024.08.15	08:00:00	2456.03	2470.11	2432.24	2452.30	62407	0	0
2024.08.15	16:00:00	2452.32	2461.64	2450.59	2454.91	33572	0	0
2024.08.16	00:00:00	2454.94	2460.09	2450.83	2455.04	41443	0	0
2024.08.16	08:00:00	2455.05	2500.07	2451.20	2487.23	64153	0	0
2024.08.16	16:00:00	2487.27	2509.75	2485.70	2507.73	36044	0	0
2024.08.18	16:00:00	2505.92	2506.18	2502.21	2504.94	3551	0	4
2024.08.19	00:00:00	2504.96	2506.87	2495.03	2502.19	43019	0	4
2024.08.19	08:00:00	2502.15	2507.18	2485.72	2501.33	47520	0	4
2024.08.19	16:00:00	2501.30	2507.55	2500.00	2504.35	24634	0	4
2024.08.20	00:00:00	2504.38	2508.28	2497.38	2502.59	34393	0	4
2024.08.20	08:00:00	2502.50	2531.69	2501.26	2523.90	50888	0	4
2024.08.20	16:00:00	2523.86	2524.04	2500.97	2514.81	28796	0	4
2024.08.21	00:00:00	2514.82	2519.98	2510.98	2514.47	35303	0	4
2024.08.21	08:00:00	2514.53	2517.03	2494.10	2501.49	45916	0	4
2024.08.21	16:00:00	2501.52	2519.15	2501.49	2514.04	29869	0	4
2024.08.22	00:00:00	2514.05	2514.70	2499.39	2507.54	38097	0	4
2024.08.22	08:00:00	2507.58	2509.83	2470.85	2480.14	49911	0	4
2024.08.22	16:00:00	2480.12	2486.05	2475.08	2485.20	28578	0	4
2024.08.23	00:00:00	2485.20	2495.80	2485.02	2492.93	34625	0	4
2024.08.23	08:00:00	2492.94	2517.86	2491.77	2509.18	46386	0	4
2024.08.23	16:00:00	2509.24	2518.37	2501.92	2512.49	32064	0	4
2024.08.25	16:00:00	2512.08	2514.63	2511.13	2513.08	1816	0	4
2024.08.26	00:00:00	2513.10	2516.96	2508.80	2515.06	41069	0	4
2024.08.26	08:00:00	2515.10	2526.86	2510.70	2516.97	46685	0	4
2024.08.26	16:00:00	2516.91	2523.41	2511.47	2517.36	25788	0	4
2024.08.27	00:00:00	2517.39	2517.73	2505.91	2515.00	34642	0	4
2024.08.27	08:00:00	2514.97	2518.15	2503.60	2514.78	48120	0	4
2024.08.27	16:00:00	2514.79	2526.04	2509.98	2525.67	28061	0	4
2024.08.28	00:00:00	2525.68	2529.06	2503.42	2508.60	34135	0	4
2024.08.28	08:00:00	2508.56	2511.41	2493.73	2507.65	45444	0	4
2024.08.28	16:00:00	2507.61	2510.27	2496.52	2507.30	29861	0	4
2024.08.29	00:00:00	2507.23	2521.25	2506.55	2516.99	30923	0	4
2024.08.29	08:00:00	2516.97	2524.43	2503.69	2522.17	47294	0	4
2024.08.29	16:00:00	2522.25	2528.70	2517.50	2520.98	31402	0	4
2024.08.30	00:00:00	2521.00	2524.13	2512.28	2517.90	36687	0	4
2024.08.30	08:00:00	2517.91	2526.86	2506.49	2509.13	57440	0	4
2024.08.30	16:00:00	2509.14	2509.59	2494.29	2503.23	37915	0	4
2024.09.01	16:00:00	2502.76	2504.89	2502.60	2503.51	1295	0	4
2024.09.02	00:00:00	2503.52	2505.03	2490.16	2497.68	37479	0	4
2024.09.02	08:00:00	2497.67	2507.33	2496.26	2502.08	40705	0	4
2024.09.02	16:00:00	2502.11	2502.49	2497.60	2497.81	7484	0	4
2024.09.03	00:00:00	2497.81	2498.94	2489.91	2497.94	40743	0	4
2024.09.03	08:00:00	2497.92	2506.34	2473.60	2478.33	70157	0	4
2024.09.03	16:00:00	2478.38	2494.48	2477.25	2493.14	32761	0	4
2024.09.04	00:00:00	2493.15	2496.92	2483.78	2484.34	35943	0	4
2024.09.04	08:00:00	2484.32	2500.28	2471.96	2496.29	65877	0	4
2024.09.04	16:00:00	2496.27	2498.41	2491.56	2495.43	29597	0	4
2024.09.05	00:00:00	2495.44	2506.98	2493.89	2504.46	35354	0	4
2024.09.05	08:00:00	2504.41	2523.50	2503.06	2508.79	63344	0	4
2024.09.05	16:00:00	2508.84	2516.90	2504.02	2516.24	29779	0	4
2024.09.06	00:00:00	2516.23	2521.90	2513.08	2519.26	31834	0	4
2024.09.06	08:00:00	2519.20	2529.18	2500.61	2506.80	64113	0	4
2024.09.06	16:00:00	2506.85	2518.49	2485.21	2497.37	47182	0	4
2024.09.08	16:00:00	2497.06	2498.04	2496.22	2497.93	1499	0	4
2024.09.09	00:00:00	2497.98	2500.47	2485.60	2489.84	44432	0	4
2024.09.09	08:00:00	2489.85	2505.33	2488.95	2496.92	58942	0	4
2024.09.09	16:00:00	2496.93	2507.24	2493.66	2507.11	26573	0	4
2024.09.10	00:00:00	2507.02	2507.71	2500.84	2505.16	33003	0	4
2024.09.10	08:00:00	2504.96	2515.38	2500.21	2509.13	57910	0	4
2024.09.10	16:00:00	2509.19	2518.47	2508.31	2516.54	29085	0	4
2024.09.11	00:00:00	2516.57	2529.10	2515.04	2526.64	41429	0	4
2024.09.11	08:00:00	2526.65	2527.79	2488.00	2509.51	69415	0	4
2024.09.11	16:00:00	2509.54	2520.07	2508.78	2512.94	34439	0	4
2024.09.12	00:00:00	2512.93	2522.30	2511.09	2516.95	36335	0	4
2024.09.12	08:00:00	2516.97	2554.82	2513.10	2553.41	101498	0	4
2024.09.12	16:00:00	2553.43	2560.09	2544.91	2557.48	64856	0	4
2024.09.13	00:00:00	2557.51	2570.31	2556.72	2567.16	66396	0	4
2024.09.13	08:00:00	2567.18	2583.41	2563.73	2578.39	94403	0	4
2024.09.13	16:00:00	2578.40	2586.09	2573.77	2578.88	48341	0	4
2024.09.15	16:00:00	2578.22	2580.49	2577.71	2580.12	2924	0	4
2024.09.16	00:00:00	2580.15	2589.69	2578.33	2585.33	37067	0	4
2024.09.16	08:00:00	2585.35	2589.37	2575.34	2580.29	84144	0	4
2024.09.16	16:00:00	2580.28	2584.18	2577.74	2582.96	36120	0	4
2024.09.17	00:00:00	2583.03	2586.97	2574.64	2584.40	42527	0	4
2024.09.17	08:00:00	2584.39	2585.71	2568.47	2576.50	91800	0	4
2024.09.17	16:00:00	2576.51	2577.16	2560.84	2570.80	50600	0	4
2024.09.18	00:00:00	2570.78	2576.52	2565.79	2569.12	56960	0	4
2024.09.18	08:00:00	2569.15	2580.76	2568.03	2571.70	72155	0	3
2024.09.18	16:00:00	2571.71	2600.19	2547.02	2559.36	95485	0	4
2024.09.19	00:00:00	2559.35	2578.83	2551.29	2575.88	80921	0	4
2024.09.19	08:00:00	2575.87	2594.92	2569.87	2581.30	117405	0	4
2024.09.19	16:00:00	2581.32	2592.70	2580.50	2587.80	47016	0	4
2024.09.20	00:00:00	2587.72	2607.03	2584.87	2605.49	56499	0	4
2024.09.20	08:00:00	2605.52	2619.39	2602.55	2614.05	102058	0	4
2024.09.20	16:00:00	2614.12	2625.80	2611.32	2622.17	60278	0	4
2024.09.22	16:00:00	2621.06	2622.07	2619.78	2620.48	1510	0	4
2024.09.23	00:00:00	2620.48	2631.41	2616.14	2624.51	49147	0	4
2024.09.23	08:00:00	2624.50	2634.89	2613.91	2630.47	93294	0	4
2024.09.23	16:00:00	2630.48	2632.01	2625.74	2627.58	45265	0	4
2024.09.24	00:00:00	2627.55	2640.17	2623.87	2628.76	70431	0	4
2024.09.24	08:00:00	2628.77	2647.18	2622.72	2643.59	89423	0	4
2024.09.24	16:00:00	2643.59	2664.40	2639.83	2659.23	45971	0	4
2024.09.25	00:00:00	2659.19	2670.62	2653.61	2654.80	48801	0	4
2024.09.25	08:00:00	2654.85	2667.50	2651.54	2659.03	60704	0	4
2024.09.25	16:00:00	2659.13	2663.02	2649.82	2658.36	35081	0	4
2024.09.26	00:00:00	2658.31	2663.47	2655.47	2661.78	36923	0	4
2024.09.26	08:00:00	2661.77	2685.63	2654.88	2665.92	106605	0	4
2024.09.26	16:00:00	2665.91	2677.89	2662.56	2672.41	57755	0	4
2024.09.27	00:00:00	2672.46	2674.04	2662.40	2665.83	73666	0	4
2024.09.27	08:00:00	2665.84	2674.31	2649.49	2649.60	106731	0	4
2024.09.27	16:00:00	2649.57	2660.26	2643.15	2658.29	64695	0	4
2024.09.29	16:00:00	2662.10	2663.57	2659.89	2662.81	4769	0	4
2024.09.30	00:00:00	2662.78	2665.99	2647.42	2657.88	73311	0	4
2024.09.30	08:00:00	2657.90	2660.68	2628.87	2633.33	102648	0	4
2024.09.30	16:00:00	2633.34	2641.90	2624.72	2635.04	65935	0	4
2024.10.01	00:00:00	2635.07	2645.59	2634.00	2645.34	37540	0	4
2024.10.01	08:00:00	2645.38	2671.69	2641.77	2659.33	99724	0	4
2024.10.01	16:00:00	2659.30	2673.12	2653.91	2662.14	68051	0	4
2024.10.02	00:00:00	2662.15	2662.31	2644.59	2649.83	49154	0	4
2024.10.02	08:00:00	2649.74	2663.28	2643.87	2648.14	89272	0	4
2024.10.02	16:00:00	2648.15	2660.39	2641.18	2659.53	47053	0	4
2024.10.03	00:00:00	2659.54	2662.93	2651.34	2655.91	48876	0	4
2024.10.03	08:00:00	2655.90	2656.24	2639.66	2650.25	101175	0	4
2024.10.03	16:00:00	2650.26	2662.15	2648.01	2656.10	46692	0	4
2024.10.04	00:00:00	2656.09	2667.87	2654.39	2660.29	38932	0	4
2024.10.04	08:00:00	2660.27	2663.20	2632.04	2658.42	94925	0	4
2024.10.04	16:00:00	2658.41	2670.21	2641.90	2653.70	63386	0	4
2024.10.06	16:00:00	2651.26	2652.26	2650.06	2650.87	2733	0	4
2024.10.07	00:00:00	2650.88	2652.48	2639.76	2643.26	44489	0	4
2024.10.07	08:00:00	2643.25	2659.72	2637.80	2640.89	91859	0	4
2024.10.07	16:00:00	2640.89	2650.18	2639.18	2644.26	40368	0	4
2024.10.08	00:00:00	2644.27	2648.28	2633.83	2636.46	75852	0	4
2024.10.08	08:00:00	2636.45	2653.03	2619.94	2621.02	89263	0	4
2024.10.08	16:00:00	2621.05	2623.70	2604.81	2622.02	50860	0	4
2024.10.09	00:00:00	2622.05	2624.37	2610.68	2612.80	53563	0	4
2024.10.09	08:00:00	2612.76	2622.43	2605.32	2609.89	69007	0	4
2024.10.09	16:00:00	2609.87	2617.92	2605.22	2608.92	37066	0	4
2024.10.10	00:00:00	2608.88	2616.93	2605.99	2612.53	48035	0	4
2024.10.10	08:00:00	2612.34	2629.77	2603.36	2625.49	77316	0	4
2024.10.10	16:00:00	2625.48	2631.51	2616.59	2628.30	49804	0	4
2024.10.11	00:00:00	2628.32	2647.22	2628.32	2639.56	52603	0	4
2024.10.11	08:00:00	2639.52	2655.30	2636.31	2653.13	68974	0	4
2024.10.11	16:00:00	2653.11	2661.45	2653.11	2657.00	36037	0	4
2024.10.13	16:00:00	2651.03	2652.55	2646.95	2650.35	3646	0	4
2024.10.14	00:00:00	2650.36	2666.82	2643.23	2664.10	48053	0	4
2024.10.14	08:00:00	2664.09	2665.25	2644.81	2645.72	64518	0	4
2024.10.14	16:00:00	2645.72	2653.37	2644.07	2650.07	29387	0	4
2024.10.15	00:00:00	2650.09	2652.78	2638.19	2648.53	50770	0	4
2024.10.15	08:00:00	2648.65	2664.19	2645.69	2659.82	77246	0	4
2024.10.15	16:00:00	2659.83	2668.93	2657.30	2662.21	42814	0	4
2024.10.16	00:00:00	2662.22	2677.75	2658.76	2677.31	52353	0	4
2024.10.16	08:00:00	2677.30	2685.37	2670.11	2672.19	76050	0	4
2024.10.16	16:00:00	2672.24	2676.72	2666.81	2673.81	34315	0	4
2024.10.17	00:00:00	2673.80	2685.77	2673.50	2681.21	57688	0	4
2024.10.17	08:00:00	2681.20	2696.44	2673.21	2695.74	79378	0	4
2024.10.17	16:00:00	2695.71	2696.77	2683.98	2692.67	39379	0	4
2024.10.18	00:00:00	2692.72	2714.10	2692.38	2707.52	61951	0	4
2024.10.18	08:00:00	2707.45	2720.17	2701.73	2717.43	77280	0	4
2024.10.18	16:00:00	2717.44	2722.58	2713.68	2721.68	39096	0	4
2024.10.20	16:00:00	2723.13	2723.89	2720.44	2723.68	2530	0	4
2024.10.21	00:00:00	2723.65	2732.84	2721.14	2730.36	61929	0	4
2024.10.21	08:00:00	2730.25	2740.59	2722.35	2725.26	83219	0	4
2024.10.21	16:00:00	2725.26	2727.19	2714.23	2720.77	45228	0	4
2024.10.22	00:00:00	2720.78	2737.16	2720.48	2735.14	50748	0	4
2024.10.22	08:00:00	2735.03	2743.21	2729.57	2741.93	76469	0	4
2024.10.22	16:00:00	2741.93	2748.90	2736.92	2747.39	43728	0	4
2024.10.23	00:00:00	2747.40	2753.25	2737.99	2750.53	54332	0	4
2024.10.23	08:00:00	2750.54	2758.49	2716.52	2717.76	80801	0	4
2024.10.23	16:00:00	2717.75	2723.34	2708.75	2718.06	50665	0	4
2024.10.24	00:00:00	2718.07	2736.51	2717.91	2735.25	52747	0	4
2024.10.24	08:00:00	2735.20	2743.30	2722.51	2732.47	76506	0	4
2024.10.24	16:00:00	2732.43	2737.81	2725.87	2734.68	41212	0	4
2024.10.25	00:00:00	2734.69	2735.56	2723.99	2732.27	45441	0	4
2024.10.25	08:00:00	2732.25	2740.60	2717.08	2738.54	70518	0	4
2024.10.25	16:00:00	2738.55	2747.74	2734.08	2747.03	38470	0	4
2024.10.27	16:00:00	2736.69	2740.27	2734.81	2735.85	4348	0	4
2024.10.28	00:00:00	2735.86	2744.58	2724.76	2738.96	53993	0	4
2024.10.28	08:00:00	2738.99	2745.99	2727.92	2740.78	68167	0	4
2024.10.28	16:00:00	2740.77	2745.03	2740.07	2744.51	25740	0	4
2024.10.29	00:00:00	2744.50	2757.76	2743.34	2752.52	52248	0	4
2024.10.29	08:00:00	2752.53	2771.75	2746.37	2764.29	81105	0	4
2024.10.29	16:00:00	2764.28	2775.21	2764.23	2775.07	32858	0	4
2024.10.30	00:00:00	2775.10	2789.82	2774.91	2782.30	55023	0	4
2024.10.30	08:00:00	2782.32	2787.54	2770.93	2784.75	79196	0	4
2024.10.30	16:00:00	2784.72	2790.03	2783.08	2785.49	31281	0	4
2024.10.31	00:00:00	2785.50	2790.12	2778.23	2782.09	46626	0	4
2024.10.31	08:00:00	2782.08	2783.13	2731.58	2740.67	86988	0	4
2024.10.31	16:00:00	2740.75	2749.78	2738.09	2746.78	37444	0	4
2024.11.01	00:00:00	2746.82	2757.71	2744.92	2749.70	51301	0	4
2024.11.01	08:00:00	2749.69	2762.27	2739.77	2744.74	85956	0	4
2024.11.01	16:00:00	2744.76	2746.13	2733.26	2736.63	34326	0	4
2024.11.03	16:00:00	2733.02	2740.40	2732.62	2738.43	4172	0	4
2024.11.04	00:00:00	2738.42	2744.79	2735.15	2735.86	51233	0	4
2024.11.04	08:00:00	2735.84	2748.22	2731.93	2738.59	69665	0	4
2024.11.04	16:00:00	2738.53	2739.70	2731.83	2736.07	36042	0	4
2024.11.05	00:00:00	2736.08	2741.38	2724.75	2736.52	52527	0	4
2024.11.05	08:00:00	2736.53	2750.00	2732.15	2742.06	69247	0	4
2024.11.05	16:00:00	2742.07	2746.42	2736.39	2745.70	34927	0	4
2024.11.06	00:00:00	2745.68	2749.75	2701.54	2725.91	107748	0	4
2024.11.06	08:00:00	2725.82	2733.80	2652.51	2675.82	112659	0	4
2024.11.06	16:00:00	2675.80	2678.15	2659.09	2664.09	50401	0	4
2024.11.07	00:00:00	2664.07	2667.69	2643.41	2663.32	65146	0	4
2024.11.07	08:00:00	2663.34	2700.16	2657.45	2698.86	82819	0	4
2024.11.07	16:00:00	2698.84	2710.21	2687.74	2706.93	60250	0	4
2024.11.08	00:00:00	2706.92	2710.41	2680.36	2687.46	83345	0	4
2024.11.08	08:00:00	2687.45	2704.14	2682.00	2687.57	139066	0	4
2024.11.08	16:00:00	2687.58	2689.34	2682.92	2684.75	54921	0	4
2024.11.10	16:00:00	2682.61	2685.76	2681.61	2685.67	4583	0	4
2024.11.11	00:00:00	2685.66	2686.17	2666.55	2669.62	82529	0	4
2024.11.11	08:00:00	2669.60	2675.36	2613.46	2614.60	131311	0	4
2024.11.11	16:00:00	2614.59	2626.25	2610.69	2624.01	47754	0	4
2024.11.12	00:00:00	2624.02	2627.17	2595.31	2598.32	90147	0	4
2024.11.12	08:00:00	2598.33	2617.05	2589.69	2598.54	132939	0	4
2024.11.12	16:00:00	2598.57	2604.18	2592.53	2598.97	56152	0	4
2024.11.13	00:00:00	2598.98	2613.28	2598.10	2606.25	74398	0	4
2024.11.13	08:00:00	2606.22	2618.75	2593.76	2605.48	118851	0	4
2024.11.13	16:00:00	2605.46	2606.03	2569.40	2570.94	72898	0	4
2024.11.14	00:00:00	2570.93	2574.75	2550.48	2557.00	87796	0	4
2024.11.14	08:00:00	2557.01	2572.99	2536.86	2570.35	145340	0	4
2024.11.14	16:00:00	2570.32	2577.51	2563.98	2566.98	65271	0	4
2024.11.15	00:00:00	2566.97	2571.73	2554.47	2563.83	65178	0	4
2024.11.15	08:00:00	2563.82	2575.98	2560.90	2570.87	131852	0	4
2024.11.15	16:00:00	2570.88	2573.36	2559.50	2561.75	57088	0	4
2024.11.17	16:00:00	2568.37	2575.55	2568.37	2571.46	6585	0	4
2024.11.18	00:00:00	2571.41	2597.25	2569.89	2582.91	88159	0	4
2024.11.18	08:00:00	2582.92	2613.41	2582.08	2613.00	116113	0	4
2024.11.18	16:00:00	2613.03	2615.11	2607.38	2612.64	46420	0	4
2024.11.19	00:00:00	2612.66	2626.71	2611.13	2619.15	78365	0	4
2024.11.19	08:00:00	2619.14	2639.48	2618.74	2624.51	138766	0	4
2024.11.19	16:00:00	2624.50	2635.53	2622.37	2635.19	52394	0	4
2024.11.20	00:00:00	2635.17	2641.85	2621.24	2621.61	71420	0	4
2024.11.20	08:00:00	2621.58	2648.93	2618.89	2648.93	104982	0	4
2024.11.20	16:00:00	2648.92	2655.45	2645.49	2652.21	53369	0	4
2024.11.21	00:00:00	2652.24	2664.62	2650.46	2663.16	67135	0	4
2024.11.21	08:00:00	2663.15	2673.53	2660.49	2667.77	111232	0	4
2024.11.21	16:00:00	2667.75	2673.54	2661.37	2669.19	57309	0	4
2024.11.22	00:00:00	2669.20	2699.04	2668.89	2696.49	71971	0	4
2024.11.22	08:00:00	2696.51	2710.17	2684.50	2703.67	139794	0	3
2024.11.22	16:00:00	2703.71	2715.33	2700.86	2714.60	52461	0	4
2024.11.24	16:00:00	2712.34	2721.40	2710.71	2719.88	9007	0	4
2024.11.25	00:00:00	2719.87	2720.21	2658.33	2667.87	138153	0	4
2024.11.25	08:00:00	2667.89	2688.79	2626.29	2628.32	148284	0	4
2024.11.25	16:00:00	2628.33	2639.46	2605.27	2610.48	76556	0	4
2024.11.26	00:00:00	2610.51	2632.21	2608.69	2614.12	103462	0	4
2024.11.26	08:00:00	2614.14	2641.96	2612.50	2629.51	134476	0	4
2024.11.26	16:00:00	2629.52	2634.19	2619.62	2632.30	56931	0	4
2024.11.27	00:00:00	2632.31	2648.52	2627.13	2646.64	75795	0	4
2024.11.27	08:00:00	2646.61	2658.24	2635.56	2642.74	118848	0	4
2024.11.27	16:00:00	2642.75	2644.34	2633.91	2637.13	50324	0	4
2024.11.28	00:00:00	2637.18	2639.63	2620.98	2637.38	73993	0	4
2024.11.28	08:00:00	2637.35	2649.70	2635.78	2638.20	70359	0	4
2024.11.28	16:00:00	2638.19	2642.52	2637.25	2638.83	14050	0	4
2024.11.29	00:00:00	2638.82	2666.32	2634.10	2660.62	86752	0	4
2024.11.29	08:00:00	2660.61	2665.89	2650.65	2658.93	104593	0	4
2024.11.29	16:00:00	2658.96	2662.31	2654.98	2655.31	30301	0	4
2024.12.01	16:00:00	2649.16	2650.37	2643.15	2645.76	5962	0	4
2024.12.02	00:00:00	2645.77	2647.72	2621.93	2629.91	112296	0	4
2024.12.02	08:00:00	2629.90	2651.74	2626.64	2642.35	121089	0	4
2024.12.02	16:00:00	2642.36	2644.38	2633.60	2642.27	48280	0	4
2024.12.03	00:00:00	2642.31	2650.09	2634.15	2644.69	67122	0	4
2024.12.03	08:00:00	2644.65	2655.65	2635.25	2640.49	97744	0	4
2024.12.03	16:00:00	2640.48	2649.21	2638.98	2642.82	39532	0	4
2024.12.04	00:00:00	2642.81	2651.44	2637.73	2641.58	55108	0	4
2024.12.04	08:00:00	2641.53	2657.21	2632.50	2655.03	94016	0	4
2024.12.04	16:00:00	2655.04	2655.59	2646.95	2650.41	48954	0	4
2024.12.05	00:00:00	2650.40	2655.56	2644.72	2648.77	55299	0	4
2024.12.05	08:00:00	2648.70	2654.55	2631.94	2640.30	84061	0	4
2024.12.05	16:00:00	2640.29	2643.42	2623.57	2633.84	46415	0	4
2024.12.06	00:00:00	2633.85	2644.52	2613.68	2639.78	66572	0	4
2024.12.06	08:00:00	2639.78	2645.66	2624.10	2637.65	98933	0	4
2024.12.06	16:00:00	2637.66	2641.67	2631.13	2633.13	38281	0	4
2024.12.08	16:00:00	2643.24	2648.34	2636.40	2640.15	5350	0	4
2024.12.09	00:00:00	2640.14	2651.24	2627.57	2650.61	74480	0	4
2024.12.09	08:00:00	2650.62	2676.43	2646.11	2668.39	92596	0	4
2024.12.09	16:00:00	2668.38	2670.59	2656.78	2660.57	42523	0	4
2024.12.10	00:00:00	2660.56	2673.82	2658.00	2664.65	66361	0	4
2024.12.10	08:00:00	2664.66	2691.82	2661.29	2687.44	91533	0	4
2024.12.10	16:00:00	2687.47	2698.40	2684.82	2696.05	39133	0	4
2024.12.11	00:00:00	2696.06	2704.42	2675.78	2690.32	67715	0	4
2024.12.11	08:00:00	2690.33	2715.98	2686.47	2713.22	106924	0	4
2024.12.11	16:00:00	2713.16	2721.14	2711.13	2720.13	55686	0	4
2024.12.12	00:00:00	2720.12	2726.20	2700.44	2716.30	58599	0	4
2024.12.12	08:00:00	2716.34	2719.49	2675.24	2679.69	119338	0	4
2024.12.12	16:00:00	2679.70	2687.09	2677.53	2680.75	56342	0	4
2024.12.13	00:00:00	2680.74	2692.82	2679.01	2683.25	74453	0	4
2024.12.13	08:00:00	2683.22	2684.85	2654.75	2660.04	108171	0	4
2024.12.13	16:00:00	2659.99	2664.60	2646.16	2648.75	50673	0	4
2024.12.15	16:00:00	2649.41	2653.09	2648.79	2651.56	3373	0	4
2024.12.16	00:00:00	2651.55	2655.90	2643.63	2653.82	55291	0	4
2024.12.16	08:00:00	2653.78	2664.42	2650.91	2654.43	80245	0	4
2024.12.16	16:00:00	2654.42	2655.82	2648.65	2651.79	39809	0	4
2024.12.17	00:00:00	2651.78	2658.70	2646.53	2653.80	55396	0	4
2024.12.17	08:00:00	2653.73	2653.74	2633.16	2640.20	92850	0	4
2024.12.17	16:00:00	2640.22	2649.06	2636.77	2647.49	41578	0	4
2024.12.18	00:00:00	2647.50	2651.76	2642.78	2644.80	53482	0	4
2024.12.18	08:00:00	2644.79	2649.70	2633.86	2638.26	74078	0	4
2024.12.18	16:00:00	2638.25	2640.02	2583.94	2587.99	72116	0	4
2024.12.19	00:00:00	2588.01	2622.67	2587.94	2616.57	67926	0	4
2024.12.19	08:00:00	2616.60	2626.46	2587.05	2588.59	110330	0	4
2024.12.19	16:00:00	2588.52	2601.09	2587.27	2593.59	57714	0	4
2024.12.20	00:00:00	2593.59	2607.58	2589.68	2606.29	56058	0	4
2024.12.20	08:00:00	2606.32	2631.16	2600.22	2630.44	93959	0	4
2024.12.20	16:00:00	2630.45	2631.94	2619.39	2622.67	54688	0	4
2024.12.22	16:00:00	2622.69	2624.85	2621.79	2624.30	2273	0	4
2024.12.23	00:00:00	2624.38	2633.29	2617.65	2630.30	42432	0	4
2024.12.23	08:00:00	2630.33	2632.14	2609.37	2609.80	62036	0	4
2024.12.23	16:00:00	2609.82	2617.12	2608.23	2615.48	31688	0	4
2024.12.24	00:00:00	2615.51	2621.53	2613.54	2618.54	32801	0	4
2024.12.24	08:00:00	2618.60	2619.99	2610.11	2611.86	44222	0	4
2024.12.24	16:00:00	2611.80	2619.50	2611.72	2618.75	9719	0	4
2024.12.25	16:00:00	2615.95	2620.19	2615.34	2618.63	1517	0	4
2024.12.26	00:00:00	2618.62	2629.50	2618.61	2625.41	27775	0	4
2024.12.26	08:00:00	2625.51	2639.18	2621.70	2636.52	40883	0	4
2024.12.26	16:00:00	2636.65	2636.86	2628.13	2632.51	28555	0	4
2024.12.27	00:00:00	2632.53	2638.36	2628.93	2633.73	33188	0	4
2024.12.27	08:00:00	2633.71	2633.71	2611.62	2618.20	57161	0	4
2024.12.27	16:00:00	2618.23	2621.74	2612.81	2621.69	27388	0	4
2024.12.29	16:00:00	2621.85	2626.25	2621.74	2624.29	2463	0	4
2024.12.30	00:00:00	2624.30	2628.21	2615.94	2617.02	32198	0	4
2024.12.30	08:00:00	2617.01	2622.73	2599.63	2601.54	62953	0	4
2024.12.30	16:00:00	2601.53	2609.63	2596.12	2606.76	35177	0	4
2024.12.31	00:00:00	2606.73	2614.23	2602.53	2613.95	27321	0	4
2024.12.31	08:00:00	2613.82	2626.80	2605.37	2626.48	53399	0	4
2024.12.31	16:00:00	2626.58	2627.57	2622.33	2624.22	31500	0	4
2025.01.01	16:00:00	2625.14	2625.85	2621.64	2623.77	1848	0	4
2025.01.02	00:00:00	2623.79	2636.56	2622.88	2635.99	41221	0	4
2025.01.02	08:00:00	2636.00	2656.00	2631.15	2654.15	75144	0	4
2025.01.02	16:00:00	2654.09	2660.56	2650.07	2658.34	44466	0	4
2025.01.03	00:00:00	2658.36	2665.42	2651.94	2654.40	38874	0	4
2025.01.03	08:00:00	2654.31	2659.36	2641.04	2644.01	82291	0	4
2025.01.03	16:00:00	2643.97	2647.33	2636.77	2639.67	43239	0	4
2025.01.05	16:00:00	2639.77	2642.47	2639.73	2641.08	2494	0	4
2025.01.06	00:00:00	2641.03	2647.46	2625.24	2627.02	49749	0	4
2025.01.06	08:00:00	2627.01	2649.32	2616.47	2634.43	94986	0	4
2025.01.06	16:00:00	2634.47	2641.32	2632.64	2634.67	40932	0	4
2025.01.07	00:00:00	2634.69	2646.85	2633.02	2640.57	48585	0	4
2025.01.07	08:00:00	2640.58	2664.33	2640.17	2647.83	88330	0	4
2025.01.07	16:00:00	2647.81	2656.20	2646.55	2649.81	58707	0	4
2025.01.08	00:00:00	2649.69	2654.48	2645.35	2652.70	44437	0	4
2025.01.08	08:00:00	2652.72	2667.80	2645.88	2665.85	86342	0	4
2025.01.08	16:00:00	2665.83	2670.12	2649.37	2662.64	53887	0	4
2025.01.09	00:00:00	2662.62	2666.91	2655.60	2662.41	39906	0	4
2025.01.09	08:00:00	2662.42	2678.35	2660.50	2668.40	68202	0	4
2025.01.09	16:00:00	2668.39	2672.58	2662.82	2670.06	36138	0	4
2025.01.10	00:00:00	2670.05	2678.77	2669.00	2676.20	43223	0	4
2025.01.10	08:00:00	2676.22	2697.93	2663.68	2692.72	116985	0	4
2025.01.10	16:00:00	2692.71	2697.77	2684.42	2689.37	65248	0	4
2025.01.12	16:00:00	2689.55	2691.31	2687.47	2691.19	3345	0	4
2025.01.13	00:00:00	2691.17	2693.44	2679.43	2685.37	70602	0	4
2025.01.13	08:00:00	2685.36	2689.71	2661.11	2661.76	115402	0	4
2025.01.13	16:00:00	2661.71	2669.43	2656.95	2668.02	50844	0	4
2025.01.14	00:00:00	2668.12	2675.31	2666.49	2669.28	60947	0	4
2025.01.14	08:00:00	2669.23	2674.57	2659.96	2671.73	100108	0	4
2025.01.14	16:00:00	2671.74	2678.24	2666.83	2675.64	50631	0	4
2025.01.15	00:00:00	2675.64	2684.21	2669.36	2681.39	44059	0	4
2025.01.15	08:00:00	2681.41	2695.96	2676.76	2678.47	108327	0	4
2025.01.15	16:00:00	2678.53	2697.53	2676.99	2694.93	53040	0	4
2025.01.16	00:00:00	2695.04	2702.29	2690.05	2698.36	61769	0	4
2025.01.16	08:00:00	2698.49	2719.61	2697.26	2716.96	102893	0	4
2025.01.16	16:00:00	2716.95	2724.80	2712.46	2714.65	49598	0	4
2025.01.17	00:00:00	2714.64	2717.34	2708.76	2710.58	54314	0	4
2025.01.17	08:00:00	2710.60	2715.19	2702.81	2714.36	90753	0	4
2025.01.17	16:00:00	2714.32	2717.35	2699.08	2702.69	45304	0	4
2025.01.19	16:00:00	2701.20	2703.20	2691.13	2696.72	4039	0	4
2025.01.20	00:00:00	2696.62	2713.80	2689.45	2703.60	62310	0	4
2025.01.20	08:00:00	2703.72	2712.44	2701.13	2707.11	86388	0	4
2025.01.20	16:00:00	2707.10	2711.19	2703.51	2710.37	19749	0	4
2025.01.21	00:00:00	2710.38	2732.93	2702.51	2729.84	56180	0	4
2025.01.21	08:00:00	2729.82	2740.50	2716.57	2738.84	71950	0	4
2025.01.21	16:00:00	2738.83	2746.03	2737.81	2744.40	35963	0	4
2025.01.22	00:00:00	2744.49	2758.62	2742.64	2748.79	51344	0	4
2025.01.22	08:00:00	2748.78	2763.47	2746.95	2759.43	70370	0	4
2025.01.22	16:00:00	2759.42	2760.21	2753.87	2755.45	34183	0	4
2025.01.23	00:00:00	2755.44	2756.30	2749.63	2752.94	46455	0	4
2025.01.23	08:00:00	2752.88	2754.89	2735.95	2746.64	79768	0	4
2025.01.23	16:00:00	2746.55	2758.92	2744.26	2754.57	48243	0	4
2025.01.24	00:00:00	2754.54	2778.33	2754.39	2772.66	74062	0	4
2025.01.24	08:00:00	2772.69	2785.98	2770.05	2775.89	80121	0	4
2025.01.24	16:00:00	2775.92	2777.61	2769.95	2771.23	45208	0	4
2025.01.26	16:00:00	2765.77	2768.98	2764.09	2767.64	2972	0	4
2025.01.27	00:00:00	2767.51	2772.70	2747.36	2749.32	74276	0	4
2025.01.27	08:00:00	2749.42	2772.03	2739.55	2742.14	91705	0	4
2025.01.27	16:00:00	2742.10	2745.46	2730.58	2741.73	63499	0	4
2025.01.28	00:00:00	2741.76	2745.23	2737.96	2738.69	51599	0	4
2025.01.28	08:00:00	2738.87	2757.20	2734.83	2755.34	87543	0	4
2025.01.28	16:00:00	2755.33	2765.01	2755.29	2762.64	48398	0	4
2025.01.29	00:00:00	2762.69	2766.31	2757.46	2759.22	50663	0	4
2025.01.29	08:00:00	2759.24	2766.20	2748.58	2754.21	90594	0	4
2025.01.29	16:00:00	2754.27	2760.71	2744.91	2760.33	65321	0	4
2025.01.30	00:00:00	2760.27	2769.55	2758.89	2769.18	45656	0	4
2025.01.30	08:00:00	2769.19	2796.76	2768.79	2795.44	104128	0	4
2025.01.30	16:00:00	2795.43	2798.59	2788.72	2796.44	75010	0	4
2025.01.31	00:00:00	2796.51	2801.11	2792.27	2798.40	54495	0	4
2025.01.31	08:00:00	2798.47	2817.23	2791.11	2809.16	97552	0	4
2025.01.31	16:00:00	2809.24	2816.33	2794.26	2797.98	84276	0	4
2025.02.02	16:00:00	2801.66	2804.29	2784.21	2794.08	5836	0	4
2025.02.03	00:00:00	2795.32	2796.16	2772.19	2789.36	90071	0	4
2025.02.03	08:00:00	2789.37	2831.08	2786.98	2817.52	110417	0	4
2025.02.03	16:00:00	2817.50	2825.26	2812.20	2813.67	64132	0	4
2025.02.04	00:00:00	2813.92	2824.62	2807.07	2812.71	74950	0	4
2025.02.04	08:00:00	2812.73	2845.38	2810.27	2835.97	117542	0	4
2025.02.04	16:00:00	2835.98	2845.08	2832.67	2841.45	59090	0	4
2025.02.05	00:00:00	2841.43	2864.37	2839.75	2864.32	63420	0	4
2025.02.05	08:00:00	2864.30	2882.31	2858.63	2880.15	100079	0	4
2025.02.05	16:00:00	2880.18	2881.03	2860.01	2869.44	63133	0	4
2025.02.06	00:00:00	2869.42	2873.31	2855.19	2855.75	66420	0	4
2025.02.06	08:00:00	2855.96	2870.43	2834.32	2850.68	107260	0	4
2025.02.06	16:00:00	2850.67	2858.63	2848.18	2858.18	53155	0	4
2025.02.07	00:00:00	2858.17	2870.50	2857.92	2864.17	56247	0	4
2025.02.07	08:00:00	2864.21	2886.83	2852.60	2880.58	102275	0	4
2025.02.07	16:00:00	2880.50	2881.58	2853.46	2860.96	56580	0	4
2025.02.09	16:00:00	2861.32	2870.39	2860.17	2867.75	3413	0	4
2025.02.10	00:00:00	2867.80	2896.53	2865.94	2895.58	62664	0	4
2025.02.10	08:00:00	2895.56	2911.91	2892.33	2909.02	94458	0	4
2025.02.10	16:00:00	2909.05	2921.51	2896.72	2917.93	54063	0	4
2025.02.11	00:00:00	2917.86	2942.86	2905.51	2913.34	81114	0	4
2025.02.11	08:00:00	2913.25	2915.44	2881.74	2904.88	115804	0	4
2025.02.11	16:00:00	2904.86	2908.77	2894.13	2898.66	55989	0	4
2025.02.12	00:00:00	2898.69	2898.99	2883.80	2892.82	62309	0	4
2025.02.12	08:00:00	2892.84	2898.06	2863.95	2894.78	89843	0	4
2025.02.12	16:00:00	2894.75	2909.09	2892.22	2905.84	55513	0	4
2025.02.13	00:00:00	2905.79	2922.82	2901.47	2914.52	55778	0	4
2025.02.13	08:00:00	2914.60	2921.40	2906.04	2920.32	83653	0	4
2025.02.13	16:00:00	2920.27	2932.30	2913.01	2931.19	49366	0	4
2025.02.14	00:00:00	2931.16	2936.86	2923.28	2931.91	58479	0	4
2025.02.14	08:00:00	2931.88	2940.00	2892.96	2901.94	100970	0	4
2025.02.14	16:00:00	2901.93	2903.93	2877.09	2882.66	65033	0	4
2025.02.16	16:00:00	2893.60	2893.79	2878.68	2879.36	7193	0	4
2025.02.17	00:00:00	2879.63	2905.02	2879.57	2902.50	57119	0	4
2025.02.17	08:00:00	2902.60	2906.47	2895.16	2899.30	65574	0	4
2025.02.17	16:00:00	2899.29	2901.25	2896.61	2899.32	14605	0	4
2025.02.18	00:00:00	2899.37	2915.72	2892.07	2911.53	46403	0	4
2025.02.18	08:00:00	2911.52	2929.71	2907.19	2927.28	62791	0	4
2025.02.18	16:00:00	2927.20	2936.94	2924.32	2934.04	40308	0	4
2025.02.19	00:00:00	2934.02	2939.79	2924.12	2934.26	46596	0	4
2025.02.19	08:00:00	2934.24	2946.97	2925.51	2925.59	98295	0	4
2025.02.19	16:00:00	2925.74	2937.54	2918.67	2935.45	64977	0	4
2025.02.20	00:00:00	2935.42	2954.35	2933.99	2948.87	50550	0	4
2025.02.20	08:00:00	2948.98	2954.89	2924.14	2938.53	91464	0	4
2025.02.20	16:00:00	2938.54	2947.02	2933.55	2941.61	53942	0	4
2025.02.21	00:00:00	2941.63	2949.80	2924.13	2929.98	67990	0	4
2025.02.21	08:00:00	2930.00	2939.13	2916.79	2928.82	84739	0	4
2025.02.21	16:00:00	2928.75	2942.87	2927.39	2936.23	53470	0	4
2025.02.23	16:00:00	2939.77	2940.67	2936.54	2936.92	4485	0	4
2025.02.24	00:00:00	2936.93	2945.02	2921.32	2943.96	81219	0	4
2025.02.24	08:00:00	2943.93	2956.25	2930.76	2936.59	101057	0	4
2025.02.24	16:00:00	2936.61	2953.39	2936.56	2950.08	50935	0	4
2025.02.25	00:00:00	2950.14	2952.53	2930.74	2931.64	69288	0	4
2025.02.25	08:00:00	2931.65	2944.85	2900.58	2905.93	130948	0	4
2025.02.25	16:00:00	2906.00	2918.92	2888.30	2918.59	74619	0	4
2025.02.26	00:00:00	2918.56	2930.11	2905.92	2915.46	62181	0	4
2025.02.26	08:00:00	2915.44	2919.09	2890.84	2913.39	91982	0	4
2025.02.26	16:00:00	2913.50	2920.81	2909.89	2919.31	47566	0	4
2025.02.27	00:00:00	2919.33	2919.33	2887.94	2892.01	80346	0	4
2025.02.27	08:00:00	2892.06	2895.10	2867.87	2872.31	140970	0	4
2025.02.27	16:00:00	2872.29	2887.74	2871.33	2875.91	64643	0	4
2025.02.28	00:00:00	2875.90	2885.20	2856.95	2858.73	79739	0	4
2025.02.28	08:00:00	2858.75	2864.97	2832.71	2850.09	111922	0	4
2025.02.28	16:00:00	2850.19	2859.64	2838.15	2857.72	59133	0	4
2025.03.02	16:00:00	2873.15	2876.96	2864.46	2870.99	8707	0	4
2025.03.03	00:00:00	2871.03	2872.08	2859.47	2863.30	69605	0	4
2025.03.03	08:00:00	2863.39	2890.44	2858.99	2887.89	104073	0	4
2025.03.03	16:00:00	2887.93	2895.20	2878.45	2890.90	70313	0	4
2025.03.04	00:00:00	2890.86	2901.35	2881.85	2900.03	65254	0	4
2025.03.04	08:00:00	2900.01	2927.86	2896.87	2906.05	127171	0	4
2025.03.04	16:00:00	2906.02	2920.58	2903.82	2914.33	66538	0	4
2025.03.05	00:00:00	2914.34	2921.86	2902.21	2918.07	66352	0	4
2025.03.05	08:00:00	2918.06	2923.89	2894.30	2917.20	132892	0	4
2025.03.05	16:00:00	2917.17	2929.95	2911.72	2918.28	63240	0	4
2025.03.06	00:00:00	2918.27	2926.71	2909.83	2909.90	56379	0	4
2025.03.06	08:00:00	2909.98	2922.73	2891.31	2914.53	138081	0	4
2025.03.06	16:00:00	2914.56	2921.56	2908.47	2910.41	62170	0	4
2025.03.07	00:00:00	2910.39	2917.38	2896.67	2917.20	67952	0	4
2025.03.07	08:00:00	2917.19	2930.28	2903.91	2915.81	123581	0	4
2025.03.07	16:00:00	2915.83	2919.41	2902.12	2911.15	65809	0	4
2025.03.09	16:00:00	2911.69	2917.03	2909.88	2916.32	7636	0	4
2025.03.10	00:00:00	2916.38	2918.43	2904.39	2908.49	55390	0	4
2025.03.10	08:00:00	2908.50	2915.45	2895.61	2904.57	132224	0	4
2025.03.10	16:00:00	2904.56	2906.85	2880.29	2884.84	70109	0	4
2025.03.11	00:00:00	2884.85	2903.62	2880.20	2901.12	61942	0	4
2025.03.11	08:00:00	2901.15	2922.21	2900.54	2916.84	104465	0	4
2025.03.11	16:00:00	2916.85	2921.42	2914.17	2915.53	43665	0	4
2025.03.12	00:00:00	2915.56	2921.13	2909.03	2914.57	48356	0	4
2025.03.12	08:00:00	2914.58	2929.29	2906.14	2928.42	114937	0	4
2025.03.12	16:00:00	2928.44	2940.55	2927.94	2938.20	58680	0	4
2025.03.13	00:00:00	2938.24	2947.19	2933.02	2935.37	49430	0	4
2025.03.13	08:00:00	2935.33	2978.39	2934.91	2977.88	123235	0	4
2025.03.13	16:00:00	2977.90	2990.00	2976.41	2986.40	65369	0	4
2025.03.14	00:00:00	2986.39	2993.95	2980.93	2986.98	67484	0	4
2025.03.14	08:00:00	2986.87	3005.01	2978.54	2984.58	119813	0	4
2025.03.14	16:00:00	2984.55	2990.50	2981.85	2986.26	42753	0	4
2025.03.16	16:00:00	2985.04	2994.31	2983.01	2989.96	6976	0	4
2025.03.17	00:00:00	2989.95	2993.23	2982.36	2985.64	43706	0	4
2025.03.17	08:00:00	2985.59	3001.21	2983.19	2997.21	92348	0	4
2025.03.17	16:00:00	2997.23	3002.85	2993.05	2999.86	38636	0	4
2025.03.18	00:00:00	2999.83	3019.00	2999.46	3016.60	61681	0	4
2025.03.18	08:00:00	3016.61	3038.29	3016.41	3031.73	118925	0	4
2025.03.18	16:00:00	3031.72	3038.08	3029.81	3031.79	48994	0	4
2025.03.19	00:00:00	3031.75	3045.37	3027.46	3036.00	53335	0	4
2025.03.19	08:00:00	3036.03	3041.11	3022.81	3031.56	82727	0	4
2025.03.19	16:00:00	3031.57	3051.94	3029.48	3050.08	55732	0	4
2025.03.20	00:00:00	3050.09	3057.44	3041.85	3042.32	62558	0	4
2025.03.20	08:00:00	3042.38	3046.38	3025.79	3040.75	97268	0	4
2025.03.20	16:00:00	3040.86	3046.74	3034.05	3046.56	37139	0	4
2025.03.21	00:00:00	3046.55	3047.58	3021.84	3032.11	55038	0	4
2025.03.21	08:00:00	3032.15	3038.22	2999.47	3011.12	101683	0	4
2025.03.21	16:00:00	3011.11	3024.39	3010.64	3023.30	36402	0	4
2025.03.23	16:00:00	3021.14	3026.45	3020.69	3024.80	5813	0	4
2025.03.24	00:00:00	3024.67	3028.89	3013.76	3022.48	59143	0	4
2025.03.24	08:00:00	3022.49	3033.33	3005.90	3014.16	104561	0	4
2025.03.24	16:00:00	3014.17	3015.66	3002.51	3009.92	48647	0	4
2025.03.25	00:00:00	3010.08	3021.06	3007.39	3011.30	44356	0	4
2025.03.25	08:00:00	3011.35	3036.04	3010.74	3021.61	90757	0	4
2025.03.25	16:00:00	3021.65	3025.57	3017.93	3021.03	26487	0	4
2025.03.26	00:00:00	3021.04	3030.86	3013.46	3030.49	50140	0	4
2025.03.26	08:00:00	3030.48	3032.06	3012.34	3015.93	86809	0	4
2025.03.26	16:00:00	3015.98	3021.82	3015.26	3021.74	38634	0	4
2025.03.27	00:00:00	3021.70	3038.63	3021.66	3035.91	57838	0	4
2025.03.27	08:00:00	3035.95	3059.64	3033.56	3052.23	127606	0	4
2025.03.27	16:00:00	3052.24	3057.87	3047.91	3055.77	55724	0	4
2025.03.28	00:00:00	3055.74	3086.02	3055.05	3079.35	65300	0	4
2025.03.28	08:00:00	3079.34	3086.87	3066.18	3083.80	122065	0	4
2025.03.28	16:00:00	3083.77	3086.73	3073.63	3084.69	45786	0	4
2025.03.30	16:00:00	3092.51	3097.60	3088.67	3090.04	3450	0	4
2025.03.31	00:00:00	3090.02	3128.11	3076.77	3119.52	54097	0	4
2025.03.31	08:00:00	3119.38	3127.21	3099.93	3123.22	71368	0	4
2025.03.31	16:00:00	3123.21	3127.25	3111.62	3122.89	34653	0	4
2025.04.01	00:00:00	3122.90	3149.01	3120.08	3133.77	52695	0	4
2025.04.01	08:00:00	3133.82	3139.07	3123.90	3128.71	66373	0	4
2025.04.01	16:00:00	3128.72	3133.08	3100.95	3111.39	41349	0	4
2025.04.02	00:00:00	3111.47	3135.69	3108.59	3116.59	58414	0	4
2025.04.02	08:00:00	3116.64	3133.85	3110.22	3124.93	97953	0	4
2025.04.02	16:00:00	3124.92	3147.57	3118.79	3145.93	71632	0	4
2025.04.03	00:00:00	3146.01	3167.86	3116.57	3127.77	128167	0	4
2025.04.03	08:00:00	3127.86	3135.61	3054.14	3128.98	176962	0	4
2025.04.03	16:00:00	3128.97	3129.54	3100.12	3115.37	81282	0	4
2025.04.04	00:00:00	3115.38	3116.43	3087.17	3101.15	71699	0	4
2025.04.04	08:00:00	3101.13	3136.76	3027.16	3038.47	189760	0	4
2025.04.04	16:00:00	3038.45	3050.41	3015.75	3036.65	96844	0	4
2025.04.06	16:00:00	3028.90	3028.90	3000.19	3009.71	6325	0	4
2025.04.07	00:00:00	3009.68	3055.67	2971.17	3029.47	130136	0	4
2025.04.07	08:00:00	3029.48	3046.18	2996.52	2999.15	204485	0	4
2025.04.07	16:00:00	2999.19	3004.63	2956.67	2986.69	104838	0	4
2025.04.08	00:00:00	2986.68	3015.83	2978.68	3013.33	81285	0	4
2025.04.08	08:00:00	3013.40	3022.67	2994.96	3006.24	138062	0	4
2025.04.08	16:00:00	3006.23	3012.45	2974.79	2981.85	97047	0	4
2025.04.09	00:00:00	2982.05	3040.97	2970.05	3038.94	132309	0	4
2025.04.09	08:00:00	3038.97	3084.66	3034.38	3070.62	186838	0	4
2025.04.09	16:00:00	3070.63	3099.66	3048.61	3080.19	101167	0	4
2025.04.10	00:00:00	3080.37	3132.50	3078.57	3122.21	79997	0	4
2025.04.10	08:00:00	3122.20	3154.76	3103.47	3154.63	110765	0	4
2025.04.10	16:00:00	3154.65	3190.07	3151.67	3189.11	78336	0	4
2025.04.11	00:00:00	3189.15	3219.97	3183.19	3196.76	97830	0	4
2025.04.11	08:00:00	3196.71	3244.34	3193.97	3230.24	117459	0	4
2025.04.11	16:00:00	3230.22	3245.43	3219.81	3237.38	59899	0	4
2025.04.13	16:00:00	3218.28	3224.55	3217.28	3223.94	7018	0	4
2025.04.14	00:00:00	3223.89	3245.72	3215.43	3228.02	102434	0	4
2025.04.14	08:00:00	3228.03	3231.79	3193.70	3198.13	146524	0	4
2025.04.14	16:00:00	3198.24	3216.55	3197.84	3212.66	51814	0	4
2025.04.15	00:00:00	3212.66	3232.64	3210.13	3225.69	76263	0	4
2025.04.15	08:00:00	3225.73	3232.21	3211.63	3221.31	123387	0	4
2025.04.15	16:00:00	3221.33	3251.92	3219.55	3251.90	55268	0	4
2025.04.16	00:00:00	3251.92	3300.61	3251.68	3300.41	110488	0	4
2025.04.16	08:00:00	3300.44	3328.24	3288.64	3325.40	132903	0	4
2025.04.16	16:00:00	3325.42	3352.71	3321.46	3350.08	64962	0	4
2025.04.17	00:00:00	3350.05	3356.28	3314.37	3323.47	128629	0	4
2025.04.17	08:00:00	3323.50	3342.29	3284.00	3296.37	148777	0	4
2025.04.17	16:00:00	3296.38	3328.95	3294.88	3327.31	54947	0	4
2025.04.20	16:00:00	3349.08	3351.87	3343.97	3348.16	8684	0	4
2025.04.21	00:00:00	3348.15	3396.08	3347.56	3385.34	135290	0	4
2025.04.21	08:00:00	3385.33	3430.34	3383.85	3423.07	154370	0	4
2025.04.21	16:00:00	3423.08	3444.47	3406.26	3434.62	85109	0	4
2025.04.22	00:00:00	3434.57	3500.14	3412.25	3468.72	170674	0	4
2025.04.22	08:00:00	3468.75	3472.71	3408.76	3417.76	187608	0	4
2025.04.22	16:00:00	3417.79	3421.05	3332.13	3336.75	120792	0	4
2025.04.23	00:00:00	3336.71	3386.67	3291.64	3319.27	172207	0	4
2025.04.23	08:00:00	3319.30	3340.59	3260.19	3280.45	190970	0	4
2025.04.23	16:00:00	3280.58	3316.87	3277.81	3316.45	77591	0	4
2025.04.24	00:00:00	3316.43	3367.48	3313.38	3333.81	151664	0	4
2025.04.24	08:00:00	3333.90	3344.73	3306.70	3329.51	156419	0	4
2025.04.24	16:00:00	3329.60	3362.60	3322.59	3348.89	65060	0	4
2025.04.25	00:00:00	3348.91	3363.17	3287.11	3307.37	134126	0	4
2025.04.25	08:00:00	3307.39	3308.87	3265.25	3283.01	144742	0	4
2025.04.25	16:00:00	3283.10	3319.29	3280.45	3319.04	47129	0	4
2025.04.27	16:00:00	3312.28	3318.12	3298.62	3302.74	10237	0	4
2025.04.28	00:00:00	3302.79	3316.04	3268.10	3287.50	108387	0	4
2025.04.28	08:00:00	3287.48	3336.11	3273.21	3325.11	168468	0	4
2025.04.28	16:00:00	3325.10	3353.00	3324.63	3337.76	70737	0	4
2025.04.29	00:00:00	3337.82	3340.13	3305.17	3322.87	96559	0	4
2025.04.29	08:00:00	3322.91	3324.93	3299.80	3312.44	127940	0	4
2025.04.29	16:00:00	3312.43	3330.03	3311.08	3317.08	52150	0	4
2025.04.30	00:00:00	3317.09	3328.05	3301.35	3307.18	85352	0	4
2025.04.30	08:00:00	3307.21	3319.74	3266.95	3308.14	173480	0	4
2025.04.30	16:00:00	3308.16	3314.34	3269.83	3272.99	55342	0	4
2025.05.01	00:00:00	3273.07	3276.35	3221.29	3230.24	94303	0	4
2025.05.01	08:00:00	3230.28	3236.84	3201.99	3216.53	153914	0	4
2025.05.01	16:00:00	3216.54	3241.33	3208.98	3237.39	57791	0	4
2025.05.02	00:00:00	3237.46	3263.37	3227.48	3259.02	86140	0	4
2025.05.02	08:00:00	3259.03	3269.33	3230.39	3231.62	168584	0	4
2025.05.02	16:00:00	3231.61	3241.37	3222.90	3241.29	92532	0	4
2025.05.04	16:00:00	3241.61	3252.43	3238.92	3248.09	7700	0	4
2025.05.05	00:00:00	3248.12	3272.38	3241.28	3264.86	92122	0	4
2025.05.05	08:00:00	3264.84	3328.89	3263.19	3312.12	146141	0	4
2025.05.05	16:00:00	3312.09	3337.65	3305.71	3334.16	54606	0	4
2025.05.06	00:00:00	3334.15	3387.13	3323.39	3371.25	139243	0	4
2025.05.06	08:00:00	3371.26	3399.89	3368.62	3395.17	146017	0	4
2025.05.06	16:00:00	3395.19	3434.98	3379.80	3400.81	75276	0	4
2025.05.07	00:00:00	3400.80	3401.59	3360.30	3388.16	129183	0	4
2025.05.07	08:00:00	3388.17	3398.10	3369.31	3385.24	134267	0	4
2025.05.07	16:00:00	3385.23	3397.98	3363.79	3376.44	79129	0	4
2025.05.08	00:00:00	3376.50	3414.83	3320.42	3343.10	145258	0	4
2025.05.08	08:00:00	3343.11	3369.53	3327.01	3330.70	142100	0	4
2025.05.08	16:00:00	3330.57	3330.57	3288.83	3316.50	82680	0	4
2025.05.09	00:00:00	3316.54	3332.43	3274.74	3327.26	130911	0	4
2025.05.09	08:00:00	3327.35	3346.26	3320.37	3345.05	130883	0	4
2025.05.09	16:00:00	3345.11	3347.47	3325.19	3326.64	42722	0	4
2025.05.11	16:00:00	3267.34	3289.03	3266.03	3287.73	11693	0	4
2025.05.12	00:00:00	3287.70	3290.17	3216.22	3222.59	156894	0	4
2025.05.12	08:00:00	3222.58	3248.65	3207.83	3239.32	144964	0	4
2025.05.12	16:00:00	3239.31	3240.15	3220.40	3236.92	50189	0	4
2025.05.13	00:00:00	3236.85	3265.57	3215.91	3259.15	88517	0	4
2025.05.13	08:00:00	3259.27	3261.32	3225.58	3253.40	104314	0	4
2025.05.13	16:00:00	3253.45	3257.89	3242.04	3254.50	36231	0	4
2025.05.14	00:00:00	3254.49	3254.73	3221.83	3238.09	86239	0	4
2025.05.14	08:00:00	3237.89	3243.87	3175.09	3182.69	120545	0	4
2025.05.14	16:00:00	3182.86	3190.90	3168.04	3186.15	47953	0	4
2025.05.15	00:00:00	3186.09	3192.77	3120.87	3142.36	96010	0	4
2025.05.15	08:00:00	3142.31	3220.23	3139.14	3219.88	114019	0	4
2025.05.15	16:00:00	3219.89	3248.20	3215.96	3237.18	47559	0	4
2025.05.16	00:00:00	3237.19	3244.65	3205.44	3207.75	86866	0	4
2025.05.16	08:00:00	3207.76	3213.01	3154.32	3183.53	104580	0	4
2025.05.16	16:00:00	3183.54	3203.01	3180.55	3202.39	34833	0	4
2025.05.18	16:00:00	3240.60	3245.20	3226.67	3234.94	7407	0	4
2025.05.19	00:00:00	3234.92	3249.83	3206.76	3232.53	85751	0	4
2025.05.19	08:00:00	3232.48	3248.55	3217.26	3231.73	92564	0	4
2025.05.19	16:00:00	3231.66	3235.90	3219.03	3222.55	34284	0	4
2025.05.20	00:00:00	3222.56	3232.76	3204.63	3222.94	77080	0	4
2025.05.20	08:00:00	3222.93	3285.83	3218.36	3277.33	105549	0	4
2025.05.20	16:00:00	3277.31	3295.75	3275.29	3290.68	43313	0	4
2025.05.21	00:00:00	3290.69	3320.65	3285.46	3309.91	86917	0	4
2025.05.21	08:00:00	3309.89	3318.32	3290.81	3311.99	106667	0	4
2025.05.21	16:00:00	3312.04	3324.88	3302.81	3320.15	48425	0	4
2025.05.22	00:00:00	3320.12	3345.46	3319.52	3327.66	82799	0	4
2025.05.22	08:00:00	3327.64	3329.94	3279.38	3294.79	133858	0	4
2025.05.22	16:00:00	3294.90	3304.94	3289.12	3300.14	42503	0	4
2025.05.23	00:00:00	3300.16	3334.44	3287.14	3329.30	79889	0	4
2025.05.23	08:00:00	3329.28	3364.66	3322.69	3361.65	119534	0	4
2025.05.23	16:00:00	3361.91	3365.94	3356.28	3356.33	35753	0	4
2025.05.25	16:00:00	3349.90	3350.73	3341.44	3342.68	3878	0	4
2025.05.26	00:00:00	3342.67	3356.79	3331.57	3337.36	64724	0	4
2025.05.26	08:00:00	3337.42	3341.69	3323.43	3337.97	53693	0	4
2025.05.26	16:00:00	3338.09	3348.47	3337.65	3346.22	8439	0	4
2025.05.27	00:00:00	3346.25	3350.03	3292.73	3296.41	75232	0	4
2025.05.27	08:00:00	3296.38	3310.46	3285.38	3293.66	108873	0	4
2025.05.27	16:00:00	3293.57	3310.97	3293.18	3309.47	33210	0	4
2025.05.28	00:00:00	3309.54	3322.42	3291.74	3319.32	64016	0	4
2025.05.28	08:00:00	3319.37	3325.49	3292.63	3296.16	85133	0	4
2025.05.28	16:00:00	3296.23	3303.17	3250.14	3259.87	49938	0	4
2025.05.29	00:00:00	3259.90	3287.50	3245.51	3286.66	84309	0	4
2025.05.29	08:00:00	3286.67	3322.11	3276.29	3321.58	101519	0	4
2025.05.29	16:00:00	3321.75	3331.06	3313.01	3315.60	38059	0	4
2025.05.30	00:00:00	3315.62	3322.71	3287.34	3295.03	69820	0	4
2025.05.30	08:00:00	3294.87	3308.33	3271.67	3288.75	103333	0	4
2025.05.30	16:00:00	3288.73	3295.83	3284.04	3289.64	34094	0	4
2025.06.01	16:00:00	3315.06	3315.24	3309.32	3310.23	4149	0	4
2025.06.02	00:00:00	3310.18	3359.13	3301.53	3352.65	70533	0	4
2025.06.02	08:00:00	3352.64	3378.88	3344.53	3374.38	104182	0	4
2025.06.02	16:00:00	3374.40	3392.15	3369.38	3387.47	42681	0	4
2025.06.03	00:00:00	3387.46	3388.73	3351.18	3359.70	80497	0	4
2025.06.03	08:00:00	3359.78	3364.85	3333.23	3350.28	93684	0	4
2025.06.03	16:00:00	3350.32	3361.69	3344.68	3360.00	31662	0	4
2025.06.04	00:00:00	3360.08	3372.63	3346.49	3354.72	72153	0	4
2025.06.04	08:00:00	3354.58	3384.68	3343.84	3371.74	101048	0	4
2025.06.04	16:00:00	3371.75	3382.18	3370.74	3378.16	31609	0	4
2025.06.05	00:00:00	3378.18	3384.19	3361.25	3371.29	65095	0	4
2025.06.05	08:00:00	3371.32	3403.51	3339.60	3344.81	133137	0	4
2025.06.05	16:00:00	3344.82	3362.65	3340.01	3361.92	51078	0	4
2025.06.06	00:00:00	3361.91	3375.65	3352.85	3359.50	72199	0	4
2025.06.06	08:00:00	3359.71	3367.83	3316.64	3332.26	117598	0	4
2025.06.06	16:00:00	3332.14	3332.75	3307.15	3311.60	39168	0	4
2025.06.08	16:00:00	3317.34	3318.57	3313.48	3318.08	3896	0	4
2025.06.09	00:00:00	3316.70	3328.56	3293.70	3324.19	73502	0	4
2025.06.09	08:00:00	3324.21	3332.12	3310.78	3328.71	85637	0	4
2025.06.09	16:00:00	3328.74	3338.16	3324.27	3326.83	32497	0	4
2025.06.10	00:00:00	3326.88	3332.19	3302.04	3330.12	83450	0	4
2025.06.10	08:00:00	3330.22	3349.14	3323.30	3326.75	91160	0	4
2025.06.10	16:00:00	3326.72	3334.54	3315.66	3327.97	37678	0	4
2025.06.11	00:00:00	3328.03	3348.55	3325.16	3345.75	67822	0	4
2025.06.11	08:00:00	3345.34	3360.76	3326.24	3333.24	105470	0	4
2025.06.11	16:00:00	3333.28	3373.00	3319.59	3365.50	53343	0	4
2025.06.12	00:00:00	3365.67	3377.86	3338.70	3346.22	86858	0	4
2025.06.12	08:00:00	3346.25	3398.96	3346.25	3385.90	122598	0	4
2025.06.12	16:00:00	3385.89	3396.23	3378.18	3395.86	41538	0	4
2025.06.13	00:00:00	3395.78	3444.49	3391.85	3415.01	114783	0	4
2025.06.13	08:00:00	3415.00	3446.81	3411.67	3426.28	112432	0	4
2025.06.13	16:00:00	3426.31	3439.51	3419.36	3433.70	43161	0	4
2025.06.15	16:00:00	3448.85	3449.35	3439.59	3444.24	5628	0	4
2025.06.16	00:00:00	3444.22	3451.30	3409.60	3412.66	73579	0	4
2025.06.16	08:00:00	3412.65	3422.63	3383.10	3404.44	92892	0	4
2025.06.16	16:00:00	3404.45	3404.90	3382.96	3402.89	37639	0	4
2025.06.17	00:00:00	3402.94	3403.33	3374.07	3387.83	67274	0	4
2025.06.17	08:00:00	3387.80	3400.18	3366.22	3379.30	100407	0	4
2025.06.17	16:00:00	3379.31	3392.55	3376.72	3387.37	39800	0	4
2025.06.18	00:00:00	3387.35	3400.02	3370.69	3385.95	67538	0	4
2025.06.18	08:00:00	3385.97	3396.83	3373.82	3392.73	80588	0	4
2025.06.18	16:00:00	3392.72	3395.81	3362.60	3375.16	54924	0	4
2025.06.19	00:00:00	3375.14	3387.98	3347.56	3365.99	74219	0	4
2025.06.19	08:00:00	3366.00	3379.06	3361.57	3369.31	72836	0	4
2025.06.19	16:00:00	3369.26	3374.25	3364.52	3368.80	11471	0	4
2025.06.20	00:00:00	3368.81	3370.40	3340.44	3347.79	70404	0	4
2025.06.20	08:00:00	3347.80	3374.59	3342.05	3369.89	80723	0	4
2025.06.20	16:00:00	3369.95	3373.39	3364.71	3368.65	23813	0	4
2025.06.22	16:00:00	3374.46	3378.43	3371.37	3372.80	5531	0	4
2025.06.23	00:00:00	3372.89	3373.63	3347.11	3357.67	74925	0	4
2025.06.23	08:00:00	3357.65	3389.85	3356.00	3387.34	97412	0	4
2025.06.23	16:00:00	3387.33	3393.56	3341.70	3344.38	54063	0	4
2025.06.24	00:00:00	3344.22	3357.93	3316.13	3329.70	87172	0	4
2025.06.24	08:00:00	3329.83	3332.43	3295.55	3313.27	102832	0	4
2025.06.24	16:00:00	3313.31	3325.24	3311.34	3324.22	32436	0	4
2025.06.25	00:00:00	3324.21	3337.11	3323.69	3330.69	55467	0	4
2025.06.25	08:00:00	3330.67	3332.40	3312.02	3325.71	76088	0	4
2025.06.25	16:00:00	3325.75	3340.09	3324.21	3339.12	39279	0	4
2025.06.26	00:00:00	3339.17	3347.20	3329.33	3346.14	58386	0	4
2025.06.26	08:00:00	3346.15	3350.39	3310.02	3324.90	96737	0	4
2025.06.26	16:00:00	3324.92	3336.45	3316.37	3318.80	35316	0	4
2025.06.27	00:00:00	3318.76	3322.07	3283.68	3284.52	76602	0	4
2025.06.27	08:00:00	3284.53	3291.20	3255.76	3274.63	104051	0	4
2025.06.27	16:00:00	3274.60	3282.88	3268.47	3274.55	36009	0	4
2025.06.29	16:00:00	3270.38	3270.85	3262.99	3264.01	4949	0	4
2025.06.30	00:00:00	3263.90	3296.89	3259.47	3292.97	62681	0	4
2025.06.30	08:00:00	3292.87	3296.56	3274.66	3289.68	74110	0	4
2025.06.30	16:00:00	3289.70	3312.56	3289.24	3312.54	34240	0	4
2025.07.01	00:00:00	3312.52	3339.88	3310.00	3339.57	63716	0	4
2025.07.01	08:00:00	3339.52	3357.97	3336.82	3340.24	92184	0	4
2025.07.01	16:00:00	3340.25	3343.49	3336.87	3338.17	34402	0	4
2025.07.02	00:00:00	3338.23	3344.96	3327.73	3334.72	59522	0	4
2025.07.02	08:00:00	3334.58	3351.10	3332.90	3340.98	84244	0	4
2025.07.02	16:00:00	3341.02	3362.37	3340.97	3349.42	37497	0	4
2025.07.03	00:00:00	3349.70	3363.72	3341.94	3353.16	55983	0	4
2025.07.03	08:00:00	3353.18	3358.40	3311.70	3328.08	95049	0	4
2025.07.03	16:00:00	3328.13	3334.85	3325.46	3330.89	23562	0	4
2025.07.04	00:00:00	3330.85	3345.12	3325.93	3342.93	46547	0	4
2025.07.04	08:00:00	3342.89	3344.24	3330.89	3332.51	48345	0	4
2025.07.04	16:00:00	3332.53	3335.96	3332.35	3335.21	2504	0	4
2025.07.06	16:00:00	3341.17	3341.75	3332.48	3333.50	4413	0	4
2025.07.07	00:00:00	3333.49	3334.59	3305.38	3310.05	78005	0	4
2025.07.07	08:00:00	3309.99	3321.32	3296.48	3318.04	79620	0	4
2025.07.07	16:00:00	3318.02	3345.85	3316.17	3339.84	48404	0	4
2025.07.08	00:00:00	3339.86	3340.12	3327.41	3335.81	65439	0	4
2025.07.08	08:00:00	3335.80	3339.50	3294.46	3296.64	82955	0	4
2025.07.08	16:00:00	3296.63	3310.44	3287.22	3301.68	56657	0	4
2025.07.09	00:00:00	3301.62	3308.05	3285.06	3292.36	72794	0	4
2025.07.09	08:00:00	3292.38	3312.90	3282.73	3312.29	71540	0	4
2025.07.09	16:00:00	3312.30	3321.16	3306.44	3319.61	41088	0	4
2025.07.10	00:00:00	3319.59	3328.46	3314.92	3325.37	48429	0	4
2025.07.10	08:00:00	3325.34	3330.49	3310.14	3315.04	70195	0	4
2025.07.10	16:00:00	3315.06	3326.51	3312.22	3323.33	39795	0	4
2025.07.11	00:00:00	3323.31	3343.91	3323.05	3332.59	64591	0	4
2025.07.11	08:00:00	3332.49	3363.86	3331.21	3361.27	94386	0	4
2025.07.11	16:00:00	3361.21	3368.82	3349.30	3357.27	57937	0	4
2025.07.13	16:00:00	3361.23	3371.19	3359.78	3369.41	6606	0	4
2025.07.14	00:00:00	3369.49	3374.12	3353.70	3368.97	78500	0	4
2025.07.14	08:00:00	3368.96	3375.01	3341.05	3343.08	87803	0	4
2025.07.14	16:00:00	3343.02	3351.77	3341.31	3345.69	48243	0	4
2025.07.15	00:00:00	3345.51	3365.25	3344.02	3358.25	49200	0	4
2025.07.15	08:00:00	3358.30	3366.37	3334.56	3347.95	80206	0	4
2025.07.15	16:00:00	3348.00	3349.92	3320.25	3326.65	52376	0	4
2025.07.16	00:00:00	3326.75	3342.09	3325.08	3339.28	49264	0	4
2025.07.16	08:00:00	3339.29	3343.08	3319.70	3338.18	77407	0	4
2025.07.16	16:00:00	3338.02	3377.48	3336.33	3349.64	74134	0	4
2025.07.17	00:00:00	3349.66	3350.25	3328.24	3335.45	54536	0	4
2025.07.17	08:00:00	3335.44	3336.24	3309.89	3334.25	83918	0	4
2025.07.17	16:00:00	3334.27	3343.97	3331.33	3343.34	40388	0	4
2025.07.18	00:00:00	3343.33	3344.25	3331.88	3342.19	50965	0	4
2025.07.18	08:00:00	3342.16	3361.33	3340.75	3354.86	64356	0	4
2025.07.18	16:00:00	3354.87	3357.54	3347.71	3350.38	34243	0	4
2025.07.20	16:00:00	3348.64	3350.06	3345.10	3347.88	2632	0	4
2025.07.21	00:00:00	3347.84	3370.81	3345.53	3368.30	48464	0	4
2025.07.21	08:00:00	3368.26	3401.49	3362.91	3400.43	82791	0	4
2025.07.21	16:00:00	3400.39	3401.11	3391.62	3399.43	56032	0	4
2025.07.22	00:00:00	3399.54	3402.76	3384.38	3384.84	49745	0	4
2025.07.22	08:00:00	3384.87	3427.75	3383.33	3426.31	86603	0	4
2025.07.22	16:00:00	3426.36	3433.57	3423.79	3427.98	58665	0	4
2025.07.23	00:00:00	3427.99	3439.00	3416.45	3425.20	64511	0	4
2025.07.23	08:00:00	3425.18	3433.85	3405.63	3413.58	83710	0	4
2025.07.23	16:00:00	3413.60	3415.91	3381.68	3386.89	66448	0	4
2025.07.24	00:00:00	3386.93	3393.34	3370.18	3376.08	60165	0	4
2025.07.24	08:00:00	3376.01	3377.65	3351.45	3373.75	79234	0	4
2025.07.24	16:00:00	3373.71	3375.30	3365.37	3368.79	43040	0	4
2025.07.25	00:00:00	3368.68	3373.54	3354.79	3359.45	45600	0	4
2025.07.25	08:00:00	3359.40	3360.13	3330.70	3331.83	75916	0	4
2025.07.25	16:00:00	3331.82	3340.28	3325.13	3336.19	49014	0	4
2025.07.27	16:00:00	3328.92	3335.41	3323.89	3329.72	5910	0	4
2025.07.28	00:00:00	3329.70	3345.43	3327.77	3340.12	51166	0	4
2025.07.28	08:00:00	3340.13	3341.96	3301.86	3307.97	76950	0	4
2025.07.28	16:00:00	3307.94	3318.88	3306.71	3314.83	47241	0	4
2025.07.29	00:00:00	3314.75	3322.37	3308.05	3317.05	48630	0	4
2025.07.29	08:00:00	3317.09	3329.97	3311.30	3329.03	77089	0	4
2025.07.29	16:00:00	3329.02	3334.21	3319.12	3327.80	47364	0	4
2025.07.30	00:00:00	3327.93	3333.68	3321.87	3327.30	44055	0	4
2025.07.30	08:00:00	3327.31	3334.06	3298.48	3302.17	73218	0	4
2025.07.30	16:00:00	3302.19	3304.89	3268.11	3279.01	72633	0	4
2025.07.31	00:00:00	3279.05	3304.76	3277.93	3299.15	52092	0	4
2025.07.31	08:00:00	3299.20	3314.88	3291.64	3296.38	90485	0	4
2025.07.31	16:00:00	3296.29	3299.08	3289.61	3295.01	56073	0	4
2025.08.01	00:00:00	3295.02	3300.45	3281.67	3292.36	51525	0	4
2025.08.01	08:00:00	3292.38	3355.14	3285.29	3345.83	101763	0	4
2025.08.01	16:00:00	3345.82	3363.64	3340.61	3363.50	60713	0	4
2025.08.03	16:00:00	3364.24	3364.43	3357.76	3359.22	4361	0	4
2025.08.04	00:00:00	3359.25	3362.65	3345.08	3362.65	47592	0	4
2025.08.04	08:00:00	3362.60	3385.44	3351.78	3374.13	79503	0	4
2025.08.04	16:00:00	3374.10	3378.21	3370.66	3374.81	41591	0	4
2025.08.05	00:00:00	3374.84	3382.54	3365.85	3366.29	38074	0	4
2025.08.05	08:00:00	3366.28	3386.59	3349.94	3385.27	81399	0	4
2025.08.05	16:00:00	3385.33	3390.46	3376.99	3379.72	41264	0	4
2025.08.06	00:00:00	3379.64	3385.39	3370.70	3375.21	37402	0	4
2025.08.06	08:00:00	3375.18	3379.41	3358.21	3379.38	68604	0	4
2025.08.06	16:00:00	3379.37	3379.98	3367.28	3372.03	47822	0	4
2025.08.07	00:00:00	3371.99	3387.86	3365.15	3387.86	45595	0	4
2025.08.07	08:00:00	3387.88	3397.49	3371.90	3387.98	82216	0	4
2025.08.07	16:00:00	3388.25	3408.81	3384.38	3404.37	51835	0	4
2025.08.08	00:00:00	3404.25	3407.15	3381.41	3393.73	76396	0	0
2025.08.08	08:00:00	3393.71	3404.31	3380.41	3390.64	97263	0	4
2025.08.08	16:00:00	3390.65	3404.61	3377.34	3397.04	54226	0	4
2025.08.10	16:00:00	3400.65	3401.75	3390.51	3395.29	3928	0	4
2025.08.11	00:00:00	3395.30	3396.93	3363.69	3365.73	84754	0	4
2025.08.11	08:00:00	3365.62	3366.53	3341.51	3346.36	126091	0	4
2025.08.11	16:00:00	3346.35	3358.86	3341.34	3347.20	66586	0	4
2025.08.12	00:00:00	3347.18	3357.48	3342.30	3345.41	60266	0	4
2025.08.12	08:00:00	3345.50	3358.17	3331.17	3337.53	119330	0	4
2025.08.12	16:00:00	3337.49	3359.35	3336.91	3350.60	63895	0	4
2025.08.13	00:00:00	3350.59	3357.66	3342.78	3357.14	51426	0	4
2025.08.13	08:00:00	3357.05	3370.79	3352.93	3363.14	84388	0	4
2025.08.13	16:00:00	3363.15	3363.67	3349.98	3357.59	37335	0	4
2025.08.14	00:00:00	3357.57	3374.79	3355.58	3362.03	59709	0	4
2025.08.14	08:00:00	3362.04	3366.44	3334.31	3340.60	113468	0	4
2025.08.14	16:00:00	3340.59	3342.89	3329.89	3333.43	54458	0	4
2025.08.15	00:00:00	3333.46	3348.75	3332.31	3340.45	46259	0	4
2025.08.15	08:00:00	3340.54	3348.32	3333.00	3341.85	87515	0	4
2025.08.15	16:00:00	3341.84	3345.12	3334.46	3335.99	39632	0	4
2025.08.17	16:00:00	3334.59	3335.35	3333.04	3334.41	2830	0	4
2025.08.18	00:00:00	3334.43	3358.52	3323.60	3349.60	62684	0	4
2025.08.18	08:00:00	3349.68	3355.73	3332.49	3334.35	65557	0	4
2025.08.18	16:00:00	3334.42	3336.90	3330.35	3334.44	30388	0	4
2025.08.19	00:00:00	3334.45	3341.62	3326.07	3336.10	46978	0	4
2025.08.19	08:00:00	3336.12	3345.33	3321.01	3325.34	63102	0	4
2025.08.19	16:00:00	3325.36	3326.85	3315.01	3316.93	37584	0	4
2025.08.20	00:00:00	3316.91	3325.99	3311.61	3323.11	45793	0	4
2025.08.20	08:00:00	3323.12	3350.33	3321.03	3347.00	68556	0	4
2025.08.20	16:00:00	3346.99	3352.14	3338.95	3349.70	34123	0	4
2025.08.21	00:00:00	3349.69	3349.69	3334.36	3336.65	36356	0	4
2025.08.21	08:00:00	3336.62	3348.18	3325.07	3344.27	78557	0	4
2025.08.21	16:00:00	3344.25	3346.24	3336.63	3338.97	35764	0	4
2025.08.22	00:00:00	3338.99	3340.32	3325.84	3329.56	37720	0	4
2025.08.22	08:00:00	3329.54	3376.75	3321.49	3373.91	88531	0	4
2025.08.22	16:00:00	3373.92	3378.85	3367.40	3371.88	48774	0	4
2025.08.24	16:00:00	3368.78	3370.19	3365.97	3367.32	2553	0	4
2025.08.25	00:00:00	3367.33	3371.10	3359.88	3369.00	38466	0	4
2025.08.25	08:00:00	3368.93	3375.47	3362.00	3374.44	56016	0	4
2025.08.25	16:00:00	3374.43	3376.32	3363.81	3364.25	38570	0	4
2025.08.26	00:00:00	3364.26	3386.47	3351.31	3376.23	86687	0	4
2025.08.26	08:00:00	3376.22	3380.33	3367.27	3379.39	94657	0	4
2025.08.26	16:00:00	3379.40	3393.63	3378.73	3391.18	49318	0	4
2025.08.27	00:00:00	3391.24	3393.56	3373.98	3377.54	56071	0	4
2025.08.27	08:00:00	3377.53	3386.89	3373.83	3386.57	89026	0	4
2025.08.27	16:00:00	3386.58	3398.92	3385.22	3395.84	56322	0	4
2025.08.28	00:00:00	3395.82	3399.36	3384.63	3395.38	65253	0	4
2025.08.28	08:00:00	3395.33	3413.52	3393.69	3412.28	121001	0	4
2025.08.28	16:00:00	3412.29	3423.27	3404.59	3416.86	64412	0	4
2025.08.29	00:00:00	3416.83	3417.93	3407.06	3410.24	57592	0	4
2025.08.29	08:00:00	3410.18	3441.18	3404.35	3441.06	119899	0	4
2025.08.29	16:00:00	3441.07	3454.09	3439.04	3448.20	89143	0	4
2025.08.31	16:00:00	3446.05	3452.64	3442.46	3450.41	5006	0	4
2025.09.01	00:00:00	3450.40	3489.88	3437.03	3479.19	140889	0	3
2025.09.01	08:00:00	3479.26	3481.48	3466.36	3475.70	126669	0	3
2025.09.01	16:00:00	3475.71	3480.13	3472.41	3475.32	28246	0	3
2025.09.02	00:00:00	3475.38	3508.84	3474.64	3485.62	141231	0	3
2025.09.02	08:00:00	3485.67	3514.16	3470.17	3511.20	221205	0	3
2025.09.02	16:00:00	3511.19	3540.09	3509.72	3529.43	99639	0	3
2025.09.03	00:00:00	3529.49	3546.94	3526.39	3535.44	125296	0	3
2025.09.03	08:00:00	3535.36	3565.73	3529.31	3558.48	190966	0	3
2025.09.03	16:00:00	3558.56	3578.53	3557.54	3561.85	121481	0	3
2025.09.04	00:00:00	3561.79	3563.49	3511.27	3536.10	153589	0	3
2025.09.04	08:00:00	3536.13	3558.91	3532.76	3545.98	174983	0	3
2025.09.04	16:00:00	3546.05	3556.41	3540.15	3541.01	72313	0	3
2025.09.05	00:00:00	3541.04	3561.17	3540.96	3552.57	92438	0	3
2025.09.05	08:00:00	3552.59	3598.03	3544.91	3590.36	221526	0	3
2025.09.05	16:00:00	3590.34	3600.22	3581.88	3587.40	116149	0	3
2025.09.07	16:00:00	3592.47	3597.01	3587.09	3592.21	19629	0	3
2025.09.08	00:00:00	3592.28	3598.88	3579.68	3598.09	124415	0	3
2025.09.08	08:00:00	3598.10	3640.90	3596.45	3640.74	170228	0	3
2025.09.08	16:00:00	3640.75	3646.47	3628.93	3629.51	101785	0	3
2025.09.09	00:00:00	3629.50	3659.39	3628.38	3647.61	140871	0	3
2025.09.09	08:00:00	3647.59	3674.64	3636.30	3645.16	183318	0	3
2025.09.09	16:00:00	3645.02	3649.51	3623.03	3635.55	90428	0	3
2025.09.10	00:00:00	3635.54	3647.71	3620.42	3643.66	105686	0	3
2025.09.10	08:00:00	3643.68	3657.62	3640.47	3647.66	159137	0	3
2025.09.10	16:00:00	3647.68	3649.74	3635.25	3639.85	57430	0	3
2025.09.11	00:00:00	3639.97	3649.15	3622.81	3633.24	60443	0	3
2025.09.11	08:00:00	3633.37	3644.01	3614.28	3629.57	107347	0	3
2025.09.11	16:00:00	3629.59	3642.05	3629.58	3634.99	50920	0	3
2025.09.12	00:00:00	3634.98	3656.70	3630.56	3650.65	60480	0	3
2025.09.12	08:00:00	3650.70	3654.39	3637.74	3648.02	95979	0	3
2025.09.12	16:00:00	3648.05	3650.70	3641.51	3643.43	43004	0	3
2025.09.14	16:00:00	3644.71	3646.10	3639.71	3642.16	2988	0	3
2025.09.15	00:00:00	3642.19	3646.89	3626.64	3636.70	55373	0	3
2025.09.15	08:00:00	3636.67	3664.34	3633.80	3663.55	97984	0	3
2025.09.15	16:00:00	3663.56	3685.69	3663.17	3678.93	64981	0	3
2025.09.16	00:00:00	3678.95	3694.16	3674.82	3693.48	60314	0	3
2025.09.16	08:00:00	3693.42	3703.09	3685.18	3686.39	128596	0	3
2025.09.16	16:00:00	3686.46	3693.85	3678.89	3691.96	75741	0	3
2025.09.17	00:00:00	3691.98	3695.37	3670.48	3675.06	80378	0	3
2025.09.17	08:00:00	3675.04	3686.18	3660.10	3684.40	136259	0	3
2025.09.17	16:00:00	3684.34	3707.61	3646.20	3663.06	139458	0	3
2025.09.18	00:00:00	3663.03	3672.08	3634.08	3637.56	106310	0	3
2025.09.18	08:00:00	3637.54	3673.05	3627.96	3638.45	160084	0	3
2025.09.18	16:00:00	3638.46	3647.29	3636.95	3640.35	73351	0	3
2025.09.19	00:00:00	3640.33	3661.26	3632.33	3646.98	97045	0	3
2025.09.19	08:00:00	3646.99	3669.38	3643.75	3667.05	128019	0	3
2025.09.19	16:00:00	3667.06	3685.35	3665.40	3684.87	80579	0	3
2025.09.21	16:00:00	3687.89	3692.21	3683.89	3688.50	5921	0	3
2025.09.22	00:00:00	3688.49	3719.98	3685.69	3714.42	97207	0	3
2025.09.22	08:00:00	3714.48	3728.37	3708.75	3725.94	147333	0	3
2025.09.22	16:00:00	3725.95	3748.95	3723.55	3740.07	76798	0	3
2025.09.23	00:00:00	3740.11	3759.29	3736.79	3754.00	115924	0	3
2025.09.23	08:00:00	3753.98	3791.14	3749.06	3774.08	175526	0	3
2025.09.23	16:00:00	3774.10	3785.80	3752.07	3765.48	119766	0	3
2025.09.24	00:00:00	3765.42	3777.04	3750.74	3771.22	98484	0	3
2025.09.24	08:00:00	3771.25	3779.35	3749.67	3752.70	141835	0	3
2025.09.24	16:00:00	3752.69	3756.68	3717.49	3741.12	100813	0	3
2025.09.25	00:00:00	3741.13	3751.59	3729.69	3741.08	85519	0	3
2025.09.25	08:00:00	3741.07	3761.53	3722.08	3731.58	180292	0	3
2025.09.25	16:00:00	3731.60	3758.34	3728.10	3748.83	103826	0	3
2025.09.26	00:00:00	3748.88	3754.11	3734.51	3743.62	89121	0	3
2025.09.26	08:00:00	3743.65	3783.77	3739.26	3779.01	122531	0	3
2025.09.26	16:00:00	3778.99	3783.27	3761.19	3761.57	67459	0	3
2025.09.28	16:00:00	3764.99	3771.01	3763.50	3770.53	4866	0	3
2025.09.29	00:00:00	3770.48	3819.90	3764.01	3817.47	103726	0	3
2025.09.29	08:00:00	3817.43	3831.41	3805.14	3828.24	120889	0	3
2025.09.29	16:00:00	3828.29	3834.12	3821.29	3830.76	73467	0	3
2025.09.30	00:00:00	3830.59	3871.75	3828.13	3856.08	111991	0	3
2025.09.30	08:00:00	3856.01	3859.48	3793.24	3854.15	192634	0	3
2025.09.30	16:00:00	3854.14	3861.42	3831.29	3860.04	102318	0	3
2025.10.01	00:00:00	3860.05	3875.49	3853.47	3859.19	90019	0	3
2025.10.01	08:00:00	3859.29	3895.32	3856.40	3873.08	172643	0	3
2025.10.01	16:00:00	3873.07	3876.92	3855.08	3862.15	105511	0	3
2025.10.02	00:00:00	3862.18	3874.29	3852.95	3864.21	77726	0	3
2025.10.02	08:00:00	3864.24	3896.90	3825.45	3839.99	168001	0	3
2025.10.02	16:00:00	3839.95	3859.46	3819.53	3857.16	112891	0	3
2025.10.03	00:00:00	3857.17	3863.77	3838.04	3859.25	88875	0	3
2025.10.03	08:00:00	3859.29	3890.65	3854.98	3879.73	142979	0	3
2025.10.03	16:00:00	3879.72	3891.76	3873.92	3886.75	101655	0	3
2025.10.05	16:00:00	3888.60	3903.55	3884.23	3900.88	9379	0	4
2025.10.06	00:00:00	3900.91	3945.14	3898.37	3934.34	152789	0	2
2025.10.06	08:00:00	3934.08	3958.85	3926.51	3955.14	200394	0	2
2025.10.06	16:00:00	3955.13	3976.27	3945.91	3963.44	125389	0	2
2025.10.07	00:00:00	3963.39	3977.51	3953.91	3955.25	136087	0	2
2025.10.07	08:00:00	3955.26	3986.77	3940.97	3985.60	201834	0	2
2025.10.07	16:00:00	3985.62	3991.02	3961.93	3989.54	148758	0	2
2025.10.08	00:00:00	3989.52	4037.13	3984.56	4031.64	139355	0	2
2025.10.08	08:00:00	4031.57	4049.67	4026.18	4048.27	186278	0	2
2025.10.08	16:00:00	4048.23	4059.29	4015.35	4021.33	153686	0	2
2025.10.09	00:00:00	4021.35	4043.82	4001.40	4025.94	186117	0	2
2025.10.09	08:00:00	4025.98	4057.98	4004.09	4024.31	205207	0	3
2025.10.09	16:00:00	4024.21	4028.74	3944.79	3975.36	200782	0	2
2025.10.10	00:00:00	3975.37	3994.50	3947.01	3968.50	159544	0	2
2025.10.10	08:00:00	3968.49	4006.72	3952.65	3989.77	223934	0	2
2025.10.10	16:00:00	3989.82	4022.93	3975.23	4019.08	186182	0	2
2025.10.12	16:00:00	4013.05	4045.38	4008.22	4042.43	12772	0	2
2025.10.13	00:00:00	4042.39	4078.23	4024.61	4069.51	147152	0	3
2025.10.13	08:00:00	4069.42	4103.87	4066.64	4097.65	154445	0	2
2025.10.13	16:00:00	4097.62	4116.98	4090.79	4115.06	113799	0	2
2025.10.14	00:00:00	4114.95	4179.82	4090.64	4112.27	204180	0	2
2025.10.14	08:00:00	4111.90	4145.20	4098.01	4129.24	231777	0	2
2025.10.14	16:00:00	4129.20	4163.76	4126.23	4158.48	148101	0	3
2025.10.15	00:00:00	4158.49	4200.30	4154.01	4199.46	107725	0	2
2025.10.15	08:00:00	4199.44	4218.26	4175.21	4200.09	166188	0	2
2025.10.15	16:00:00	4200.16	4215.66	4179.85	4213.40	135979	0	3
2025.10.16	00:00:00	4213.37	4242.07	4203.66	4222.69	138331	0	3
2025.10.16	08:00:00	4222.71	4267.63	4222.18	4263.38	156717	0	3
2025.10.16	16:00:00	4263.36	4379.60	4261.05	4346.65	175831	0	3
2025.10.17	00:00:00	4346.78	4379.26	4279.06	4360.54	214987	0	3
2025.10.17	08:00:00	4360.52	4362.07	4217.06	4249.12	265086	0	2
2025.10.17	16:00:00	4248.94	4259.44	4186.95	4247.67	184903	0	2
2025.10.19	16:00:00	4258.83	4268.54	4245.36	4256.13	10482	0	3
2025.10.20	00:00:00	4256.03	4271.27	4219.07	4236.30	172213	0	3
2025.10.20	08:00:00	4236.29	4334.77	4234.97	4332.54	187212	0	3
2025.10.20	16:00:00	4332.61	4381.77	4332.50	4367.40	134912	0	3
2025.10.21	00:00:00	4367.47	4372.35	4317.33	4343.24	138215	0	3
2025.10.21	08:00:00	4343.26	4343.26	4081.59	4139.27	262927	0	2
2025.10.21	16:00:00	4139.33	4150.61	4094.15	4123.15	176554	0	2
2025.10.22	00:00:00	4123.23	4161.38	4004.39	4155.76	180365	0	2
2025.10.22	08:00:00	4155.88	4156.46	4011.42	4015.42	207578	0	2
2025.10.22	16:00:00	4015.41	4113.57	4014.90	4102.18	116336	0	2
2025.10.23	00:00:00	4102.20	4137.89	4066.32	4113.70	111485	0	2
2025.10.23	08:00:00	4113.65	4154.81	4092.23	4148.21	133312	0	2
2025.10.23	16:00:00	4148.25	4151.79	4107.48	4116.00	82101	0	2
2025.10.24	00:00:00	4116.15	4144.43	4081.62	4092.27	83774	0	2
2025.10.24	08:00:00	4092.14	4134.93	4044.68	4117.59	138915	0	2
2025.10.24	16:00:00	4117.51	4138.75	4096.61	4113.08	84278	0	2
2025.10.26	16:00:00	4083.85	4109.34	4061.91	4064.57	24018	0	2
2025.10.27	00:00:00	4064.61	4097.76	4053.85	4068.88	104008	0	2
2025.10.27	08:00:00	4068.80	4070.41	3971.38	3989.89	152377	0	2
2025.10.27	16:00:00	3989.87	4010.24	3979.09	3998.64	84543	0	2
2025.10.28	00:00:00	3998.53	4019.72	3921.96	3932.51	107826	0	2
2025.10.28	08:00:00	3932.54	3969.58	3886.68	3964.93	147770	0	3
2025.10.28	16:00:00	3964.87	3970.31	3918.70	3964.99	78753	0	2
2025.10.29	00:00:00	3964.98	4000.86	3944.39	4000.86	103341	0	2
2025.10.29	08:00:00	4000.87	4030.13	3989.60	3993.11	134773	0	2
2025.10.29	16:00:00	3993.15	4007.47	3917.52	3952.91	108892	0	2
2025.10.30	00:00:00	3952.92	3982.58	3915.58	3961.33	133005	0	2
2025.10.30	08:00:00	3961.31	4014.80	3960.47	4001.91	153120	0	2
2025.10.30	16:00:00	4001.93	4046.28	3991.49	4036.66	90558	0	2
2025.10.31	00:00:00	4036.68	4039.34	3989.13	4021.07	133498	0	2
2025.10.31	08:00:00	4021.05	4036.21	3998.69	4012.97	131722	0	2
2025.10.31	16:00:00	4012.90	4015.24	3972.37	4003.90	76926	0	2
2025.11.02	16:00:00	3995.44	3999.16	3977.96	3980.56	9045	0	2
2025.11.03	00:00:00	3980.37	4025.96	3962.58	4025.28	102138	0	2
2025.11.03	08:00:00	4025.29	4030.46	3993.14	4008.71	133755	0	2
2025.11.03	16:00:00	4008.60	4015.03	3981.53	3997.29	78699	0	2
2025.11.04	00:00:00	3997.68	3999.36	3966.69	3993.92	95781	0	2
2025.11.04	08:00:00	3994.23	4000.69	3928.72	3956.80	111851	0	2
2025.11.04	16:00:00	3956.83	3975.51	3930.57	3934.68	89493	0	2
2025.11.05	00:00:00	3934.73	3978.64	3929.80	3972.63	91717	0	2
2025.11.05	08:00:00	3972.66	3987.11	3956.14	3978.30	94246	0	2
2025.11.05	16:00:00	3978.39	3990.54	3966.89	3973.81	56462	0	2
2025.11.06	00:00:00	3973.77	4009.31	3964.59	4005.85	66673	0	2
2025.11.06	08:00:00	4005.86	4019.64	3975.27	3980.39	111016	0	2
2025.11.06	16:00:00	3980.42	3995.29	3965.92	3989.22	87951	0	2
2025.11.07	00:00:00	3989.25	4009.94	3984.60	4007.75	62771	0	2
2025.11.07	08:00:00	4007.76	4014.25	3984.14	3991.03	92785	0	2
2025.11.07	16:00:00	3990.99	4027.49	3990.01	4001.48	78307	0	2
2025.11.09	16:00:00	4006.44	4012.21	4004.23	4011.91	5547	0	2
2025.11.10	00:00:00	4011.89	4079.07	4011.23	4075.36	82196	0	2
2025.11.10	08:00:00	4075.37	4106.03	4071.64	4084.42	104967	0	0
2025.11.10	16:00:00	4084.43	4122.81	4082.10	4120.06	72374	0	2
2025.11.11	00:00:00	4120.08	4149.06	4116.37	4129.71	80601	0	2
2025.11.11	08:00:00	4129.66	4146.80	4097.18	4106.58	98485	0	2
2025.11.11	16:00:00	4106.70	4144.75	4105.11	4142.69	71190	0	2
2025.11.12	00:00:00	4142.62	4145.65	4098.95	4117.05	96365	0	2
2025.11.12	08:00:00	4117.04	4185.57	4112.28	4181.49	121636	0	2
2025.11.12	16:00:00	4181.46	4211.75	4180.18	4191.19	104271	0	2
2025.11.13	00:00:00	4191.12	4220.19	4179.96	4220.07	108740	0	2
2025.11.13	08:00:00	4220.03	4245.19	4184.53	4202.65	133227	0	2
2025.11.13	16:00:00	4202.61	4211.01	4145.51	4186.04	113952	0	2
2025.11.14	00:00:00	4186.11	4211.32	4159.03	4181.24	111495	0	2
2025.11.14	08:00:00	4181.21	4187.01	4032.24	4093.64	156587	0	2
2025.11.14	16:00:00	4093.67	4111.19	4075.57	4085.04	87744	0	2
2025.11.16	16:00:00	4077.87	4106.84	4077.19	4096.44	9855	0	2
2025.11.17	00:00:00	4096.55	4102.03	4049.79	4088.21	106093	0	2
2025.11.17	08:00:00	4088.22	4095.96	4060.84	4064.47	117867	0	2
2025.11.17	16:00:00	4064.50	4081.02	4006.92	4036.78	102058	0	2
2025.11.18	00:00:00	4036.88	4045.22	3998.01	4013.77	103969	0	2
2025.11.18	08:00:00	4014.02	4081.94	4010.66	4052.96	132475	0	2
2025.11.18	16:00:00	4053.09	4082.33	4040.57	4076.86	100158	0	2
2025.11.19	00:00:00	4076.84	4098.68	4055.61	4086.90	90848	0	2
2025.11.19	08:00:00	4086.94	4132.94	4078.29	4096.63	128437	0	2
2025.11.19	16:00:00	4096.68	4108.27	4055.67	4104.61	121224	0	2
2025.11.20	00:00:00	4104.62	4110.21	4039.14	4060.04	107796	0	2
2025.11.20	08:00:00	4059.92	4107.19	4038.86	4070.43	140109	0	2
2025.11.20	16:00:00	4070.34	4088.80	4043.75	4079.01	124840	0	2
2025.11.21	00:00:00	4079.27	4081.47	4024.95	4031.71	114005	0	2
2025.11.21	08:00:00	4031.68	4083.96	4022.46	4069.74	155875	0	2
2025.11.21	16:00:00	4069.65	4101.14	4054.69	4065.96	98254	0	2
2025.11.23	16:00:00	4067.53	4077.74	4065.82	4075.19	8056	0	2
2025.11.24	00:00:00	4075.16	4076.14	4040.20	4060.13	88043	0	2
2025.11.24	08:00:00	4059.89	4093.93	4059.68	4091.78	100839	0	2
2025.11.24	16:00:00	4091.76	4144.24	4088.15	4143.80	76234	0	2
2025.11.25	00:00:00	4143.76	4156.01	4122.75	4132.56	100632	0	2
2025.11.25	08:00:00	4132.57	4150.84	4109.66	4123.07	120180	0	2
2025.11.25	16:00:00	4123.05	4159.38	4122.17	4133.80	87285	0	2
2025.11.26	00:00:00	4133.81	4169.54	4132.77	4157.31	94394	0	2
2025.11.26	08:00:00	4157.36	4173.44	4136.73	4165.41	111673	0	2
2025.11.26	16:00:00	4165.42	4171.62	4158.11	4164.70	70741	0	2
2025.11.27	00:00:00	4164.90	4167.19	4142.74	4160.20	86121	0	2
2025.11.27	08:00:00	4160.21	4167.18	4148.37	4158.00	78079	0	2
2025.11.27	16:00:00	4157.95	4163.93	4151.53	4163.43	19566	0	2
2025.11.28	00:00:00	4163.28	4193.21	4163.17	4174.64	45868	0	2
2025.11.28	08:00:00	4174.65	4208.76	4149.26	4203.90	63359	0	2
2025.11.28	16:00:00	4203.87	4226.91	4197.86	4220.54	45123	0	2
2025.11.30	16:00:00	4230.26	4230.87	4205.68	4222.40	12819	0	2
2025.12.01	00:00:00	4221.96	4256.53	4215.60	4245.39	129034	0	2
2025.12.01	08:00:00	4245.41	4264.63	4219.59	4232.58	141357	0	2
2025.12.01	16:00:00	4232.65	4244.73	4223.48	4227.59	100796	0	2
2025.12.02	00:00:00	4227.64	4229.70	4199.88	4213.47	101140	0	2
2025.12.02	08:00:00	4213.64	4230.66	4163.93	4169.46	119679	0	2
2025.12.02	16:00:00	4169.47	4216.20	4167.03	4212.92	87510	0	2
2025.12.03	00:00:00	4213.03	4228.97	4200.30	4206.39	104812	0	2
2025.12.03	08:00:00	4206.66	4241.60	4194.63	4216.44	123232	0	2
2025.12.03	16:00:00	4216.37	4225.14	4195.21	4207.30	87913	0	2
2025.12.04	00:00:00	4207.31	4216.95	4175.03	4193.85	112091	0	2
2025.12.04	08:00:00	4193.87	4213.44	4183.65	4207.51	128759	0	2
2025.12.04	16:00:00	4207.46	4219.53	4199.68	4206.17	76141	0	2
2025.12.05	00:00:00	4206.24	4230.87	4194.87	4224.50	93096	0	2
2025.12.05	08:00:00	4224.49	4259.38	4216.00	4243.79	100861	0	2
2025.12.05	16:00:00	4243.90	4245.81	4192.08	4198.70	93922	0	2
2025.12.07	16:00:00	4209.23	4209.64	4195.79	4201.31	5743	0	2
2025.12.08	00:00:00	4201.71	4219.05	4197.55	4206.90	101479	0	2
2025.12.08	08:00:00	4207.20	4216.64	4176.22	4182.92	109145	0	2
2025.12.08	16:00:00	4182.93	4197.88	4177.11	4194.95	70568	0	2
2025.12.09	00:00:00	4194.87	4198.80	4170.15	4182.48	99556	0	2
2025.12.09	08:00:00	4182.47	4216.40	4182.43	4212.62	129005	0	2
2025.12.09	16:00:00	4212.60	4221.46	4201.36	4210.89	96077	0	2
2025.12.10	00:00:00	4210.86	4218.88	4201.87	4203.41	91903	0	2
2025.12.10	08:00:00	4203.39	4207.05	4187.85	4193.86	115533	0	2
2025.12.10	16:00:00	4193.85	4238.71	4181.85	4232.54	99873	0	2
2025.12.11	00:00:00	4232.36	4247.67	4204.39	4216.09	106250	0	2
2025.12.11	08:00:00	4216.10	4261.54	4205.32	4255.99	111624	0	2
2025.12.11	16:00:00	4256.11	4285.93	4250.22	4276.49	103505	0	2
2025.12.12	00:00:00	4276.45	4290.57	4264.71	4287.19	96607	0	2
2025.12.12	08:00:00	4287.17	4353.59	4283.23	4290.52	147015	0	2
2025.12.12	16:00:00	4290.50	4304.35	4257.64	4301.01	106907	0	2
2025.12.14	16:00:00	4298.86	4308.44	4297.16	4302.43	7006	0	2
2025.12.15	00:00:00	4302.44	4347.44	4300.26	4339.30	97613	0	2
2025.12.15	08:00:00	4339.34	4350.28	4311.70	4318.35	118733	0	2
2025.12.15	16:00:00	4318.30	4318.86	4285.35	4304.27	93830	0	2
2025.12.16	00:00:00	4304.41	4317.95	4271.75	4287.70	107865	0	2
2025.12.16	08:00:00	4287.74	4335.08	4273.89	4319.60	116995	0	2
2025.12.16	16:00:00	4319.85	4323.29	4291.38	4307.94	87626	0	2
2025.12.17	00:00:00	4307.85	4342.54	4307.55	4317.99	102237	0	2
2025.12.17	08:00:00	4317.92	4349.15	4306.70	4330.32	111851	0	2
2025.12.17	16:00:00	4330.59	4346.54	4320.26	4339.28	103774	0	2
2025.12.18	00:00:00	4339.23	4342.99	4324.52	4331.62	94809	0	2
2025.12.18	08:00:00	4331.59	4343.10	4308.72	4338.27	116187	0	2
2025.12.18	16:00:00	4338.17	4374.62	4321.99	4335.19	111364	0	2
2025.12.19	00:00:00	4335.18	4335.74	4309.37	4322.71	82129	0	2
2025.12.19	08:00:00	4322.68	4349.28	4319.88	4347.95	103847	0	2
2025.12.19	16:00:00	4347.93	4356.63	4336.71	4339.36	72856	0	2
2025.12.21	16:00:00	4338.46	4356.31	4337.60	4355.28	6580	0	2
2025.12.22	00:00:00	4355.30	4420.43	4355.20	4414.49	84163	0	2
2025.12.22	08:00:00	4414.50	4435.58	4406.19	4431.88	103917	0	2
2025.12.22	16:00:00	4431.86	4461.70	4428.22	4460.20	68277	0	2
2025.12.23	00:00:00	4460.14	4497.81	4458.16	4486.83	99746	0	2
2025.12.23	08:00:00	4486.79	4497.32	4430.62	4458.45	127421	0	2
2025.12.23	16:00:00	4458.43	4510.37	4456.01	4503.44	90336	0	2
2025.12.24	00:00:00	4503.35	4525.99	4471.14	4483.79	115307	0	2
2025.12.24	08:00:00	4483.88	4500.04	4448.53	4458.53	130798	0	2
2025.12.24	16:00:00	4458.55	4487.80	4456.04	4480.53	42341	0	2
2025.12.25	16:00:00	4469.73	4499.95	4458.88	4495.21	11092	0	2
2025.12.26	00:00:00	4495.25	4531.41	4492.36	4511.10	120440	0	2
2025.12.26	08:00:00	4511.12	4547.44	4503.11	4546.43	120464	0	2
2025.12.26	16:00:00	4546.65	4550.01	4510.18	4531.70	96527	0	2
2025.12.28	16:00:00	4543.18	4549.21	4521.93	4527.27	16074	0	2
2025.12.29	00:00:00	4527.30	4528.12	4445.15	4474.65	137410	0	2
2025.12.29	08:00:00	4474.62	4488.55	4303.23	4325.37	154219	0	2
2025.12.29	16:00:00	4325.31	4347.53	4315.19	4345.82	103212	0	2
2025.12.30	00:00:00	4345.81	4383.48	4324.66	4372.51	124162	0	2
2025.12.30	08:00:00	4372.57	4404.35	4350.29	4365.14	148094	0	2
2025.12.30	16:00:00	4365.15	4381.84	4328.90	4339.08	109505	0	2
2025.12.31	00:00:00	4339.07	4373.31	4274.62	4331.28	133991	0	2
2025.12.31	08:00:00	4331.16	4353.41	4303.23	4337.43	121502	0	2
2025.12.31	16:00:00	4337.42	4339.86	4304.70	4318.27	87987	0	2
2026.01.01	16:00:00	4332.84	4351.42	4328.38	4348.43	5790	0	2
2026.01.02	00:00:00	4348.62	4383.54	4341.54	4383.09	84910	0	2
2026.01.02	08:00:00	4382.92	4402.46	4330.45	4335.49	130416	0	2
2026.01.02	16:00:00	4335.47	4337.46	4310.08	4331.46	101665	0	2
2026.01.04	16:00:00	4352.57	4375.91	4344.16	4372.68	13057	0	2
2026.01.05	00:00:00	4372.66	4426.37	4370.39	4421.84	122584	0	2
2026.01.05	08:00:00	4421.93	4455.65	4396.18	4448.63	143231	0	2
2026.01.05	16:00:00	4448.71	4459.81	4432.30	4440.66	89041	0	2
2026.01.06	00:00:00	4440.62	4474.25	4428.03	4459.54	109464	0	2
2026.01.06	08:00:00	4459.31	4491.02	4442.64	4478.44	130640	0	2
2026.01.06	16:00:00	4478.43	4500.57	4471.64	4493.55	94020	0	2
2026.01.07	00:00:00	4493.51	4495.86	4441.60	4461.32	120069	0	2
2026.01.07	08:00:00	4461.31	4474.93	4423.62	4446.10	129005	0	2
2026.01.07	16:00:00	4446.08	4468.32	4443.85	4463.55	91146	0	2
2026.01.08	00:00:00	4463.51	4466.47	4415.74	4431.04	127248	0	2
2026.01.08	08:00:00	4430.96	4456.38	4407.83	4454.30	139463	0	2
2026.01.08	16:00:00	4454.21	4484.20	4444.82	4475.72	93995	0	2
2026.01.09	00:00:00	4475.68	4477.53	4453.03	4470.23	88246	0	2
2026.01.09	08:00:00	4470.32	4517.20	4459.26	4512.40	122207	0	2
2026.01.09	16:00:00	4512.39	4514.34	4482.16	4508.76	89168	0	2
2026.01.11	16:00:00	4515.29	4545.09	4513.05	4540.23	12272	0	2
2026.01.12	00:00:00	4540.19	4601.22	4536.54	4587.74	125000	0	2
2026.01.12	08:00:00	4587.76	4627.55	4578.48	4621.44	123678	0	2
2026.01.12	16:00:00	4621.43	4630.23	4577.64	4599.41	86487	0	2
2026.01.13	00:00:00	4599.52	4602.09	4573.75	4580.75	98959	0	2
2026.01.13	08:00:00	4580.81	4634.60	4577.89	4619.21	117145	0	2
2026.01.13	16:00:00	4619.19	4620.80	4569.32	4597.12	105235	0	2
2026.01.14	00:00:00	4597.10	4639.80	4597.10	4632.57	103305	0	2
2026.01.14	08:00:00	4632.53	4641.98	4599.48	4617.97	128731	0	2
2026.01.14	16:00:00	4618.00	4642.92	4601.23	4615.34	118674	0	2
2026.01.15	00:00:00	4615.29	4618.20	4581.13	4601.89	126976	0	2
2026.01.15	08:00:00	4601.84	4623.06	4582.09	4615.63	124106	0	2
2026.01.15	16:00:00	4615.49	4624.64	4600.85	4610.34	99975	0	2
2026.01.16	00:00:00	4610.32	4616.14	4591.41	4607.57	105973	0	2
2026.01.16	08:00:00	4607.58	4620.35	4536.81	4571.26	117939	0	2
2026.01.16	16:00:00	4571.24	4599.10	4568.08	4596.24	96762	0	2
2026.01.18	16:00:00	4638.53	4690.68	4636.84	4672.51	12636	0	2
2026.01.19	00:00:00	4672.40	4682.06	4653.31	4665.10	91450	0	2
2026.01.19	08:00:00	4664.81	4676.17	4659.72	4674.32	72126	0	2
2026.01.19	16:00:00	4674.36	4680.35	4664.51	4665.43	29798	0	2
2026.01.20	00:00:00	4665.45	4722.82	4659.55	4716.04	92471	0	2
2026.01.20	08:00:00	4716.11	4750.95	4715.07	4737.65	130443	0	2
2026.01.20	16:00:00	4737.66	4781.25	4729.23	4775.93	91765	0	2
2026.01.21	00:00:00	4775.91	4888.40	4770.76	4855.31	116170	0	2
2026.01.21	08:00:00	4855.36	4880.95	4813.29	4847.85	126118	0	2
2026.01.21	16:00:00	4847.88	4855.70	4756.13	4778.51	139650	0	2
2026.01.22	00:00:00	4778.35	4838.98	4772.56	4832.80	108942	0	3
2026.01.22	08:00:00	4832.74	4873.75	4810.83	4871.54	125298	0	3
2026.01.22	16:00:00	4871.53	4960.60	4868.10	4959.10	108441	0	3
2026.01.23	00:00:00	4959.11	4967.43	4936.71	4944.53	86135	0	3
2026.01.23	08:00:00	4944.20	4963.41	4899.96	4960.61	140070	0	3
2026.01.23	16:00:00	4960.62	4989.86	4958.38	4988.00	98616	0	3
2026.01.25	16:00:00	5023.35	5040.12	5012.10	5039.90	16043	0	3
2026.01.26	00:00:00	5039.81	5111.10	5029.15	5089.17	142665	0	3
2026.01.26	08:00:00	5089.06	5098.38	5054.67	5091.16	151202	0	3
2026.01.26	16:00:00	5090.96	5105.10	4990.15	5043.61	169522	0	2
2026.01.27	00:00:00	5043.59	5100.89	5013.76	5086.09	129237	0	2
2026.01.27	08:00:00	5085.97	5099.70	5046.86	5090.84	160274	0	3
2026.01.27	16:00:00	5091.16	5190.53	5076.34	5172.42	143991	0	3
2026.01.28	00:00:00	5172.41	5292.85	5157.38	5290.56	140268	0	3
2026.01.28	08:00:00	5290.55	5311.51	5235.98	5278.18	167959	0	3
2026.01.28	16:00:00	5278.33	5598.69	5268.73	5513.27	172832	0	3
2026.01.29	00:00:00	5512.94	5595.45	5446.15	5549.01	175503	0	3
2026.01.29	08:00:00	5548.97	5554.84	5104.95	5183.03	182090	0	3
2026.01.29	16:00:00	5183.29	5448.72	5172.04	5438.56	173853	0	3
2026.01.30	00:00:00	5438.48	5450.94	5112.57	5181.36	191340	0	3
2026.01.30	08:00:00	5181.24	5181.24	4942.71	5050.12	207822	0	2
2026.01.30	16:00:00	5050.13	5051.69	4680.24	4891.18	160423	0	2
2026.02.01	16:00:00	4828.28	4834.79	4695.05	4740.72	26647	0	2
2026.02.02	00:00:00	4741.06	4885.24	4402.98	4587.14	211006	0	2
2026.02.02	08:00:00	4587.22	4812.41	4564.41	4620.47	194898	0	2
2026.02.02	16:00:00	4620.14	4775.57	4596.54	4774.20	150626	0	2
2026.02.03	00:00:00	4774.37	4933.66	4745.52	4917.36	178360	0	2
2026.02.03	08:00:00	4917.33	4951.13	4884.04	4935.37	154584	0	3
2026.02.03	16:00:00	4935.40	4993.88	4880.93	4947.42	153227	0	2
2026.02.04	00:00:00	4947.40	5091.38	4946.05	5084.80	140769	0	2
2026.02.04	08:00:00	5084.77	5091.89	4887.44	4920.02	140470	0	2
2026.02.04	16:00:00	4919.99	5023.83	4849.39	5012.31	137120	0	2
2026.02.05	00:00:00	5012.34	5020.52	4790.03	4914.88	187484	0	3
2026.02.05	08:00:00	4914.98	4943.54	4800.59	4818.52	166088	0	3
2026.02.05	16:00:00	4818.50	4906.75	4703.47	4704.04	146661	0	3
2026.02.06	00:00:00	4704.05	4903.31	4655.50	4840.24	162405	0	2
2026.02.06	08:00:00	4840.23	4964.54	4829.58	4943.62	123323	0	3
2026.02.06	16:00:00	4943.61	4971.38	4922.20	4966.66	76012	0	3
2026.02.08	16:00:00	4986.66	5047.23	4964.44	5036.01	17780	0	3
2026.02.09	00:00:00	5036.00	5045.73	4969.13	5006.58	130873	0	3
2026.02.09	08:00:00	5006.59	5060.44	4982.31	5059.12	133671	0	3
2026.02.09	16:00:00	5059.13	5086.56	4987.10	5031.85	102319	0	3
2026.02.10	00:00:00	5031.81	5056.47	5009.07	5034.03	117718	0	5
2026.02.10	08:00:00	5033.60	5078.68	4999.00	5019.71	123929	0	3
2026.02.10	16:00:00	5019.62	5054.63	5004.93	5041.89	94489	0	4
2026.02.11	00:00:00	5042.01	5069.45	5028.50	5055.62	85102	0	4
2026.02.11	08:00:00	5055.43	5119.45	5019.10	5060.07	147984	0	4
2026.02.11	16:00:00	5060.02	5100.03	5043.13	5061.29	98399	0	7
2026.02.12	00:00:00	5061.24	5078.22	5045.20	5064.32	86797	0	7
2026.02.12	08:00:00	5064.25	5083.78	5039.52	5060.30	98447	0	5
2026.02.12	16:00:00	5060.41	5068.25	4878.54	4920.11	149221	0	5
2026.02.13	00:00:00	4920.34	4997.44	4913.94	4974.71	101167	0	5
2026.02.13	08:00:00	4975.05	5020.71	4934.12	4976.92	131838	0	5
2026.02.13	16:00:00	4976.94	5046.16	4975.85	5041.35	89986	0	5
2026.02.15	16:00:00	5014.62	5031.80	5008.61	5020.21	14218	0	4
2026.02.16	00:00:00	5020.24	5031.21	4965.70	5007.39	73919	0	4
2026.02.16	08:00:00	5007.41	5017.34	4969.14	4979.78	56488	0	4
2026.02.16	16:00:00	4979.75	5000.81	4973.09	4989.83	27735	0	5
2026.02.17	00:00:00	4989.86	4991.50	4858.54	4917.18	92147	0	4
2026.02.17	08:00:00	4917.09	4944.38	4839.93	4878.73	117115	0	4
2026.02.17	16:00:00	4878.60	4910.65	4850.41	4859.37	112635	0	2
2026.02.18	00:00:00	4859.36	4942.43	4858.49	4930.37	60299	0	2
2026.02.18	08:00:00	4930.49	5009.16	4906.53	4997.97	83075	0	2
2026.02.18	16:00:00	4997.93	5010.96	4966.47	4976.07	77307	0	2
2026.02.19	00:00:00	4975.93	5021.80	4960.81	5010.45	46132	0	3
2026.02.19	08:00:00	5010.43	5022.36	4963.94	5013.91	90398	0	2
2026.02.19	16:00:00	5013.93	5014.47	4975.42	4987.69	71096	0	2
2026.02.20	00:00:00	4987.73	5030.03	4981.82	5006.54	50682	0	2
2026.02.20	08:00:00	5006.39	5064.13	4989.49	5042.55	98611	0	2
2026.02.20	16:00:00	5042.56	5107.82	5038.95	5104.90	91512	0	2
2026.02.22	16:00:00	5117.13	5171.92	5117.12	5165.47	14821	0	2
2026.02.23	00:00:00	5165.07	5176.76	5125.21	5136.79	96503	0	4
2026.02.23	08:00:00	5136.73	5205.15	5122.28	5196.59	98808	0	3
2026.02.23	16:00:00	5196.34	5250.71	5175.93	5235.72	82446	0	3
2026.02.24	00:00:00	5235.79	5238.19	5145.34	5179.37	100831	0	3
2026.02.24	08:00:00	5179.36	5181.94	5094.21	5150.37	106329	0	3
2026.02.24	16:00:00	5150.55	5173.30	5125.79	5146.77	83880	0	5
2026.02.25	00:00:00	5146.75	5210.68	5136.94	5184.68	93994	0	5
2026.02.25	08:00:00	5184.70	5202.55	5155.09	5194.57	93282	0	4
2026.02.25	16:00:00	5194.86	5217.74	5146.04	5163.27	77680	0	4
2026.02.26	00:00:00	5163.30	5205.60	5155.57	5186.07	88268	0	4
2026.02.26	08:00:00	5186.17	5192.90	5130.62	5185.85	104302	0	4
2026.02.26	16:00:00	5185.88	5200.85	5160.84	5184.74	73381	0	4
2026.02.27	00:00:00	5184.72	5200.46	5166.98	5176.12	82312	0	4
2026.02.27	08:00:00	5176.49	5246.50	5168.89	5239.42	98331	0	4
2026.02.27	16:00:00	5239.43	5281.37	5220.78	5278.28	81133	0	4
2026.03.01	16:00:00	5362.19	5393.58	5328.72	5386.91	24301	0	4
2026.03.02	00:00:00	5387.10	5419.21	5303.28	5408.14	129344	0	5
2026.03.02	08:00:00	5408.13	5416.82	5306.92	5316.00	148234	0	5
2026.03.02	16:00:00	5315.97	5346.88	5260.96	5346.04	120191	0	5
2026.03.03	00:00:00	5346.07	5379.91	5279.47	5327.80	122669	0	5
2026.03.03	08:00:00	5327.57	5335.97	4996.21	5095.74	206747	0	5
2026.03.03	16:00:00	5095.97	5148.76	5065.49	5125.41	160115	0	5
2026.03.04	00:00:00	5125.40	5190.79	5105.79	5168.44	149229	0	5
2026.03.04	08:00:00	5168.41	5206.18	5131.47	5151.37	163530	0	5
2026.03.04	16:00:00	5151.44	5166.23	5109.17	5165.34	112306	0	5
2026.03.05	00:00:00	5165.28	5194.98	5121.07	5162.29	115473	0	5
2026.03.05	08:00:00	5162.03	5180.42	5061.27	5102.57	152019	0	5
2026.03.05	16:00:00	5102.58	5104.60	5051.21	5086.27	133043	0	5
2026.03.06	00:00:00	5086.16	5143.90	5066.72	5119.62	100536	0	5
2026.03.06	08:00:00	5119.65	5171.57	5062.92	5142.03	159727	0	5
2026.03.06	16:00:00	5141.94	5175.43	5126.10	5173.32	101899	0	5
2026.03.08	16:00:00	5164.94	5171.22	5044.73	5076.06	46013	0	5
2026.03.09	00:00:00	5076.13	5140.49	5014.80	5098.90	149715	0	5
2026.03.09	08:00:00	5098.93	5132.60	5061.09	5099.74	148221	0	5
2026.03.09	16:00:00	5099.76	5156.10	5089.16	5139.77	94617	0	5
2026.03.10	00:00:00	5139.74	5186.79	5124.74	5181.08	105290	0	5
2026.03.10	08:00:00	5181.11	5238.63	5156.59	5228.70	132717	0	6
2026.03.10	16:00:00	5228.78	5235.54	5161.01	5197.39	86332	0	6
2026.03.11	00:00:00	5197.40	5223.12	5184.67	5195.79	90345	0	6
2026.03.11	08:00:00	5195.82	5198.78	5149.53	5166.45	130591	0	5
2026.03.11	16:00:00	5166.44	5183.71	5129.97	5134.38	75032	0	5
2026.03.12	00:00:00	5134.40	5185.25	5125.64	5182.06	91924	0	5
2026.03.12	08:00:00	5182.07	5191.77	5109.86	5132.20	118790	0	5
2026.03.12	16:00:00	5132.21	5138.10	5055.17	5098.21	88527	0	5
2026.03.13	00:00:00	5098.19	5128.68	5071.78	5085.26	87238	0	4
2026.03.13	08:00:00	5085.00	5121.72	5032.16	5034.68	132483	0	4
2026.03.13	16:00:00	5034.44	5063.89	5009.79	5019.83	77306	0	4
2026.03.15	16:00:00	5014.99	5030.24	4967.73	4997.70	39891	0	4
2026.03.16	00:00:00	4997.68	5036.28	4982.72	4995.47	120197	0	4
2026.03.16	08:00:00	4995.63	5037.89	4970.18	4987.04	134977	0	4
2026.03.16	16:00:00	4987.05	5021.68	4974.22	5012.96	76476	0	6
2026.03.17	00:00:00	5012.98	5044.62	4994.83	5021.30	97321	0	4
2026.03.17	08:00:00	5021.27	5031.47	4973.85	4997.91	117959	0	4
2026.03.17	16:00:00	4998.11	5009.12	4991.71	5002.97	65763	0	4
2026.03.18	00:00:00	5003.06	5016.36	4981.84	4995.07	84199	0	4
2026.03.18	08:00:00	4995.11	4996.85	4834.37	4862.52	143749	0	4
2026.03.18	16:00:00	4862.53	4899.07	4804.31	4837.00	110663	0	4
2026.03.19	00:00:00	4837.01	4867.15	4727.54	4727.97	123245	0	3
2026.03.19	08:00:00	4728.00	4740.42	4502.53	4596.52	216518	0	3
2026.03.19	16:00:00	4596.45	4677.11	4574.12	4643.71	139602	0	5
2026.03.20	00:00:00	4643.68	4735.93	4639.61	4706.33	135278	0	4
2026.03.20	08:00:00	4706.35	4734.85	4540.83	4553.48	189863	0	4
2026.03.20	16:00:00	4553.49	4613.81	4477.44	4497.52	118832	0	4
2026.03.22	16:00:00	4475.14	4535.72	4452.64	4464.75	39909	0	4
2026.03.23	00:00:00	4464.77	4473.25	4098.90	4203.46	213142	0	4
2026.03.23	08:00:00	4203.95	4512.71	4203.48	4363.95	243092	0	4
2026.03.23	16:00:00	4363.85	4467.13	4352.68	4441.30	154129	0	4
2026.03.24	00:00:00	4441.27	4446.79	4306.02	4417.60	202141	0	4
2026.03.24	08:00:00	4417.57	4442.17	4351.67	4411.79	213060	0	4
2026.03.24	16:00:00	4411.59	4551.52	4372.61	4546.99	157052	0	4
2026.03.25	00:00:00	4547.00	4602.48	4533.20	4539.48	140543	0	4
2026.03.25	08:00:00	4539.49	4585.85	4522.15	4559.09	185864	0	4
2026.03.25	16:00:00	4559.11	4569.04	4487.24	4498.37	124396	0	4
2026.03.26	00:00:00	4498.34	4544.31	4415.88	4452.77	146435	0	4
2026.03.26	08:00:00	4452.71	4479.42	4413.28	4438.35	207768	0	4
2026.03.26	16:00:00	4438.16	4442.78	4351.25	4405.07	135724	0	4
2026.03.27	00:00:00	4405.16	4475.19	4375.59	4447.83	97472	0	4
2026.03.27	08:00:00	4447.81	4555.24	4404.41	4524.02	164447	0	4
2026.03.27	16:00:00	4524.04	4533.81	4486.57	4494.64	88499	0	4
2026.03.29	16:00:00	4511.39	4513.11	4479.68	4484.58	18031	0	4
2026.03.30	00:00:00	4484.63	4550.63	4419.53	4532.56	142689	0	4
2026.03.30	08:00:00	4532.60	4580.77	4512.46	4538.61	148526	0	4
2026.03.30	16:00:00	4538.69	4556.91	4493.18	4511.01	113922	0	4
2026.03.31	00:00:00	4510.81	4619.47	4482.86	4557.31	142520	0	3
2026.03.31	08:00:00	4557.30	4630.13	4529.68	4599.29	154539	0	3
2026.03.31	16:00:00	4599.18	4696.54	4599.17	4680.85	133722	0	3
2026.04.01	00:00:00	4680.90	4733.20	4667.14	4730.68	106936	0	3
2026.04.01	08:00:00	4730.67	4768.89	4709.79	4760.87	150563	0	3
2026.04.01	16:00:00	4760.86	4793.02	4742.28	4776.57	111509	0	6
2026.04.02	00:00:00	4776.65	4800.38	4554.04	4599.28	140002	0	6
2026.04.02	08:00:00	4599.29	4699.77	4580.96	4681.41	161754	0	6
2026.04.02	16:00:00	4681.44	4684.00	4643.08	4674.93	110450	0	6
2026.04.05	16:00:00	4636.75	4654.13	4608.91	4645.67	15130	0	6
2026.04.06	00:00:00	4645.68	4678.79	4600.91	4666.02	84832	0	4
2026.04.06	08:00:00	4666.04	4706.74	4645.16	4682.89	123371	0	4
2026.04.06	16:00:00	4682.92	4684.02	4645.69	4658.47	81483	0	4
2026.04.07	00:00:00	4658.62	4664.55	4616.61	4653.51	99778	0	4
2026.04.07	08:00:00	4653.53	4694.58	4607.58	4633.42	158070	0	3
2026.04.07	16:00:00	4633.32	4819.74	4624.92	4818.41	139216	0	4
2026.04.08	00:00:00	4818.27	4857.59	4788.29	4820.56	145367	0	4
2026.04.08	08:00:00	4820.08	4821.35	4732.61	4736.31	146214	0	4
2026.04.08	16:00:00	4736.25	4765.56	4699.82	4717.77	112853	0	4
2026.04.09	00:00:00	4717.72	4732.95	4698.83	4712.50	94481	0	4
2026.04.09	08:00:00	4712.54	4777.16	4705.74	4768.64	131011	0	4
2026.04.09	16:00:00	4768.78	4801.29	4758.88	4764.26	108897	0	4
2026.04.10	00:00:00	4764.29	4777.09	4738.08	4746.62	86055	0	4
2026.04.10	08:00:00	4746.56	4795.22	4730.86	4774.85	119654	0	4
2026.04.10	16:00:00	4774.88	4787.40	4741.19	4748.48	87282	0	4
2026.04.12	16:00:00	4669.76	4684.28	4643.01	4659.11	15398	0	4
2026.04.13	00:00:00	4659.14	4732.79	4644.56	4725.69	79566	0	4
2026.04.13	08:00:00	4726.01	4744.68	4703.81	4719.12	126644	0	4
2026.04.13	16:00:00	4719.15	4759.67	4700.46	4758.12	99624	0	4
2026.04.14	00:00:00	4758.01	4783.11	4751.76	4782.16	95612	0	4
2026.04.14	08:00:00	4782.26	4817.92	4751.21	4803.87	141129	0	4
2026.04.14	16:00:00	4803.74	4850.59	4791.27	4835.11	97599	0	4
2026.04.15	00:00:00	4835.14	4871.25	4811.34	4811.91	119883	0	4
2026.04.15	08:00:00	4811.76	4830.57	4787.04	4815.61	139814	0	4
2026.04.15	16:00:00	4815.62	4816.25	4787.16	4807.67	97866	0	4
2026.04.16	00:00:00	4807.64	4838.39	4807.59	4826.13	90085	0	5
2026.04.16	08:00:00	4826.35	4830.99	4773.15	4788.80	124948	0	5
2026.04.16	16:00:00	4788.79	4813.04	4781.45	4795.34	100547	0	5
2026.04.17	00:00:00	4795.30	4806.31	4767.77	4785.13	89100	0	5
2026.04.17	08:00:00	4785.06	4889.74	4778.80	4873.28	126250	0	5
2026.04.17	16:00:00	4873.21	4880.56	4829.81	4832.31	95976	0	5
2026.04.19	16:00:00	4773.28	4794.89	4769.91	4779.43	13849	0	4
2026.04.20	00:00:00	4779.44	4814.42	4737.02	4795.54	129026	0	4
2026.04.20	08:00:00	4796.04	4827.63	4783.56	4805.42	127274	0	3
2026.04.20	16:00:00	4805.44	4833.23	4792.92	4827.76	84298	0	3
2026.04.21	00:00:00	4827.64	4831.98	4774.74	4778.86	98236	0	3
2026.04.21	08:00:00	4778.84	4798.04	4723.75	4738.99	131138	0	4
2026.04.21	16:00:00	4739.04	4757.58	4668.60	4719.57	137555	0	4
2026.04.22	00:00:00	4719.46	4772.22	4718.16	4767.75	69926	0	4
2026.04.22	08:00:00	4767.83	4772.43	4730.15	4736.02	101841	0	4
2026.04.22	16:00:00	4736.06	4749.97	4723.97	4726.03	75009	0	3
2026.04.23	00:00:00	4726.08	4753.71	4692.90	4712.96	123766	0	4
2026.04.23	08:00:00	4712.97	4743.19	4684.38	4733.64	140241	0	4
2026.04.23	16:00:00	4733.67	4741.04	4664.36	4693.38	127222	0	3
2026.04.24	00:00:00	4693.36	4711.23	4657.90	4672.01	115961	0	3
2026.04.24	08:00:00	4671.86	4740.37	4671.05	4726.42	138382	0	3
2026.04.24	16:00:00	4726.43	4733.31	4705.44	4707.65	92199	0	4
2026.04.26	16:00:00	4696.80	4696.80	4679.82	4684.65	9618	0	4
2026.04.27	00:00:00	4684.64	4730.05	4672.28	4712.87	104999	0	4
2026.04.27	08:00:00	4712.57	4718.36	4676.67	4678.17	105043	0	4
2026.04.27	16:00:00	4678.21	4691.30	4667.27	4688.03	84905	0	4
2026.04.28	00:00:00	4688.01	4701.35	4623.36	4629.03	98037	0	4
2026.04.28	08:00:00	4629.00	4639.47	4555.02	4574.68	153716	0	4
2026.04.28	16:00:00	4574.63	4601.54	4567.01	4594.20	96328	0	3
2026.04.29	00:00:00	4594.26	4610.38	4576.29	4584.64	97115	0	3
2026.04.29	08:00:00	4584.61	4588.97	4510.19	4539.47	144639	0	3
2026.04.29	16:00:00	4539.48	4564.97	4518.42	4552.15	123889	0	3
2026.04.30	00:00:00	4552.14	4591.62	4540.93	4589.58	113127	0	4
2026.04.30	08:00:00	4589.59	4646.94	4584.92	4619.83	160907	0	3
2026.04.30	16:00:00	4619.84	4632.88	4605.46	4630.47	97328	0	3
2026.05.01	00:00:00	4630.41	4635.96	4590.86	4594.96	68954	0	3
2026.05.01	08:00:00	4594.86	4660.26	4560.33	4632.25	116823	0	3
2026.05.01	16:00:00	4632.20	4650.10	4607.13	4613.22	85674	0	3
2026.05.03	16:00:00	4625.24	4629.48	4612.23	4618.97	6952	0	3
2026.05.04	00:00:00	4619.00	4620.95	4583.84	4588.64	90027	0	3
2026.05.04	08:00:00	4588.66	4593.44	4526.19	4561.53	138190	0	3
2026.05.04	16:00:00	4561.58	4566.14	4500.85	4517.59	111588	0	4
2026.05.05	00:00:00	4517.46	4552.13	4513.62	4548.20	72785	0	4
2026.05.05	08:00:00	4548.16	4586.59	4540.00	4582.45	116189	0	4
2026.05.05	16:00:00	4582.42	4583.90	4546.34	4573.08	75887	0	4
2026.05.06	00:00:00	4573.48	4669.58	4569.69	4669.39	96928	0	4
2026.05.06	08:00:00	4669.43	4723.06	4657.49	4703.12	148693	0	4
2026.05.06	16:00:00	4703.05	4705.88	4679.09	4695.04	86051	0	4
2026.05.07	00:00:00	4695.01	4750.11	4685.41	4739.09	92616	0	4
2026.05.07	08:00:00	4739.20	4763.46	4721.90	4762.83	140747	0	4
2026.05.07	16:00:00	4762.84	4764.80	4682.04	4686.03	136863	0	4
2026.05.08	00:00:00	4686.06	4734.68	4684.73	4725.74	97791	0	4
2026.05.08	08:00:00	4725.62	4749.49	4697.21	4716.02	136181	0	3
2026.05.08	16:00:00	4716.00	4729.06	4702.12	4714.65	72738	0	3
2026.05.10	16:00:00	4686.49	4695.89	4679.47	4691.95	8864	0	3
2026.05.11	00:00:00	4691.89	4705.53	4648.03	4678.48	108866	0	3
2026.05.11	08:00:00	4678.53	4748.62	4650.64	4725.67	121865	0	4
2026.05.11	16:00:00	4725.64	4755.26	4708.17	4750.98	76477	0	4
2026.05.12	00:00:00	4750.99	4773.55	4694.64	4697.24	103499	0	4
2026.05.12	08:00:00	4697.18	4711.61	4669.71	4672.99	132516	0	4
2026.05.12	16:00:00	4672.92	4722.54	4638.41	4717.04	97788	0	4
2026.05.13	00:00:00	4717.00	4726.84	4687.65	4701.48	101077	0	4
2026.05.13	08:00:00	4701.72	4710.63	4669.62	4679.82	129137	0	4
2026.05.13	16:00:00	4679.95	4709.89	4677.73	4700.11	80546	0	4
2026.05.14	00:00:00	4700.02	4712.68	4668.47	4700.25	103773	0	4
2026.05.14	08:00:00	4700.31	4718.79	4666.83	4679.49	128910	0	4
2026.05.14	16:00:00	4679.52	4689.47	4644.44	4662.41	81080	0	4
2026.05.15	00:00:00	4662.43	4665.43	4556.49	4569.82	136961	0	4
2026.05.15	08:00:00	4569.94	4588.76	4511.93	4562.82	167935	0	4
2026.05.15	16:00:00	4562.84	4564.56	4529.52	4539.14	105479	0	4
2026.05.17	16:00:00	4544.72	4554.55	4537.45	4546.12	8684	0	4
2026.05.18	00:00:00	4546.14	4552.03	4480.46	4546.83	146258	0	3
2026.05.18	08:00:00	4546.84	4584.24	4530.10	4546.67	152134	0	4
2026.05.18	16:00:00	4546.58	4578.42	4532.05	4573.99	103431	0	4
2026.05.19	00:00:00	4573.87	4589.34	4531.02	4548.01	105627	0	4
2026.05.19	08:00:00	4548.05	4559.36	4465.04	4494.21	147064	0	3
2026.05.19	16:00:00	4494.19	4512.52	4477.52	4484.58	94219	0	3
2026.05.20	00:00:00	4484.44	4508.83	4453.52	4474.48	132271	0	3
2026.05.20	08:00:00	4474.45	4537.24	4467.19	4531.32	139597	0	4
2026.05.20	16:00:00	4531.36	4553.04	4523.28	4539.97	97756	0	4
2026.05.21	00:00:00	4540.06	4570.98	4518.73	4521.64	101446	0	4
2026.05.21	08:00:00	4521.63	4542.92	4488.65	4508.98	152724	0	4
2026.05.21	16:00:00	4508.89	4559.35	4496.85	4543.49	115854	0	4
2026.05.22	00:00:00	4543.40	4545.13	4507.40	4526.91	96418	0	4
2026.05.22	08:00:00	4526.89	4536.90	4492.02	4500.66	135656	0	4
2026.05.22	16:00:00	4500.63	4527.88	4500.36	4507.28	78691	0	4
2026.05.24	16:00:00	4550.90	4565.75	4548.46	4565.32	11275	0	4
2026.05.25	00:00:00	4565.28	4579.92	4550.62	4562.57	93880	0	4
2026.05.25	08:00:00	4562.55	4577.13	4552.60	4566.93	78156	0	4
2026.05.25	16:00:00	4566.92	4577.90	4563.36	4574.95	31526	0	4
2026.05.26	00:00:00	4574.74	4580.20	4523.12	4531.08	94302	0	4
2026.05.26	08:00:00	4531.16	4540.57	4500.71	4515.40	129388	0	4
2026.05.26	16:00:00	4515.41	4524.19	4482.69	4510.99	79888	0	4
2026.05.27	00:00:00	4511.12	4527.73	4480.09	4485.30	86541	0	4
2026.05.27	08:00:00	4485.31	4498.79	4401.55	4434.03	138313	0	4
2026.05.27	16:00:00	4434.01	4465.42	4428.20	4457.36	67953	0	4
2026.05.28	00:00:00	4457.37	4458.87	4366.42	4383.49	109358	0	4
2026.05.28	08:00:00	4383.46	4480.52	4375.53	4469.44	117140	0	4
2026.05.28	16:00:00	4469.45	4516.61	4468.87	4491.21	82465	0	4
2026.05.29	00:00:00	4491.19	4524.28	4489.19	4523.77	90927	0	4
2026.05.29	08:00:00	4523.38	4570.50	4510.06	4564.28	111434	0	4
2026.05.29	16:00:00	4564.25	4595.33	4539.16	4539.95	85102	0	4
2026.05.31	16:00:00	4520.44	4540.43	4519.53	4535.36	6896	0	4
2026.06.01	00:00:00	4535.38	4546.05	4500.37	4501.77	79424	0	4
2026.06.01	08:00:00	4501.72	4512.98	4447.88	4458.80	107081	0	4
2026.06.01	16:00:00	4459.15	4495.47	4455.55	4485.98	71132	0	4
2026.06.02	00:00:00	4485.70	4538.45	4463.03	4536.10	90028	0	4
2026.06.02	08:00:00	4535.95	4541.61	4490.38	4504.15	84082	0	4
2026.06.02	16:00:00	4504.16	4508.56	4478.79	4484.93	69365	0	4
2026.06.03	00:00:00	4485.06	4496.75	4455.36	4463.07	87290	0	4
2026.06.03	08:00:00	4463.08	4472.28	4426.53	4457.26	113015	0	4
2026.06.03	16:00:00	4457.22	4458.43	4424.01	4448.99	82521	0	4
2026.06.04	00:00:00	4449.20	4484.09	4443.37	4467.77	104072	0	4
2026.06.04	08:00:00	4467.75	4515.48	4457.38	4465.89	116971	0	4
2026.06.04	16:00:00	4465.94	4485.18	4463.90	4469.64	71445	0	4
2026.06.05	00:00:00	4469.66	4474.27	4428.87	4452.93	107638	0	4
2026.06.05	08:00:00	4452.96	4475.88	4344.65	4369.74	128703	0	4
2026.06.05	16:00:00	4369.77	4372.61	4311.88	4328.23	124647	0	4
2026.06.07	16:00:00	4320.37	4330.26	4309.77	4317.50	14536	0	4
2026.06.08	00:00:00	4317.53	4353.31	4268.63	4300.08	131997	0	4
2026.06.08	08:00:00	4300.09	4346.83	4273.09	4331.05	143388	0	4
2026.06.08	16:00:00	4331.10	4346.40	4322.67	4327.91	95390	0	4
2026.06.09	00:00:00	4327.92	4351.47	4313.02	4330.69	98462	0	4
2026.06.09	08:00:00	4330.73	4363.59	4278.80	4300.78	114974	0	3
2026.06.09	16:00:00	4300.60	4302.09	4232.59	4237.37	137991	0	3
2026.06.10	00:00:00	4237.21	4247.46	4172.76	4204.05	132895	0	3
2026.06.10	08:00:00	4204.06	4208.00	4118.12	4124.85	168247	0	3
2026.06.10	16:00:00	4124.91	4136.94	4036.22	4046.57	137718	0	3
2026.06.11	00:00:00	4046.75	4118.18	4023.90	4094.54	146887	0	3
2026.06.11	08:00:00	4094.70	4112.72	4053.00	4073.64	144087	0	3
2026.06.11	16:00:00	4073.54	4246.49	4070.38	4243.34	138217	0	3
2026.06.12	00:00:00	4243.38	4245.94	4170.87	4184.19	122696	0	4
2026.06.12	08:00:00	4184.46	4227.98	4170.26	4203.98	145088	0	4
2026.06.12	16:00:00	4204.03	4235.58	4200.35	4218.08	91702	0	4
2026.06.14	16:00:00	4300.37	4308.87	4280.27	4285.73	12107	0	4
2026.06.15	00:00:00	4285.63	4335.55	4281.26	4308.23	91100	0	4
2026.06.15	08:00:00	4308.45	4369.28	4305.44	4356.94	109962	0	4
2026.06.15	16:00:00	4356.84	4360.84	4306.07	4312.10	83435	0	4
2026.06.16	00:00:00	4312.11	4333.20	4306.91	4324.00	94579	0	4
2026.06.16	08:00:00	4323.96	4355.00	4313.35	4324.13	108365	0	4
2026.06.16	16:00:00	4324.21	4347.06	4321.23	4335.62	79872	0	4
2026.06.17	00:00:00	4335.53	4349.70	4317.75	4331.84	72413	0	4
2026.06.17	08:00:00	4331.69	4364.03	4317.18	4344.56	93535	0	4
2026.06.17	16:00:00	4344.53	4382.33	4219.18	4266.83	125378	0	4
2026.06.18	00:00:00	4266.76	4329.94	4264.40	4306.63	103615	0	4
2026.06.18	08:00:00	4306.60	4309.44	4237.37	4252.46	130213	0	4
2026.06.18	16:00:00	4252.44	4254.83	4201.55	4207.48	95195	0	5
2026.06.19	00:00:00	4207.51	4208.38	4121.84	4147.73	88027	0	5
2026.06.19	08:00:00	4147.85	4182.99	4142.00	4149.34	102958	0	5
2026.06.19	16:00:00	4149.32	4157.89	4144.41	4156.18	16421	0	5
2026.06.21	16:00:00	4156.36	4159.54	4147.37	4156.41	8547	0	4
2026.06.22	00:00:00	4156.30	4220.95	4136.60	4197.51	107250	0	4
2026.06.22	08:00:00	4197.65	4215.15	4183.01	4198.35	120036	0	4
2026.06.22	16:00:00	4198.48	4201.38	4169.91	4190.02	77277	0	4
2026.06.23	00:00:00	4189.97	4198.56	4110.50	4114.51	108479	0	4
2026.06.23	08:00:00	4114.47	4144.93	4091.00	4130.16	134257	0	4
2026.06.23	16:00:00	4130.20	4143.94	4097.04	4104.36	83988	0	4
2026.06.24	00:00:00	4104.30	4112.13	4050.46	4087.17	134956	0	4
2026.06.24	08:00:00	4087.08	4090.90	3964.67	4008.03	150696	0	4
2026.06.24	16:00:00	4008.45	4022.27	3959.14	3996.45	116016	0	4
2026.06.25	00:00:00	3996.50	4018.75	3963.62	3977.42	127612	0	4
2026.06.25	08:00:00	3977.64	4034.11	3971.50	4012.10	125777	0	4
2026.06.25	16:00:00	4012.09	4044.23	4005.08	4026.41	100480	0	4
2026.06.26	00:00:00	4026.34	4033.24	3983.09	4032.10	119921	0	4
2026.06.26	08:00:00	4032.16	4093.13	4025.86	4080.64	120753	0	4
2026.06.26	16:00:00	4080.65	4096.12	4064.67	4087.63	73435	0	4
2026.06.28	16:00:00	4075.62	4083.48	4052.74	4066.46	10312	0	4
2026.06.29	00:00:00	4066.43	4075.75	4039.38	4062.42	112760	0	4
2026.06.29	08:00:00	4062.39	4068.61	4000.20	4025.77	107696	0	4
2026.06.29	16:00:00	4025.76	4032.10	4005.44	4014.25	66933	0	4
2026.06.30	00:00:00	4014.52	4034.10	3942.74	4029.79	119892	0	4
2026.06.30	08:00:00	4029.71	4063.45	4008.79	4037.43	113133	0	4
2026.06.30	16:00:00	4037.62	4039.37	4006.10	4013.21	67832	0	4
2026.07.01	00:00:00	4013.19	4018.49	3963.26	3971.91	99345	0	4
2026.07.01	08:00:00	3971.88	4115.60	3960.21	4093.41	123764	0	4
2026.07.01	16:00:00	4093.44	4094.63	4028.57	4045.13	78468	0	4
2026.07.02	00:00:00	4045.06	4079.80	4030.85	4073.18	104430	0	4
2026.07.02	08:00:00	4073.21	4144.06	4057.51	4128.61	130427	0	4
2026.07.02	16:00:00	4128.70	4131.41	4100.41	4124.79	89622	0	4
2026.07.03	00:00:00	4124.81	4195.47	4121.19	4173.12	98815	0	4
2026.07.03	08:00:00	4173.24	4186.60	4168.53	4183.66	39572	0	4
