<DATE>	<TIME>	<OPEN>	<HIGH>	<LOW>	<CLOSE>	<TICKVOL>	<VOL>	<SPREAD>
2021.11.29	00:00:00	1795.46	1796.64	1789.97	1794.48	15639	0	6
2021.11.29	04:00:00	1794.47	1797.06	1791.21	1794.74	15198	0	6
2021.11.29	08:00:00	1794.77	1799.43	1792.94	1793.55	17639	0	6
2021.11.29	12:00:00	1793.55	1794.09	1784.25	1787.03	25754	0	6
2021.11.29	16:00:00	1787.00	1787.94	1781.19	1782.63	16491	0	6
2021.11.29	20:00:00	1782.66	1787.87	1782.08	1786.89	8036	0	6
2021.11.30	00:00:00	1786.89	1790.41	1782.98	1789.00	11388	0	6
2021.11.30	04:00:00	1788.99	1795.89	1788.03	1791.81	19000	0	6
2021.11.30	08:00:00	1791.81	1798.55	1791.53	1792.49	19665	0	6
2021.11.30	12:00:00	1792.53	1808.65	1783.37	1784.53	41782	0	6
2021.11.30	16:00:00	1784.57	1784.78	1769.90	1776.11	37276	0	6
2021.11.30	20:00:00	1776.14	1777.04	1770.92	1773.27	10261	0	6
2021.12.01	00:00:00	1773.28	1780.36	1772.67	1777.99	15276	0	6
2021.12.01	04:00:00	1778.01	1794.53	1777.37	1784.86	20749	0	5
2021.12.01	08:00:00	1784.90	1788.65	1776.69	1785.12	19003	0	5
2021.12.01	12:00:00	1785.15	1792.27	1782.74	1786.05	31562	0	6
2021.12.01	16:00:00	1786.01	1787.94	1779.28	1782.21	24128	0	6
2021.12.01	20:00:00	1782.19	1783.47	1777.39	1781.88	10921	0	6
2021.12.02	00:00:00	1781.92	1782.04	1779.12	1779.38	13041	0	6
2021.12.02	04:00:00	1779.38	1779.38	1774.95	1775.20	12027	0	6
2021.12.02	08:00:00	1775.23	1779.08	1767.36	1777.28	17636	0	5
2021.12.02	12:00:00	1777.27	1781.26	1763.29	1767.34	34402	0	6
2021.12.02	16:00:00	1767.37	1769.21	1761.91	1766.82	19271	0	6
2021.12.02	20:00:00	1766.85	1770.69	1766.33	1769.06	7645	0	6
2021.12.03	00:00:00	1769.05	1774.38	1767.56	1773.51	12259	0	5
2021.12.03	04:00:00	1773.52	1776.52	1770.29	1770.54	11486	0	6
2021.12.03	08:00:00	1770.57	1773.51	1766.15	1771.92	12860	0	5
2021.12.03	12:00:00	1771.95	1778.66	1766.42	1770.81	43182	0	6
2021.12.03	16:00:00	1770.78	1784.66	1769.83	1783.96	23594	0	6
2021.12.03	20:00:00	1783.93	1786.14	1782.23	1783.49	6605	0	6
2021.12.06	00:00:00	1782.90	1787.76	1782.22	1784.01	11782	0	5
2021.12.06	04:00:00	1784.00	1785.96	1781.14	1783.00	12102	0	5
2021.12.06	08:00:00	1782.97	1782.97	1777.79	1780.09	14282	0	6
2021.12.06	12:00:00	1780.11	1782.15	1775.68	1778.31	21481	0	6
2021.12.06	16:00:00	1778.31	1785.03	1777.73	1778.42	12452	0	5
2021.12.06	20:00:00	1778.43	1782.02	1778.10	1781.00	5847	0	5
2021.12.07	00:00:00	1780.97	1781.92	1777.42	1777.71	9554	0	5
2021.12.07	04:00:00	1777.69	1784.59	1776.91	1782.73	10500	0	5
2021.12.07	08:00:00	1782.77	1783.73	1777.44	1782.29	12576	0	5
2021.12.07	12:00:00	1782.32	1784.72	1772.12	1782.58	23561	0	6
2021.12.07	16:00:00	1782.57	1787.86	1781.99	1784.91	12984	0	5
2021.12.07	20:00:00	1784.89	1786.45	1783.69	1784.79	5280	0	5
2021.12.08	00:00:00	1784.75	1790.58	1784.54	1787.98	10053	0	6
2021.12.08	04:00:00	1787.98	1791.64	1786.61	1789.88	9507	0	5
2021.12.08	08:00:00	1789.84	1793.14	1782.91	1786.73	17085	0	6
2021.12.08	12:00:00	1786.71	1787.08	1779.65	1782.49	24347	0	5
2021.12.08	16:00:00	1782.53	1786.37	1781.16	1785.67	12212	0	6
2021.12.08	20:00:00	1785.70	1786.85	1782.36	1783.57	5779	0	6
2021.12.09	00:00:00	1783.54	1785.48	1782.21	1784.53	9397	0	6
2021.12.09	04:00:00	1784.54	1787.15	1783.28	1786.24	9805	0	5
2021.12.09	08:00:00	1786.21	1787.62	1779.41	1780.39	13858	0	6
2021.12.09	12:00:00	1780.36	1783.05	1773.71	1779.63	25503	0	6
2021.12.09	16:00:00	1779.60	1780.90	1773.49	1776.12	13741	0	6
2021.12.09	20:00:00	1776.13	1776.57	1774.78	1776.39	5020	0	5
2021.12.10	00:00:00	1776.40	1779.67	1775.62	1778.55	8415	0	5
2021.12.10	04:00:00	1778.54	1779.47	1771.41	1773.04	10714	0	5
2021.12.10	08:00:00	1773.04	1773.40	1770.14	1772.17	10608	0	5
2021.12.10	12:00:00	1772.14	1789.46	1771.76	1783.19	32300	0	6
2021.12.10	16:00:00	1783.23	1786.48	1781.44	1782.29	11722	0	5
2021.12.10	20:00:00	1782.33	1783.22	1781.85	1782.88	2904	0	5
2021.12.13	00:00:00	1783.32	1788.19	1782.52	1786.05	8701	0	5
2021.12.13	04:00:00	1786.05	1786.97	1783.29	1785.48	8049	0	5
2021.12.13	08:00:00	1785.51	1788.55	1783.38	1788.07	10703	0	6
2021.12.13	12:00:00	1788.07	1791.65	1781.84	1786.89	18860	0	5
2021.12.13	16:00:00	1786.91	1790.17	1786.17	1787.85	10374	0	6
2021.12.13	20:00:00	1787.82	1788.25	1785.07	1785.79	5535	0	5
2021.12.14	00:00:00	1785.82	1789.54	1785.13	1785.90	8913	0	5
2021.12.14	04:00:00	1785.89	1788.45	1784.15	1784.69	8047	0	5
2021.12.14	08:00:00	1784.66	1785.75	1782.04	1784.84	11363	0	6
2021.12.14	12:00:00	1784.83	1785.59	1766.48	1774.23	28421	0	5
2021.12.14	16:00:00	1774.20	1776.56	1771.03	1772.22	12234	0	6
2021.12.14	20:00:00	1772.21	1772.95	1770.33	1772.53	5212	0	5
2021.12.15	00:00:00	1772.55	1773.93	1769.65	1770.03	8983	0	5
2021.12.15	04:00:00	1770.04	1771.23	1766.72	1767.87	9521	0	5
2021.12.15	08:00:00	1767.84	1771.41	1767.45	1769.86	10336	0	6
2021.12.15	12:00:00	1769.81	1773.67	1764.14	1766.15	22492	0	6
2021.12.15	16:00:00	1766.15	1770.70	1753.12	1769.66	37080	0	6
2021.12.15	20:00:00	1769.63	1781.50	1768.49	1779.52	15822	0	6
2021.12.16	00:00:00	1779.54	1784.23	1775.57	1781.51	12666	0	5
2021.12.16	04:00:00	1781.49	1786.25	1781.01	1784.57	10300	0	5
2021.12.16	08:00:00	1784.61	1788.35	1784.61	1787.33	11389	0	6
2021.12.16	12:00:00	1787.34	1798.21	1782.23	1797.39	29307	0	6
2021.12.16	16:00:00	1797.37	1799.09	1795.02	1797.02	13039	0	6
2021.12.16	20:00:00	1797.01	1799.69	1796.88	1798.77	6650	0	6
2021.12.17	00:00:00	1798.81	1804.36	1797.31	1803.15	11384	0	5
2021.12.17	04:00:00	1803.12	1809.66	1802.03	1809.16	12155	0	5
2021.12.17	08:00:00	1809.13	1809.99	1805.96	1809.08	12219	0	6
2021.12.17	12:00:00	1809.11	1814.27	1804.15	1804.59	22273	0	5
2021.12.17	16:00:00	1804.61	1806.54	1799.96	1801.61	13414	0	6
2021.12.17	20:00:00	1801.62	1801.68	1795.86	1798.13	5270	0	6
2021.12.20	00:00:00	1800.13	1802.58	1799.07	1801.87	10663	0	5
2021.12.20	04:00:00	1801.86	1804.16	1798.08	1798.26	10121	0	5
2021.12.20	08:00:00	1798.22	1802.36	1794.85	1795.51	12028	0	5
2021.12.20	12:00:00	1795.48	1800.09	1791.76	1793.71	20330	0	6
2021.12.20	16:00:00	1793.67	1796.07	1790.41	1790.45	12689	0	5
2021.12.20	20:00:00	1790.45	1792.05	1788.36	1791.68	6958	0	5
2021.12.21	00:00:00	1791.69	1792.60	1789.29	1791.92	10152	0	5
2021.12.21	04:00:00	1791.89	1794.07	1788.84	1793.25	9794	0	5
2021.12.21	08:00:00	1793.23	1798.28	1792.45	1797.87	11700	0	5
2021.12.21	12:00:00	1797.90	1800.41	1784.87	1786.03	19452	0	6
2021.12.21	16:00:00	1786.07	1789.31	1785.31	1788.20	11885	0	5
2021.12.21	20:00:00	1788.22	1790.62	1787.70	1790.54	5279	0	5
2021.12.22	00:00:00	1790.54	1791.23	1788.37	1789.21	8393	0	6
2021.12.22	04:00:00	1789.21	1789.32	1786.15	1786.94	8022	0	5
2021.12.22	08:00:00	1786.97	1791.49	1785.92	1791.05	10901	0	6
2021.12.22	12:00:00	1791.05	1795.89	1788.94	1795.78	16434	0	6
2021.12.22	16:00:00	1795.76	1803.90	1795.76	1803.68	12625	0	6
2021.12.22	20:00:00	1803.69	1805.03	1803.14	1803.73	5302	0	6
2021.12.23	00:00:00	1803.73	1808.38	1803.17	1805.65	8989	0	5
2021.12.23	04:00:00	1805.66	1808.29	1804.88	1805.97	8071	0	6
2021.12.23	08:00:00	1805.94	1808.10	1804.20	1806.39	9496	0	5
2021.12.23	12:00:00	1806.39	1810.03	1798.78	1806.01	18724	0	6
2021.12.23	16:00:00	1806.00	1810.76	1805.77	1809.36	9621	0	6
2021.12.23	20:00:00	1809.33	1809.52	1807.49	1808.52	2649	0	6
2021.12.27	00:00:00	1807.32	1811.91	1806.67	1811.03	8449	0	5
2021.12.27	04:00:00	1811.02	1811.03	1807.67	1808.83	7373	0	5
2021.12.27	08:00:00	1808.80	1809.38	1804.78	1806.39	7749	0	6
2021.12.27	12:00:00	1806.39	1813.45	1802.97	1812.79	15317	0	6
2021.12.27	16:00:00	1812.82	1813.07	1806.73	1809.28	10845	0	5
2021.12.27	20:00:00	1809.29	1812.70	1808.77	1812.42	3931	0	6
2021.12.28	00:00:00	1812.43	1812.69	1808.55	1810.00	6857	0	5
2021.12.28	04:00:00	1809.99	1816.08	1809.60	1813.86	7963	0	5
2021.12.28	08:00:00	1813.86	1818.35	1813.61	1817.82	7743	0	5
2021.12.28	12:00:00	1817.84	1820.26	1810.03	1811.49	18747	0	6
2021.12.28	16:00:00	1811.46	1812.32	1805.07	1807.06	11818	0	6
2021.12.28	20:00:00	1807.04	1807.32	1805.13	1806.63	5214	0	6
2021.12.29	00:00:00	1806.63	1807.70	1804.11	1806.70	8388	0	5
2021.12.29	04:00:00	1806.70	1807.49	1804.20	1804.42	6991	0	6
2021.12.29	08:00:00	1804.40	1805.34	1794.23	1797.04	11983	0	6
2021.12.29	12:00:00	1797.00	1802.26	1789.38	1799.96	22176	0	6
2021.12.29	16:00:00	1799.93	1805.75	1799.93	1805.14	12433	0	6
2021.12.29	20:00:00	1805.15	1805.54	1803.74	1804.59	4481	0	6
2021.12.30	00:00:00	1804.60	1805.57	1801.30	1801.58	8706	0	6
2021.12.30	04:00:00	1801.55	1801.89	1796.24	1798.29	8619	0	6
2021.12.30	08:00:00	1798.42	1803.31	1798.20	1802.66	9119	0	6
2021.12.30	12:00:00	1802.63	1808.65	1798.82	1807.20	18986	0	6
2021.12.30	16:00:00	1807.21	1815.36	1806.87	1815.19	11736	0	6
2021.12.30	20:00:00	1815.17	1817.18	1814.53	1815.77	4943	0	6
2021.12.31	00:00:00	1815.63	1819.07	1814.77	1817.15	9157	0	6
2021.12.31	04:00:00	1817.16	1820.12	1816.71	1816.78	7233	0	6
2021.12.31	08:00:00	1816.79	1820.32	1815.17	1819.61	8134	0	5
2021.12.31	12:00:00	1819.60	1827.49	1818.58	1822.04	19870	0	6
2021.12.31	16:00:00	1822.01	1828.79	1821.65	1827.68	13270	0	6
2022.01.03	00:00:00	1828.47	1831.56	1824.14	1825.75	9270	0	5
2022.01.03	04:00:00	1825.76	1826.02	1820.99	1824.22	7360	0	5
2022.01.03	08:00:00	1824.19	1827.53	1821.42	1822.89	9959	0	6
2022.01.03	12:00:00	1822.90	1823.25	1799.83	1801.91	30512	0	6
2022.01.03	16:00:00	1801.91	1803.02	1798.37	1801.72	13816	0	6
2022.01.03	20:00:00	1801.73	1804.59	1801.00	1804.17	5537	0	6
2022.01.04	00:00:00	1804.20	1807.11	1802.97	1804.24	11166	0	6
2022.01.04	04:00:00	1804.25	1807.42	1803.20	1805.78	9824	0	6
2022.01.04	08:00:00	1805.81	1808.66	1801.97	1804.08	13070	0	6
2022.01.04	12:00:00	1804.05	1816.75	1798.52	1814.61	27516	0	6
2022.01.04	16:00:00	1814.64	1815.61	1811.68	1814.57	12829	0	6
2022.01.04	20:00:00	1814.57	1815.43	1813.10	1813.94	4599	0	5
2022.01.05	00:00:00	1813.95	1816.52	1812.78	1815.47	8372	0	6
2022.01.05	04:00:00	1815.47	1817.08	1812.48	1813.50	8482	0	5
2022.01.05	08:00:00	1813.50	1820.77	1813.38	1818.71	11327	0	5
2022.01.05	12:00:00	1818.69	1829.67	1814.88	1823.31	23392	0	6
2022.01.05	16:00:00	1823.34	1825.64	1812.48	1812.94	19503	0	6
2022.01.05	20:00:00	1812.97	1814.25	1808.32	1810.31	8780	0	6
2022.01.06	00:00:00	1810.34	1811.55	1806.59	1807.03	11524	0	6
2022.01.06	04:00:00	1807.04	1807.55	1799.26	1800.98	13969	0	6
2022.01.06	08:00:00	1800.97	1807.05	1793.67	1797.47	18508	0	6
2022.01.06	12:00:00	1797.45	1800.45	1786.89	1790.68	34316	0	6
2022.01.06	16:00:00	1790.70	1793.52	1786.40	1788.04	14659	0	6
2022.01.06	20:00:00	1788.01	1791.68	1787.45	1791.43	5905	0	6
2022.01.07	00:00:00	1791.45	1793.20	1789.82	1792.85	8973	0	5
2022.01.07	04:00:00	1792.85	1792.99	1788.06	1789.86	8660	0	5
2022.01.07	08:00:00	1789.88	1793.96	1787.80	1793.38	10818	0	5
2022.01.07	12:00:00	1793.35	1796.09	1782.49	1789.29	37168	0	6
2022.01.07	16:00:00	1789.32	1798.68	1789.31	1796.77	15910	0	5
2022.01.07	20:00:00	1796.79	1797.51	1794.36	1796.97	3951	0	6
2022.01.10	00:00:00	1795.17	1796.80	1791.69	1792.13	12934	0	5
2022.01.10	04:00:00	1792.09	1795.66	1791.35	1793.65	9117	0	5
2022.01.10	08:00:00	1793.64	1802.32	1792.16	1800.57	17499	0	5
2022.01.10	12:00:00	1800.54	1801.37	1790.35	1793.43	28210	0	0
2022.01.10	16:00:00	1793.43	1801.67	1793.34	1800.92	13690	0	0
2022.01.10	20:00:00	1800.89	1802.79	1799.64	1801.25	4876	0	0
2022.01.11	00:00:00	1801.22	1807.80	1801.22	1805.98	9414	0	0
2022.01.11	04:00:00	1805.96	1809.86	1805.59	1809.25	9932	0	0
2022.01.11	08:00:00	1809.18	1810.30	1804.35	1806.51	13964	0	0
2022.01.11	12:00:00	1806.51	1812.18	1801.80	1811.68	24971	0	0
2022.01.11	16:00:00	1811.71	1821.20	1810.03	1820.87	18515	0	0
2022.01.11	20:00:00	1820.87	1823.27	1820.00	1820.73	5695	0	0
2022.01.12	00:00:00	1820.61	1822.54	1818.12	1818.13	9048	0	0
2022.01.12	04:00:00	1818.13	1821.54	1815.87	1817.25	8250	0	0
2022.01.12	08:00:00	1817.26	1818.56	1814.72	1817.22	13521	0	0
2022.01.12	12:00:00	1817.21	1825.39	1816.35	1823.79	28673	0	0
2022.01.12	16:00:00	1823.83	1828.02	1820.18	1827.95	15888	0	0
2022.01.12	20:00:00	1827.95	1828.07	1824.89	1825.35	4583	0	0
2022.01.13	00:00:00	1825.27	1826.66	1824.05	1825.17	7930	0	0
2022.01.13	04:00:00	1825.17	1828.18	1823.49	1826.70	7860	0	0
2022.01.13	08:00:00	1826.71	1827.64	1819.05	1823.62	15322	0	0
2022.01.13	12:00:00	1823.66	1825.98	1814.25	1814.65	27725	0	0
2022.01.13	16:00:00	1814.65	1821.94	1812.31	1821.06	18821	0	0
2022.01.13	20:00:00	1821.08	1822.89	1820.77	1820.87	4993	0	0
2022.01.14	00:00:00	1820.87	1827.27	1819.62	1826.07	11947	0	0
2022.01.14	04:00:00	1826.06	1828.12	1825.56	1826.76	9366	0	0
2022.01.14	08:00:00	1826.76	1829.22	1819.77	1822.52	15205	0	0
2022.01.14	12:00:00	1822.48	1827.59	1819.24	1821.11	31882	0	0
2022.01.14	16:00:00	1821.12	1821.96	1814.69	1818.27	16817	0	0
2022.01.14	20:00:00	1818.27	1818.93	1816.41	1817.38	4241	0	0
2022.01.17	00:00:00	1816.48	1819.45	1813.12	1818.88	10062	0	0
2022.01.17	04:00:00	1818.88	1822.34	1818.26	1821.98	7107	0	0
2022.01.17	08:00:00	1821.98	1823.17	1819.85	1821.31	9073	0	0
2022.01.17	12:00:00	1821.31	1821.52	1817.70	1818.91	14776	0	0
2022.01.17	16:00:00	1818.90	1820.02	1818.13	1819.11	4238	0	5
2022.01.17	20:00:00	1818.73	1819.31	1818.35	1819.01	898	0	8
2022.01.18	00:00:00	1819.01	1822.74	1815.23	1816.30	12984	0	5
2022.01.18	04:00:00	1816.31	1818.20	1813.03	1816.21	16107	0	5
2022.01.18	08:00:00	1816.21	1817.25	1809.20	1813.08	18787	0	5
2022.01.18	12:00:00	1813.11	1820.04	1805.79	1819.85	40239	0	5
2022.01.18	16:00:00	1819.85	1820.07	1810.61	1814.07	20878	0	5
2022.01.18	20:00:00	1814.00	1815.32	1813.08	1814.26	6860	0	5
2022.01.19	00:00:00	1814.29	1814.52	1810.25	1811.70	14372	0	5
2022.01.19	04:00:00	1811.65	1815.27	1811.13	1811.52	15599	0	5
2022.01.19	08:00:00	1811.52	1819.94	1811.36	1818.65	17977	0	5
2022.01.19	12:00:00	1817.77	1838.76	1817.06	1838.30	27363	0	0
2022.01.19	16:00:00	1838.35	1843.32	1837.16	1842.77	20402	0	0
2022.01.19	20:00:00	1842.79	1843.33	1838.31	1838.53	7179	0	0
2022.01.20	00:00:00	1838.52	1844.06	1837.98	1839.68	13765	0	0
2022.01.20	04:00:00	1839.66	1841.18	1838.50	1839.13	10876	0	0
2022.01.20	08:00:00	1839.12	1842.16	1836.74	1839.50	14210	0	0
2022.01.20	12:00:00	1839.50	1847.93	1835.97	1846.93	28219	0	0
2022.01.20	16:00:00	1846.87	1846.89	1838.59	1840.12	16771	0	0
2022.01.20	20:00:00	1840.09	1840.53	1837.37	1838.92	8246	0	0
2022.01.21	00:00:00	1838.94	1842.08	1836.30	1840.80	13857	0	0
2022.01.21	04:00:00	1840.80	1842.80	1836.78	1838.03	10696	0	0
2022.01.21	08:00:00	1838.03	1839.08	1828.49	1832.01	16766	0	0
2022.01.21	12:00:00	1832.01	1843.22	1831.15	1834.58	30277	0	0
2022.01.21	16:00:00	1834.58	1835.17	1830.20	1831.61	18914	0	0
2022.01.21	20:00:00	1831.56	1834.95	1828.54	1834.39	5368	0	0
2022.01.24	00:00:00	1834.71	1837.46	1832.58	1836.55	10509	0	0
2022.01.24	04:00:00	1836.56	1839.62	1836.22	1837.98	9992	0	0
2022.01.24	08:00:00	1837.98	1844.35	1837.14	1838.23	19672	0	0
2022.01.24	12:00:00	1838.23	1843.07	1829.67	1834.49	33069	0	0
2022.01.24	16:00:00	1834.49	1843.09	1832.58	1838.75	28795	0	0
2022.01.24	20:00:00	1838.77	1844.06	1837.73	1843.64	9161	0	0
2022.01.25	00:00:00	1843.66	1843.69	1839.46	1842.25	11576	0	0
2022.01.25	04:00:00	1842.25	1843.35	1840.38	1840.82	10485	0	0
2022.01.25	08:00:00	1840.82	1843.20	1834.85	1837.68	18378	0	0
2022.01.25	12:00:00	1837.71	1852.87	1837.60	1846.94	30079	0	0
2022.01.25	16:00:00	1846.94	1853.88	1845.15	1851.77	21103	0	0
2022.01.25	20:00:00	1851.77	1851.98	1847.01	1849.53	6060	0	0
2022.01.26	00:00:00	1849.47	1849.59	1846.53	1847.07	7387	0	0
2022.01.26	04:00:00	1847.11	1848.71	1843.79	1843.99	7230	0	0
2022.01.26	08:00:00	1843.99	1847.82	1842.87	1843.16	13621	0	0
2022.01.26	12:00:00	1843.20	1848.10	1831.22	1834.13	28616	0	0
2022.01.26	16:00:00	1834.16	1834.51	1815.58	1819.58	26043	0	0
2022.01.26	20:00:00	1819.56	1822.15	1814.98	1821.97	15002	0	0
2022.01.27	00:00:00	1821.99	1822.00	1813.05	1816.03	15293	0	0
2022.01.27	04:00:00	1816.01	1816.53	1809.98	1810.99	15591	0	0
2022.01.27	08:00:00	1810.96	1816.91	1807.61	1811.42	18940	0	0
2022.01.27	12:00:00	1811.41	1813.76	1795.71	1796.50	34261	0	0
2022.01.27	16:00:00	1796.48	1798.46	1791.82	1792.98	22184	0	0
2022.01.27	20:00:00	1792.99	1798.30	1792.29	1797.30	8255	0	0
2022.01.28	00:00:00	1797.28	1799.44	1795.09	1799.16	9677	0	0
2022.01.28	04:00:00	1799.14	1799.40	1795.76	1796.03	10213	0	0
2022.01.28	08:00:00	1795.96	1795.96	1780.31	1785.65	19354	0	0
2022.01.28	12:00:00	1785.65	1793.03	1780.68	1782.82	32655	0	0
2022.01.28	16:00:00	1782.82	1788.33	1781.94	1787.03	19204	0	0
2022.01.28	20:00:00	1787.04	1792.09	1786.83	1791.81	4465	0	0
2022.01.31	00:00:00	1789.59	1790.33	1786.33	1787.10	8349	0	0
2022.01.31	04:00:00	1787.12	1789.41	1785.59	1788.91	8135	0	0
2022.01.31	08:00:00	1789.06	1793.62	1787.06	1792.30	13876	0	0
2022.01.31	12:00:00	1792.32	1799.64	1789.59	1796.30	25186	0	0
2022.01.31	16:00:00	1796.31	1799.92	1794.91	1798.45	16920	0	0
2022.01.31	20:00:00	1798.46	1799.77	1796.35	1797.86	7056	0	0
2022.02.01	00:00:00	1797.84	1799.39	1795.76	1796.62	5824	0	0
2022.02.01	04:00:00	1796.61	1804.43	1796.32	1804.08	9028	0	0
2022.02.01	08:00:00	1803.75	1808.28	1801.90	1806.22	13352	0	0
2022.02.01	12:00:00	1806.19	1808.78	1797.79	1804.39	27795	0	0
2022.02.01	16:00:00	1804.39	1807.95	1799.47	1799.49	14958	0	0
2022.02.01	20:00:00	1799.45	1802.40	1798.62	1800.77	5852	0	0
2022.02.02	00:00:00	1800.79	1801.66	1797.33	1797.68	5215	0	0
2022.02.02	04:00:00	1797.68	1799.08	1794.41	1796.76	7434	0	0
2022.02.02	08:00:00	1796.76	1803.71	1796.42	1802.87	13885	0	0
2022.02.02	12:00:00	1802.87	1810.72	1800.57	1808.54	25730	0	0
2022.02.02	16:00:00	1808.56	1810.79	1807.39	1807.52	14843	0	0
2022.02.02	20:00:00	1807.53	1808.30	1805.19	1807.93	5350	0	0
2022.02.03	00:00:00	1807.91	1808.96	1805.95	1807.07	5321	0	0
2022.02.03	04:00:00	1807.07	1807.21	1803.14	1804.58	6513	0	0
2022.02.03	08:00:00	1804.58	1806.08	1802.21	1804.20	12348	0	0
2022.02.03	12:00:00	1804.10	1805.15	1788.70	1803.28	36263	0	0
2022.02.03	16:00:00	1803.07	1807.62	1801.12	1805.12	17240	0	0
2022.02.03	20:00:00	1805.13	1806.54	1804.58	1805.73	5245	0	0
2022.02.04	00:00:00	1805.73	1807.58	1805.03	1806.55	5838	0	0
2022.02.04	04:00:00	1806.51	1809.21	1805.86	1807.36	8045	0	0
2022.02.04	08:00:00	1807.36	1814.52	1806.27	1810.99	15537	0	0
2022.02.04	12:00:00	1811.01	1814.92	1792.19	1803.93	31497	0	0
2022.02.04	16:00:00	1803.94	1808.73	1803.17	1806.86	14060	0	0
2022.02.04	20:00:00	1806.90	1808.29	1806.04	1808.20	3547	0	0
2022.02.07	00:00:00	1810.05	1815.27	1808.75	1809.85	12322	0	0
2022.02.07	04:00:00	1809.89	1813.03	1808.74	1813.02	8869	0	0
2022.02.07	08:00:00	1813.12	1814.18	1810.06	1813.64	16321	0	0
2022.02.07	12:00:00	1813.64	1817.16	1811.73	1815.89	22360	0	0
2022.02.07	16:00:00	1815.89	1823.57	1814.31	1822.35	14795	0	0
2022.02.07	20:00:00	1822.36	1822.66	1820.27	1822.03	4254	0	0
2022.02.08	00:00:00	1822.01	1823.31	1820.29	1821.90	9175	0	0
2022.02.08	04:00:00	1821.91	1822.38	1815.46	1817.38	10434	0	0
2022.02.08	08:00:00	1817.34	1821.06	1817.21	1818.13	11693	0	0
2022.02.08	12:00:00	1818.13	1828.36	1817.28	1824.61	21016	0	0
2022.02.08	16:00:00	1824.61	1828.77	1824.42	1827.06	10476	0	0
2022.02.08	20:00:00	1826.98	1827.84	1825.48	1825.96	4701	0	0
2022.02.09	00:00:00	1825.98	1828.76	1825.07	1828.11	7964	0	0
2022.02.09	04:00:00	1828.11	1829.12	1825.77	1826.71	7793	0	0
2022.02.09	08:00:00	1826.77	1828.40	1825.70	1826.92	9639	0	0
2022.02.09	12:00:00	1826.93	1832.56	1824.69	1828.44	22418	0	0
2022.02.09	16:00:00	1828.48	1835.85	1828.34	1833.36	11491	0	0
2022.02.09	20:00:00	1833.39	1833.49	1831.19	1832.63	3827	0	0
2022.02.10	00:00:00	1832.64	1834.75	1831.53	1834.13	7052	0	0
2022.02.10	04:00:00	1834.13	1836.15	1833.52	1834.78	6971	0	0
2022.02.10	08:00:00	1834.67	1834.87	1830.41	1832.37	10625	0	0
2022.02.10	12:00:00	1832.36	1840.58	1821.65	1835.69	30175	0	0
2022.02.10	16:00:00	1835.68	1841.96	1828.92	1829.72	24501	0	0
2022.02.10	20:00:00	1829.77	1830.30	1825.70	1826.83	9681	0	0
2022.02.11	00:00:00	1826.86	1827.16	1823.76	1825.00	11098	0	0
2022.02.11	04:00:00	1825.00	1826.20	1820.98	1826.19	13453	0	0
2022.02.11	08:00:00	1826.17	1827.80	1825.20	1827.32	13271	0	0
2022.02.11	12:00:00	1827.34	1837.11	1824.96	1835.91	27114	0	0
2022.02.11	16:00:00	1835.94	1862.22	1832.78	1858.93	29959	0	0
2022.02.11	20:00:00	1858.84	1865.50	1857.58	1859.00	11744	0	0
2022.02.14	00:00:00	1859.61	1860.72	1852.24	1853.09	16224	0	0
2022.02.14	04:00:00	1853.07	1855.27	1850.81	1854.43	13867	0	0
2022.02.14	08:00:00	1854.41	1858.49	1852.20	1856.40	22856	0	0
2022.02.14	12:00:00	1856.40	1871.02	1851.28	1868.22	37979	0	0
2022.02.14	16:00:00	1868.22	1874.15	1860.32	1868.13	23526	0	0
2022.02.14	20:00:00	1868.12	1873.56	1868.11	1871.09	6783	0	0
2022.02.15	00:00:00	1871.10	1879.08	1870.17	1877.40	12581	0	0
2022.02.15	04:00:00	1877.39	1879.49	1875.32	1875.71	12360	0	0
2022.02.15	08:00:00	1875.72	1877.22	1849.98	1852.50	24824	0	0
2022.02.15	12:00:00	1852.53	1857.06	1844.56	1847.96	31777	0	0
2022.02.15	16:00:00	1848.01	1856.54	1846.52	1854.44	15135	0	0
2022.02.15	20:00:00	1854.46	1856.25	1851.55	1852.95	5464	0	0
2022.02.16	00:00:00	1852.97	1853.15	1850.30	1852.78	9080	0	0
2022.02.16	04:00:00	1852.77	1856.78	1852.29	1855.26	8962	0	0
2022.02.16	08:00:00	1855.22	1859.62	1853.99	1856.42	13162	0	0
2022.02.16	12:00:00	1856.42	1864.87	1851.45	1862.74	25123	0	0
2022.02.16	16:00:00	1862.71	1872.31	1861.51	1870.39	21602	0	0
2022.02.16	20:00:00	1870.39	1872.57	1867.49	1869.98	7792	0	0
2022.02.17	00:00:00	1870.01	1874.90	1867.85	1874.70	10739	0	0
2022.02.17	04:00:00	1874.94	1877.22	1870.58	1876.16	20100	0	0
2022.02.17	08:00:00	1876.12	1893.33	1875.36	1883.61	22989	0	0
2022.02.17	12:00:00	1883.63	1897.74	1882.81	1895.38	33352	0	0
2022.02.17	16:00:00	1895.34	1901.12	1893.16	1899.98	19712	0	0
2022.02.17	20:00:00	1899.98	1900.28	1897.36	1899.97	6024	0	0
2022.02.18	00:00:00	1900.01	1902.49	1888.37	1891.10	15603	0	0
2022.02.18	04:00:00	1891.08	1893.49	1889.59	1891.73	12007	0	0
2022.02.18	08:00:00	1891.76	1895.86	1886.58	1891.23	17556	0	0
2022.02.18	12:00:00	1891.24	1899.99	1889.40	1891.89	29882	0	0
2022.02.18	16:00:00	1891.87	1897.96	1891.24	1895.54	21311	0	0
2022.02.18	20:00:00	1895.50	1899.50	1893.62	1897.44	5943	0	0
2022.02.21	00:00:00	1904.87	1908.26	1891.61	1896.90	15543	0	0
2022.02.21	04:00:00	1896.88	1897.08	1887.66	1891.73	12347	0	0
2022.02.21	08:00:00	1891.72	1898.71	1891.33	1894.65	14903	0	0
2022.02.21	12:00:00	1894.64	1897.54	1892.43	1895.43	16720	0	0
2022.02.21	16:00:00	1895.42	1906.10	1895.39	1903.03	8456	0	0
2022.02.21	20:00:00	1910.30	1914.10	1907.99	1909.56	3932	0	0
2022.02.22	00:00:00	1909.53	1913.93	1905.31	1908.50	18176	0	0
2022.02.22	04:00:00	1908.49	1913.42	1907.28	1908.67	14556	0	0
2022.02.22	08:00:00	1908.71	1911.70	1891.42	1893.84	27781	0	0
2022.02.22	12:00:00	1893.86	1907.21	1893.74	1897.92	36283	0	0
2022.02.22	16:00:00	1897.90	1905.72	1896.85	1901.59	25187	0	0
2022.02.22	20:00:00	1901.58	1901.70	1896.08	1898.27	7649	0	0
2022.02.23	00:00:00	1898.37	1901.30	1897.91	1899.79	9591	0	0
2022.02.23	04:00:00	1899.80	1899.84	1893.39	1894.84	10538	0	0
2022.02.23	08:00:00	1894.84	1896.30	1894.65	1894.69	321	0	0
2022.05.31	08:00:00	1852.01	1852.08	1852.01	1852.07	9	0	6
2022.07.25	00:00:00	1724.71	1728.91	1719.95	1727.50	16804	0	0
2022.07.25	04:00:00	1727.47	1729.20	1723.81	1725.68	17547	0	0
2022.07.25	08:00:00	1725.72	1736.28	1725.38	1725.98	20852	0	0
2022.07.25	12:00:00	1726.29	1727.43	1714.77	1716.48	33887	0	0
2022.07.25	16:00:00	1716.50	1721.47	1715.54	1719.12	12696	0	0
2022.07.25	20:00:00	1719.09	1719.83	1718.03	1718.99	3676	0	0
2022.07.26	00:00:00	1718.99	1728.22	1718.71	1724.08	14128	0	0
2022.07.26	04:00:00	1724.08	1727.84	1721.04	1724.79	14058	0	0
2022.07.26	08:00:00	1724.79	1725.81	1716.17	1717.83	17921	0	0
2022.07.26	12:00:00	1717.83	1721.93	1713.66	1717.01	30281	0	0
2022.07.26	16:00:00	1717.11	1720.24	1716.36	1717.64	13737	0	0
2022.07.26	20:00:00	1717.62	1718.58	1716.88	1717.96	3512	0	2
2022.07.27	00:00:00	1717.97	1720.13	1715.81	1716.77	11909	0	0
2022.07.27	04:00:00	1716.80	1721.95	1713.67	1719.78	13735	0	0
2022.07.27	08:00:00	1719.82	1725.22	1719.70	1720.68	14949	0	0
2022.07.27	12:00:00	1720.67	1723.24	1711.52	1718.84	25770	0	0
2022.07.27	16:00:00	1718.88	1740.32	1718.49	1734.47	29808	0	0
2022.07.27	20:00:00	1734.52	1739.88	1733.15	1738.80	5792	0	1
2022.07.28	00:00:00	1738.80	1741.73	1734.06	1736.99	16776	0	0
2022.07.28	04:00:00	1737.07	1744.73	1735.45	1744.27	16385	0	0
2022.07.28	08:00:00	1744.24	1748.53	1737.81	1740.38	20737	0	0
2022.07.28	12:00:00	1740.34	1756.87	1736.09	1753.06	46780	0	0
2022.07.28	16:00:00	1753.11	1755.60	1750.39	1755.35	17815	0	0
2022.07.28	20:00:00	1755.31	1757.11	1754.19	1754.88	4927	0	0
2022.07.29	00:00:00	1754.92	1763.89	1752.61	1762.94	16765	0	0
2022.07.29	04:00:00	1762.94	1767.93	1760.64	1766.51	19302	0	0
2022.07.29	08:00:00	1766.51	1766.51	1756.40	1761.24	20120	0	0
2022.07.29	12:00:00	1761.23	1767.16	1751.98	1765.93	42296	0	0
2022.07.29	16:00:00	1765.88	1766.73	1760.93	1761.08	17244	0	0
2022.07.29	20:00:00	1761.86	1766.22	1761.49	1766.02	1919	0	0
2022.08.01	00:00:00	1762.20	1765.86	1760.63	1762.12	17306	0	0
2022.08.01	04:00:00	1762.10	1767.42	1758.37	1764.45	16317	0	0
2022.08.01	08:00:00	1764.57	1774.96	1762.31	1772.70	19249	0	0
2022.08.01	12:00:00	1772.70	1775.23	1764.22	1768.94	38354	0	0
2022.08.01	16:00:00	1768.87	1773.43	1766.57	1770.94	15655	0	0
2022.08.01	20:00:00	1770.97	1772.56	1770.82	1772.18	3461	0	0
2022.08.02	00:00:00	1772.24	1780.58	1770.89	1774.68	17520	0	0
2022.08.02	04:00:00	1774.67	1776.16	1768.96	1772.25	17054	0	0
2022.08.02	08:00:00	1772.19	1779.78	1770.44	1778.64	17388	0	0
2022.08.02	12:00:00	1778.64	1788.06	1774.64	1778.12	42712	0	0
2022.08.02	16:00:00	1778.12	1778.48	1760.50	1760.64	24177	0	0
2022.08.02	20:00:00	1760.60	1763.62	1754.95	1756.72	5687	0	0
2022.08.03	00:00:00	1756.69	1769.38	1755.50	1768.91	14631	0	0
2022.08.03	04:00:00	1768.91	1770.64	1764.97	1766.17	15082	0	0
2022.08.03	08:00:00	1766.26	1768.36	1760.30	1765.54	14928	0	0
2022.08.03	12:00:00	1765.54	1772.80	1754.34	1758.47	33238	0	0
2022.08.03	16:00:00	1758.48	1766.28	1757.46	1765.34	11875	0	0
2022.08.03	20:00:00	1765.34	1766.06	1763.14	1763.65	2057	0	1
2022.08.04	00:00:00	1763.65	1771.55	1763.33	1770.72	9972	0	0
2022.08.04	04:00:00	1770.72	1774.85	1769.12	1773.14	9620	0	0
2022.08.04	08:00:00	1773.04	1786.28	1772.84	1785.72	14422	0	0
2022.08.04	12:00:00	1785.72	1790.31	1774.30	1787.80	34259	0	0
2022.08.04	16:00:00	1787.81	1794.95	1787.17	1793.65	13788	0	6
2022.08.04	20:00:00	1793.55	1793.68	1789.63	1793.40	4244	0	12
2022.08.05	00:00:00	1793.40	1794.89	1788.73	1792.18	15434	0	6
2022.08.05	04:00:00	1792.18	1792.96	1788.57	1790.51	13973	0	5
2022.08.05	08:00:00	1790.51	1790.74	1783.91	1787.88	17072	0	6
2022.08.05	12:00:00	1787.88	1789.24	1764.98	1773.72	49130	0	5
2022.08.05	16:00:00	1773.71	1776.10	1771.60	1773.54	15472	0	5
2022.08.05	20:00:00	1773.51	1775.31	1772.99	1775.31	1244	0	12
2022.08.08	00:00:00	1774.56	1775.47	1771.19	1773.36	13609	0	10
2022.08.08	04:00:00	1773.35	1779.15	1771.26	1777.76	14262	0	10
2022.08.08	08:00:00	1777.74	1783.25	1772.56	1782.92	16042	0	9
2022.08.08	12:00:00	1782.92	1790.01	1780.70	1787.20	30271	0	8
2022.08.08	16:00:00	1787.20	1789.37	1785.70	1788.54	12617	0	9
2022.08.08	20:00:00	1788.51	1790.63	1787.82	1789.22	3171	0	16
2022.08.09	00:00:00	1789.22	1790.15	1783.23	1785.74	13206	0	10
2022.08.09	04:00:00	1785.73	1789.24	1783.61	1787.07	10199	0	9
2022.08.09	08:00:00	1787.07	1794.71	1786.43	1789.45	16977	0	6
2022.08.09	12:00:00	1789.45	1800.45	1788.03	1796.19	30082	0	8
2022.08.09	16:00:00	1796.20	1798.32	1793.34	1794.03	11715	0	9
2022.08.09	20:00:00	1794.03	1794.98	1793.13	1794.08	2689	0	11
2022.08.10	00:00:00	1794.08	1794.61	1790.97	1791.25	9809	0	10
2022.08.10	04:00:00	1791.24	1791.82	1787.62	1790.48	10956	0	10
2022.08.10	08:00:00	1790.51	1795.29	1788.63	1792.36	16092	0	9
2022.08.10	12:00:00	1792.36	1807.87	1787.94	1798.03	47771	0	7
2022.08.10	16:00:00	1798.03	1800.14	1788.16	1790.31	19656	0	9
2022.08.10	20:00:00	1790.31	1792.76	1789.96	1791.69	3470	0	11
2022.08.11	00:00:00	1791.71	1792.45	1784.48	1785.81	11579	0	10
2022.08.11	04:00:00	1785.83	1788.32	1783.59	1788.01	14630	0	10
2022.08.11	08:00:00	1788.01	1795.16	1785.56	1794.91	13353	0	6
2022.08.11	12:00:00	1794.90	1799.31	1786.39	1790.46	42313	0	8
2022.08.11	16:00:00	1790.48	1791.93	1785.04	1785.65	17547	0	9
2022.08.11	20:00:00	1785.65	1789.66	1785.54	1788.95	4328	0	11
2022.08.12	00:00:00	1788.93	1791.46	1786.29	1791.12	10762	0	10
2022.08.12	04:00:00	1791.11	1794.12	1787.32	1788.77	12715	0	10
2022.08.12	08:00:00	1788.76	1789.79	1784.88	1785.35	18708	0	10
2022.08.12	12:00:00	1785.33	1798.72	1784.94	1794.92	37479	0	9
2022.08.12	16:00:00	1794.92	1802.11	1794.92	1801.44	15558	0	9
2022.08.12	20:00:00	1801.47	1801.88	1800.20	1801.80	1311	0	16
2022.08.15	00:00:00	1799.09	1801.76	1794.00	1795.39	12280	0	10
2022.08.15	04:00:00	1795.40	1795.47	1786.15	1786.89	13148	0	10
2022.08.15	08:00:00	1786.81	1788.12	1772.98	1775.12	24094	0	9
2022.08.15	12:00:00	1775.18	1786.48	1773.02	1780.78	36132	0	9
2022.08.15	16:00:00	1780.86	1784.14	1777.48	1779.01	14505	0	8
2022.08.15	20:00:00	1778.99	1780.42	1777.78	1778.52	4319	0	11
2022.08.16	00:00:00	1778.60	1783.09	1776.83	1781.29	11486	0	10
2022.08.16	04:00:00	1781.29	1782.11	1775.95	1776.06	11112	0	10
2022.08.16	08:00:00	1776.00	1777.82	1773.85	1776.05	16661	0	10
2022.08.16	12:00:00	1776.06	1778.64	1771.47	1774.33	32796	0	10
2022.08.16	16:00:00	1774.31	1777.54	1772.79	1775.84	12791	0	9
2022.08.16	20:00:00	1775.82	1775.99	1775.02	1775.57	3057	0	11
2022.08.17	00:00:00	1775.53	1776.99	1773.83	1775.81	10189	0	10
2022.08.17	04:00:00	1775.84	1782.34	1773.45	1773.53	16438	0	8
2022.08.17	08:00:00	1773.53	1776.99	1767.29	1769.30	20648	0	9
2022.08.17	12:00:00	1769.27	1773.65	1761.34	1762.14	40443	0	8
2022.08.17	16:00:00	1762.15	1770.27	1759.80	1764.52	23614	0	9
2022.08.17	20:00:00	1764.52	1765.31	1761.69	1764.96	4186	0	11
2022.08.18	00:00:00	1764.96	1767.56	1761.82	1762.33	11142	0	10
2022.08.18	04:00:00	1762.34	1765.41	1760.90	1762.74	15157	0	10
2022.08.18	08:00:00	1762.73	1772.40	1762.58	1770.55	19043	0	10
2022.08.18	12:00:00	1770.48	1772.09	1757.75	1759.77	36998	0	10
2022.08.18	16:00:00	1759.77	1761.26	1755.35	1759.62	16390	0	10
2022.08.18	20:00:00	1759.58	1759.67	1757.10	1758.40	4037	0	6
2022.08.19	00:00:00	1758.40	1758.58	1753.53	1754.18	13684	0	10
2022.08.19	04:00:00	1754.17	1757.36	1751.79	1753.95	16237	0	10
2022.08.19	08:00:00	1753.94	1754.61	1749.78	1753.02	20465	0	10
2022.08.19	12:00:00	1753.03	1758.14	1745.79	1749.12	36856	0	10
2022.08.19	16:00:00	1749.07	1750.95	1745.54	1746.60	13619	0	10
2022.08.19	20:00:00	1746.58	1747.55	1746.25	1747.01	1214	0	11
2022.08.22	00:00:00	1745.67	1749.06	1744.92	1746.51	11088	0	5
2022.08.22	04:00:00	1746.55	1746.56	1736.50	1737.15	15307	0	10
2022.08.22	08:00:00	1737.09	1738.48	1730.67	1733.30	22876	0	10
2022.08.22	12:00:00	1733.28	1740.05	1727.77	1736.82	37765	0	10
2022.08.22	16:00:00	1736.82	1737.81	1733.80	1735.02	14113	0	10
2022.08.22	20:00:00	1734.95	1736.10	1734.40	1735.25	2862	0	16
2022.08.23	00:00:00	1735.25	1740.52	1734.21	1738.51	12860	0	10
2022.08.23	04:00:00	1738.51	1738.92	1734.76	1738.32	15824	0	10
2022.08.23	08:00:00	1738.31	1743.90	1734.47	1738.05	18453	0	10
2022.08.23	12:00:00	1738.05	1754.11	1730.82	1749.75	42032	0	10
2022.08.23	16:00:00	1749.74	1750.50	1745.92	1747.27	14789	0	10
2022.08.23	20:00:00	1747.27	1748.50	1745.42	1746.05	3719	0	11
2022.08.24	00:00:00	1746.03	1747.73	1744.10	1745.46	11195	0	10
2022.08.24	04:00:00	1745.46	1748.17	1744.23	1747.88	14826	0	10
2022.08.24	08:00:00	1747.88	1753.63	1742.46	1745.49	20946	0	10
2022.08.24	12:00:00	1745.48	1755.90	1742.94	1751.21	36126	0	10
2022.08.24	16:00:00	1751.22	1753.02	1747.69	1752.14	14158	0	10
2022.08.24	20:00:00	1752.11	1752.72	1750.56	1751.03	2988	0	11
2022.08.25	00:00:00	1751.03	1757.75	1749.98	1756.43	12410	0	10
2022.08.25	04:00:00	1756.43	1763.76	1755.46	1762.48	17725	0	10
2022.08.25	08:00:00	1762.48	1765.50	1761.78	1762.54	19812	0	10
2022.08.25	12:00:00	1762.49	1762.81	1752.22	1755.36	33480	0	10
2022.08.25	16:00:00	1755.36	1759.94	1754.33	1757.32	14571	0	10
2022.08.25	20:00:00	1757.30	1758.47	1756.11	1756.40	3049	0	16
2022.08.26	00:00:00	1756.41	1757.48	1752.31	1757.45	10041	0	10
2022.08.26	04:00:00	1757.45	1758.82	1751.82	1753.12	15504	0	10
2022.08.26	08:00:00	1753.13	1753.18	1743.76	1745.06	20126	0	10
2022.08.26	12:00:00	1745.06	1756.21	1734.35	1737.12	54227	0	10
2022.08.26	16:00:00	1737.11	1739.58	1734.20	1736.94	18669	0	10
2022.08.26	20:00:00	1736.92	1738.84	1736.59	1738.35	1260	0	11
2022.08.29	00:00:00	1734.68	1736.20	1723.34	1724.52	16726	0	10
2022.08.29	04:00:00	1724.51	1725.81	1720.53	1721.58	18563	0	10
2022.08.29	08:00:00	1721.58	1729.75	1720.31	1727.74	18014	0	10
2022.08.29	12:00:00	1727.71	1745.52	1725.65	1740.50	37787	0	10
2022.08.29	16:00:00	1740.51	1740.83	1735.92	1737.81	14269	0	10
2022.08.29	20:00:00	1737.77	1739.84	1736.46	1739.56	3898	0	16
2022.08.30	00:00:00	1739.58	1740.55	1733.91	1734.97	12974	0	10
2022.08.30	04:00:00	1734.91	1737.02	1729.08	1731.36	17621	0	5
2022.08.30	08:00:00	1731.35	1737.93	1731.02	1732.98	20596	0	10
2022.08.30	12:00:00	1732.98	1733.40	1721.18	1726.10	38118	0	10
2022.08.30	16:00:00	1726.07	1727.11	1723.05	1723.17	16647	0	10
2022.08.30	20:00:00	1723.18	1724.48	1722.25	1723.32	2917	0	10
2022.08.31	00:00:00	1723.31	1724.49	1720.62	1724.03	11869	0	8
2022.08.31	04:00:00	1724.00	1726.52	1719.48	1720.96	15594	0	10
2022.08.31	08:00:00	1720.93	1721.84	1709.63	1713.98	26431	0	10
2022.08.31	12:00:00	1713.98	1723.53	1709.78	1718.79	43468	0	10
2022.08.31	16:00:00	1718.78	1719.13	1709.75	1710.14	18261	0	10
2022.08.31	20:00:00	1710.17	1711.39	1705.26	1708.92	6427	0	11
2022.09.01	00:00:00	1708.91	1708.91	1702.32	1704.67	15658	0	5
2022.09.01	04:00:00	1704.66	1708.52	1702.74	1705.09	16658	0	5
2022.09.01	08:00:00	1705.02	1708.72	1699.97	1701.81	22934	0	5
2022.09.01	12:00:00	1701.81	1704.10	1688.80	1695.49	46060	0	10
2022.09.01	16:00:00	1695.48	1699.63	1694.45	1694.73	18744	0	10
2022.09.01	20:00:00	1694.71	1697.84	1694.31	1697.28	3266	0	5
2022.09.02	00:00:00	1697.19	1700.33	1696.28	1699.50	11889	0	7
2022.09.02	04:00:00	1699.49	1704.55	1698.56	1703.71	14148	0	8
2022.09.02	08:00:00	1703.70	1707.33	1702.14	1705.81	15793	0	10
2022.09.02	12:00:00	1705.80	1717.98	1704.15	1716.21	47289	0	10
2022.09.02	16:00:00	1716.20	1716.47	1708.84	1709.62	22234	0	10
2022.09.02	20:00:00	1709.61	1712.51	1709.23	1711.89	1356	0	11
2022.09.05	00:00:00	1707.98	1712.82	1707.71	1712.02	13117	0	6
2022.09.05	04:00:00	1712.02	1714.03	1708.25	1710.78	14852	0	5
2022.09.05	08:00:00	1710.78	1715.75	1710.52	1713.66	15596	0	6
2022.09.05	12:00:00	1713.66	1713.80	1710.05	1710.52	13514	0	5
2022.09.05	16:00:00	1710.48	1712.29	1709.48	1710.07	2729	0	5
2022.09.05	20:00:00	1710.66	1714.37	1710.37	1713.89	2021	0	15
2022.09.06	00:00:00	1713.89	1726.77	1713.59	1717.76	13805	0	5
2022.09.06	04:00:00	1717.75	1720.77	1713.65	1715.79	18180	0	8
2022.09.06	08:00:00	1715.72	1716.06	1710.68	1714.58	21556	0	10
2022.09.06	12:00:00	1714.55	1715.00	1701.31	1703.08	43500	0	10
2022.09.06	16:00:00	1703.07	1704.39	1699.85	1700.13	19929	0	10
2022.09.06	20:00:00	1700.10	1703.86	1699.97	1703.40	4738	0	16
2022.09.07	00:00:00	1703.43	1703.79	1692.44	1693.39	19216	0	10
2022.09.07	04:00:00	1693.39	1703.68	1691.27	1703.18	21269	0	5
2022.09.07	08:00:00	1703.17	1707.14	1700.32	1701.12	24304	0	10
2022.09.07	12:00:00	1701.13	1713.47	1697.09	1710.54	37802	0	10
2022.09.07	16:00:00	1710.54	1719.22	1709.57	1717.30	19437	0	10
2022.09.07	20:00:00	1717.29	1719.11	1716.09	1716.59	3930	0	11
2022.09.08	00:00:00	1716.59	1719.31	1713.58	1714.46	15952	0	10
2022.09.08	04:00:00	1714.43	1722.80	1713.91	1717.67	19464	0	10
2022.09.08	08:00:00	1717.67	1728.20	1716.19	1723.79	24536	0	10
2022.09.08	12:00:00	1723.79	1726.65	1703.96	1707.22	51690	0	10
2022.09.08	16:00:00	1707.24	1711.62	1704.84	1706.81	18647	0	10
2022.09.08	20:00:00	1706.81	1710.93	1706.76	1710.68	3144	0	10
2022.09.09	00:00:00	1710.69	1720.66	1709.74	1719.28	14021	0	10
2022.09.09	04:00:00	1719.28	1729.41	1718.19	1727.25	19485	0	10
2022.09.09	08:00:00	1727.25	1729.38	1719.78	1721.01	25648	0	10
2022.09.09	12:00:00	1720.99	1722.54	1711.37	1716.85	36690	0	10
2022.09.09	16:00:00	1716.83	1720.29	1714.63	1715.70	12916	0	10
2022.09.09	20:00:00	1715.67	1717.66	1715.38	1717.57	917	0	8
2022.09.12	00:00:00	1718.40	1718.75	1712.24	1713.55	9176	0	10
2022.09.12	04:00:00	1713.55	1726.47	1711.95	1724.39	16968	0	8
2022.09.12	08:00:00	1724.39	1729.91	1721.95	1729.59	23632	0	10
2022.09.12	12:00:00	1729.58	1735.13	1723.78	1734.20	36139	0	10
2022.09.12	16:00:00	1734.14	1734.85	1723.78	1724.52	19385	0	10
2022.09.12	20:00:00	1724.52	1726.38	1724.12	1725.28	3248	0	5
2022.09.13	00:00:00	1725.28	1727.55	1720.76	1721.32	13460	0	10
2022.09.13	04:00:00	1721.17	1725.30	1720.07	1723.83	16163	0	5
2022.09.13	08:00:00	1723.93	1731.46	1721.95	1729.74	20408	0	10
2022.09.13	12:00:00	1729.72	1731.82	1697.11	1701.01	52506	0	10
2022.09.13	16:00:00	1701.01	1707.28	1700.61	1702.44	19884	0	10
2022.09.13	20:00:00	1702.20	1703.30	1700.37	1702.11	4638	0	16
2022.09.14	00:00:00	1702.09	1703.60	1697.22	1700.39	15669	0	10
2022.09.14	04:00:00	1700.39	1705.10	1698.89	1703.15	21984	0	10
2022.09.14	08:00:00	1703.18	1706.13	1701.10	1701.62	25708	0	10
2022.09.14	12:00:00	1701.65	1707.11	1699.28	1703.65	39096	0	10
2022.09.14	16:00:00	1703.67	1703.84	1693.67	1695.66	19047	0	10
2022.09.14	20:00:00	1695.66	1698.21	1695.35	1697.52	3719	0	5
2022.09.15	00:00:00	1697.53	1697.83	1690.18	1692.75	11415	0	6
2022.09.15	04:00:00	1692.75	1693.29	1685.64	1689.84	16357	0	10
2022.09.15	08:00:00	1689.80	1691.35	1684.18	1686.36	22892	0	10
2022.09.15	12:00:00	1686.39	1692.29	1663.51	1664.46	47110	0	10
2022.09.15	16:00:00	1664.46	1669.26	1660.35	1663.91	19607	0	10
2022.09.15	20:00:00	1663.89	1665.23	1661.32	1662.36	4524	0	11
2022.09.16	00:00:00	1662.38	1667.71	1661.29	1664.33	14555	0	10
2022.09.16	04:00:00	1664.32	1665.42	1654.35	1655.74	16916	0	10
2022.09.16	08:00:00	1655.75	1667.82	1654.16	1665.43	21597	0	10
2022.09.16	12:00:00	1665.35	1680.34	1657.16	1673.98	44355	0	10
2022.09.16	16:00:00	1673.91	1677.73	1671.11	1673.25	17399	0	10
2022.09.16	20:00:00	1673.21	1676.25	1673.08	1675.56	995	0	16
2022.09.19	00:00:00	1677.96	1678.79	1668.21	1669.20	12272	0	5
2022.09.19	04:00:00	1669.21	1669.70	1659.63	1662.74	14274	0	5
2022.09.19	08:00:00	1662.73	1666.88	1660.77	1661.92	17194	0	5
2022.09.19	12:00:00	1661.91	1675.29	1661.34	1670.67	36454	0	10
2022.09.19	16:00:00	1670.70	1674.79	1668.91	1674.58	16292	0	10
2022.09.19	20:00:00	1674.49	1676.06	1674.21	1675.77	3370	0	16
2022.09.20	00:00:00	1675.76	1679.46	1673.42	1677.00	12788	0	10
2022.09.20	04:00:00	1677.11	1677.24	1670.27	1672.60	16834	0	10
2022.09.20	08:00:00	1672.52	1672.54	1666.12	1668.75	20155	0	10
2022.09.20	12:00:00	1668.83	1669.24	1660.00	1665.57	36235	0	10
2022.09.20	16:00:00	1665.61	1666.15	1661.53	1665.05	12708	0	10
2022.09.20	20:00:00	1665.06	1666.63	1664.13	1666.36	3293	0	11
2022.09.21	00:00:00	1666.35	1667.50	1662.84	1663.79	12501	0	6
2022.09.21	04:00:00	1663.77	1676.23	1661.66	1671.06	22286	0	10
2022.09.21	08:00:00	1671.05	1677.39	1669.47	1675.17	18778	0	10
2022.09.21	12:00:00	1675.17	1676.39	1665.75	1667.56	31766	0	10
2022.09.21	16:00:00	1667.55	1688.03	1653.93	1672.47	47211	0	10
2022.09.21	20:00:00	1672.47	1674.76	1665.94	1667.01	4904	0	11
2022.09.22	00:00:00	1667.01	1667.11	1656.75	1660.51	18936	0	10
2022.09.22	04:00:00	1660.51	1663.74	1655.67	1658.88	21940	0	5
2022.09.22	08:00:00	1658.89	1678.15	1657.97	1672.21	39434	0	10
2022.09.22	12:00:00	1672.20	1684.91	1667.93	1671.51	50906	0	10
2022.09.22	16:00:00	1671.52	1676.23	1669.36	1671.83	23329	0	10
2022.09.22	20:00:00	1671.85	1672.89	1670.39	1672.76	3031	0	11
2022.09.23	00:00:00	1672.76	1675.92	1668.60	1669.25	12262	0	10
2022.09.23	04:00:00	1669.25	1674.18	1666.36	1667.49	20254	0	10
2022.09.23	08:00:00	1667.49	1668.25	1641.28	1647.70	40993	0	10
2022.09.23	12:00:00	1647.71	1657.88	1641.61	1646.25	49514	0	10
2022.09.23	16:00:00	1646.25	1648.43	1639.75	1643.07	25608	0	10
2022.09.23	20:00:00	1643.04	1645.10	1643.03	1645.09	1747	0	16
2022.09.26	00:00:00	1644.12	1646.09	1626.81	1638.50	28154	0	10
2022.09.26	04:00:00	1638.51	1649.76	1634.68	1644.05	28423	0	10
2022.09.26	08:00:00	1644.06	1647.54	1636.23	1639.95	31700	0	10
2022.09.26	12:00:00	1639.97	1648.29	1634.24	1634.40	48590	0	10
2022.09.26	16:00:00	1634.40	1635.18	1621.75	1624.29	36366	0	10
2022.09.26	20:00:00	1624.29	1628.66	1621.17	1627.67	5574	0	16
2022.09.27	00:00:00	1627.66	1632.99	1627.53	1631.18	16458	0	10
2022.09.27	04:00:00	1631.18	1640.66	1630.92	1637.30	21825	0	10
2022.09.27	08:00:00	1637.29	1642.45	1632.46	1636.74	28993	0	10
2022.09.27	12:00:00	1636.76	1640.49	1631.87	1634.10	47264	0	10
2022.09.27	16:00:00	1634.13	1634.15	1626.68	1627.32	27834	0	10
2022.09.27	20:00:00	1627.33	1630.15	1627.33	1629.93	2390	0	16
2022.09.28	04:00:00	1623.47	1625.52	1614.81	1621.90	20687	0	10
2022.09.28	08:00:00	1621.89	1631.63	1615.91	1624.41	45698	0	10
2022.09.28	12:00:00	1624.45	1659.95	1624.21	1658.76	56669	0	10
2022.09.28	16:00:00	1658.79	1662.69	1655.28	1660.68	27277	0	10
2022.09.28	20:00:00	1660.70	1660.75	1656.19	1656.19	4796	0	11
2022.09.29	00:00:00	1656.23	1659.39	1652.01	1654.36	18710	0	10
2022.09.29	04:00:00	1654.47	1654.52	1641.53	1644.95	25663	0	10
2022.09.29	08:00:00	1644.93	1652.24	1643.46	1651.41	34447	0	10
2022.09.29	12:00:00	1651.45	1662.04	1644.62	1659.97	54458	0	10
2022.09.29	16:00:00	1659.98	1664.87	1657.23	1661.16	25732	0	10
2022.09.29	20:00:00	1661.11	1665.16	1659.61	1664.59	2788	0	16
2022.09.30	00:00:00	1664.60	1665.30	1659.24	1662.23	15489	0	10
2022.09.30	04:00:00	1662.23	1674.25	1661.24	1673.14	22922	0	10
2022.09.30	08:00:00	1673.15	1674.14	1662.62	1663.31	31281	0	10
2022.09.30	12:00:00	1663.35	1675.36	1661.99	1671.34	49509	0	10
2022.09.30	16:00:00	1671.36	1671.75	1660.14	1661.87	22985	0	10
2022.09.30	20:00:00	1661.83	1662.46	1660.62	1660.83	1969	0	16
2022.10.03	00:00:00	1664.12	1669.50	1663.46	1663.98	13844	0	10
2022.10.03	04:00:00	1663.98	1668.32	1661.87	1663.71	21635	0	7
2022.10.03	08:00:00	1663.74	1666.86	1659.72	1666.24	27562	0	4
2022.10.03	12:00:00	1666.25	1694.12	1663.89	1690.34	52999	0	4
2022.10.03	16:00:00	1690.34	1701.51	1687.30	1700.85	26132	0	4
2022.10.03	20:00:00	1700.83	1702.59	1698.17	1700.99	5553	0	5
2022.10.04	00:00:00	1700.98	1701.24	1695.24	1699.76	15249	0	4
2022.10.04	04:00:00	1699.80	1710.68	1697.42	1708.18	24819	0	4
2022.10.04	08:00:00	1708.17	1712.58	1700.51	1705.93	29719	0	4
2022.10.04	12:00:00	1706.01	1728.92	1704.09	1725.77	45399	0	4
2022.10.04	16:00:00	1725.80	1729.49	1720.07	1724.85	25630	0	4
2022.10.04	20:00:00	1724.84	1726.33	1723.61	1725.58	3857	0	10
2022.10.05	00:00:00	1725.58	1725.72	1717.92	1719.37	15071	0	4
2022.10.05	04:00:00	1719.37	1727.80	1715.10	1716.42	19946	0	4
2022.10.05	08:00:00	1716.41	1716.53	1703.20	1706.26	28854	0	4
2022.10.05	12:00:00	1706.14	1714.21	1700.52	1709.14	44353	0	4
2022.10.05	16:00:00	1709.14	1718.62	1707.67	1716.22	22431	0	4
2022.10.05	20:00:00	1716.31	1718.88	1714.52	1718.43	3770	0	10
2022.10.06	00:00:00	1718.43	1724.29	1717.97	1722.17	14132	0	4
2022.10.06	04:00:00	1722.27	1725.57	1719.68	1724.71	18615	0	4
2022.10.06	08:00:00	1724.71	1724.87	1710.92	1714.92	27974	0	4
2022.10.06	12:00:00	1714.92	1719.58	1708.22	1708.26	43648	0	4
2022.10.06	16:00:00	1708.26	1715.21	1706.96	1714.46	22209	0	4
2022.10.06	20:00:00	1714.42	1714.64	1710.81	1711.94	3772	0	10
2022.10.07	00:00:00	1711.95	1713.45	1709.14	1709.83	14361	0	4
2022.10.07	04:00:00	1709.83	1714.13	1708.36	1710.91	18486	0	4
2022.10.07	08:00:00	1710.92	1714.83	1706.27	1709.34	21696	0	4
2022.10.07	12:00:00	1709.26	1713.32	1690.65	1703.24	51437	0	4
2022.10.07	16:00:00	1703.24	1707.23	1693.28	1695.70	20940	0	4
2022.10.07	20:00:00	1695.62	1695.90	1694.23	1694.63	1245	0	10
2022.10.10	00:00:00	1696.74	1697.28	1687.14	1688.94	16892	0	4
2022.10.10	04:00:00	1688.92	1689.62	1682.20	1682.82	18821	0	4
2022.10.10	08:00:00	1682.79	1684.54	1674.21	1677.04	25408	0	2
2022.10.10	12:00:00	1677.04	1679.18	1665.71	1666.95	38300	0	4
2022.10.10	16:00:00	1666.94	1671.68	1666.85	1668.98	20024	0	4
2022.10.10	20:00:00	1668.96	1670.25	1667.50	1670.14	2947	0	10
2022.10.11	00:00:00	1670.13	1673.65	1661.39	1664.16	18303	0	4
2022.10.11	04:00:00	1664.17	1669.66	1661.81	1664.73	22250	0	4
2022.10.11	08:00:00	1664.73	1670.69	1661.01	1670.24	26911	0	4
2022.10.11	12:00:00	1670.19	1681.82	1663.52	1681.70	42331	0	4
2022.10.11	16:00:00	1681.65	1683.97	1663.80	1666.42	29220	0	4
2022.10.11	20:00:00	1666.42	1667.46	1663.91	1664.11	3633	0	5
2022.10.12	00:00:00	1663.94	1666.88	1661.38	1665.37	15457	0	4
2022.10.12	04:00:00	1665.36	1675.31	1664.74	1669.09	26282	0	4
2022.10.12	08:00:00	1669.08	1673.35	1667.82	1668.56	24877	0	4
2022.10.12	12:00:00	1668.60	1673.19	1664.85	1669.57	42237	0	4
2022.10.12	16:00:00	1669.57	1678.38	1667.76	1675.19	23905	0	4
2022.10.12	20:00:00	1675.22	1675.63	1672.59	1674.47	3028	0	5
2022.10.13	00:00:00	1674.45	1675.46	1669.07	1669.32	10293	0	4
2022.10.13	04:00:00	1669.31	1672.50	1667.05	1672.31	13117	0	4
2022.10.13	08:00:00	1672.34	1682.46	1670.69	1678.79	23857	0	4
2022.10.13	12:00:00	1678.79	1680.46	1642.46	1665.70	67943	0	4
2022.10.13	16:00:00	1665.70	1672.51	1662.98	1663.98	29333	0	4
2022.10.13	20:00:00	1663.98	1666.61	1662.78	1663.46	3625	0	5
2022.10.14	00:00:00	1663.43	1670.22	1659.03	1669.12	18050	0	4
2022.10.14	04:00:00	1669.12	1671.77	1663.64	1667.10	21801	0	4
2022.10.14	08:00:00	1667.11	1667.21	1650.17	1654.96	32136	0	4
2022.10.14	12:00:00	1654.98	1663.97	1644.76	1644.76	53156	0	4
2022.10.14	16:00:00	1644.76	1648.90	1640.19	1642.88	27108	0	4
2022.10.14	20:00:00	1642.92	1644.65	1642.70	1644.49	1494	0	5
2022.10.17	00:00:00	1647.49	1652.66	1646.42	1650.21	14085	0	4
2022.10.17	04:00:00	1650.23	1657.44	1648.37	1655.99	20563	0	4
2022.10.17	08:00:00	1656.00	1660.68	1652.97	1658.00	25945	0	4
2022.10.17	12:00:00	1658.00	1668.46	1657.06	1663.38	40160	0	4
2022.10.17	16:00:00	1663.38	1663.49	1646.81	1647.96	20411	0	4
2022.10.17	20:00:00	1647.96	1651.45	1647.72	1650.69	4274	0	5
2022.10.18	00:00:00	1650.69	1653.59	1648.99	1652.55	13321	0	4
2022.10.18	04:00:00	1652.58	1660.93	1651.34	1656.43	23538	0	4
2022.10.18	08:00:00	1656.44	1657.58	1648.70	1652.93	27906	0	4
2022.10.18	12:00:00	1652.93	1657.39	1645.83	1649.79	38837	0	4
2022.10.18	16:00:00	1649.79	1652.77	1648.26	1651.44	22509	0	4
2022.10.18	20:00:00	1651.49	1654.50	1650.76	1652.36	3709	0	5
2022.10.19	00:00:00	1652.37	1653.45	1649.10	1649.26	12095	0	4
2022.10.19	04:00:00	1649.26	1649.53	1637.76	1644.77	20726	0	4
2022.10.19	08:00:00	1644.78	1644.87	1631.85	1635.31	28177	0	4
2022.10.19	12:00:00	1635.26	1637.76	1630.44	1630.62	42125	0	4
2022.10.19	16:00:00	1630.63	1631.27	1627.68	1629.57	21268	0	4
2022.10.19	20:00:00	1629.58	1630.19	1626.45	1627.13	3937	0	5
2022.10.20	00:00:00	1627.12	1629.39	1622.43	1626.27	14908	0	4
2022.10.20	04:00:00	1626.17	1635.05	1625.13	1632.81	23588	0	4
2022.10.20	08:00:00	1632.94	1639.30	1628.81	1637.38	26556	0	4
2022.10.20	12:00:00	1637.28	1645.64	1630.44	1641.37	46553	0	4
2022.10.20	16:00:00	1641.38	1641.54	1624.82	1626.82	24118	0	4
2022.10.20	20:00:00	1626.92	1628.30	1625.31	1626.92	4128	0	4
2022.10.21	00:00:00	1626.93	1628.32	1620.73	1621.64	14019	0	4
2022.10.21	04:00:00	1621.67	1627.27	1617.29	1623.81	19565	0	4
2022.10.21	08:00:00	1623.75	1628.08	1619.26	1623.18	27158	0	4
2022.10.21	12:00:00	1623.18	1651.01	1619.18	1650.84	77567	0	4
2022.10.21	16:00:00	1650.84	1657.14	1647.45	1655.27	37680	0	4
2022.10.21	20:00:00	1655.28	1657.74	1654.06	1657.03	1959	0	5
2022.10.24	00:00:00	1661.29	1661.91	1651.91	1654.09	21116	0	4
2022.10.24	04:00:00	1654.09	1658.71	1648.93	1649.39	24616	0	4
2022.10.24	08:00:00	1649.32	1652.35	1644.44	1650.09	33040	0	4
2022.10.24	12:00:00	1650.09	1654.48	1644.01	1651.85	53249	0	4
2022.10.24	16:00:00	1651.86	1652.71	1647.83	1650.36	19798	0	4
2022.10.24	20:00:00	1650.36	1652.59	1648.95	1651.77	4521	0	5
2022.10.25	00:00:00	1651.77	1654.93	1647.24	1651.65	21582	0	4
2022.10.25	04:00:00	1651.63	1652.30	1644.55	1645.24	19292	0	4
2022.10.25	08:00:00	1645.24	1648.38	1638.20	1643.86	24328	0	4
2022.10.25	12:00:00	1643.86	1662.43	1639.10	1656.04	48374	0	4
2022.10.25	16:00:00	1656.03	1657.15	1652.15	1653.99	21567	0	4
2022.10.25	20:00:00	1653.99	1653.99	1651.03	1652.79	4879	0	5
2022.10.26	00:00:00	1652.84	1657.63	1649.68	1657.08	12651	0	4
2022.10.26	04:00:00	1657.17	1671.62	1655.21	1670.99	24569	0	4
2022.10.26	08:00:00	1670.95	1674.93	1666.79	1668.56	29296	0	4
2022.10.26	12:00:00	1668.58	1672.66	1660.67	1667.23	50221	0	4
2022.10.26	16:00:00	1667.22	1669.00	1663.66	1664.77	23631	0	4
2022.10.26	20:00:00	1664.74	1667.58	1663.29	1667.52	5597	0	5
2022.10.27	00:00:00	1667.51	1670.83	1662.27	1664.67	18692	0	4
2022.10.27	04:00:00	1664.67	1669.72	1659.08	1662.79	22754	0	4
2022.10.27	08:00:00	1662.78	1666.73	1659.88	1662.05	25620	0	4
2022.10.27	12:00:00	1662.03	1665.79	1654.88	1661.31	61583	0	4
2022.10.27	16:00:00	1661.31	1662.58	1656.74	1662.37	23801	0	4
2022.10.27	20:00:00	1662.34	1663.46	1661.04	1661.90	7000	0	10
2022.10.28	00:00:00	1661.94	1667.04	1660.53	1664.80	20425	0	4
2022.10.28	04:00:00	1664.80	1665.48	1651.52	1652.75	25146	0	1
2022.10.28	08:00:00	1652.81	1653.87	1646.30	1650.44	29259	0	4
2022.10.28	12:00:00	1650.44	1653.07	1638.05	1639.65	54368	0	4
2022.10.28	16:00:00	1639.64	1645.23	1638.93	1645.21	17602	0	4
2022.10.28	20:00:00	1645.18	1645.63	1643.81	1645.16	1358	0	10
2022.10.31	00:00:00	1643.50	1645.11	1640.65	1644.42	13444	0	4
2022.10.31	04:00:00	1644.41	1645.65	1640.50	1641.19	13947	0	4
2022.10.31	08:00:00	1641.18	1642.10	1635.65	1639.83	21691	0	4
2022.10.31	12:00:00	1639.84	1642.16	1633.47	1638.98	38253	0	4
2022.10.31	16:00:00	1638.98	1640.32	1631.80	1632.15	23848	0	4
2022.10.31	20:00:00	1632.16	1633.81	1631.78	1632.45	4559	0	4
2022.11.01	00:00:00	1632.52	1640.07	1630.65	1637.53	15814	0	4
2022.11.01	04:00:00	1637.59	1649.93	1636.53	1645.31	21143	0	4
2022.11.01	08:00:00	1645.31	1655.29	1645.27	1652.55	27081	0	4
2022.11.01	12:00:00	1653.80	1657.04	1642.13	1644.46	48367	0	4
2022.11.01	16:00:00	1644.40	1651.14	1642.97	1648.19	25528	0	4
2022.11.01	20:00:00	1648.22	1648.37	1645.84	1646.82	3492	0	4
2022.11.02	00:00:00	1646.85	1653.39	1646.65	1650.77	14819	0	4
2022.11.02	04:00:00	1650.79	1653.41	1649.33	1652.87	14000	0	4
2022.11.02	08:00:00	1652.87	1656.92	1651.93	1655.23	22234	0	4
2022.11.02	12:00:00	1655.23	1658.92	1645.81	1646.46	36262	0	4
2022.11.02	16:00:00	1646.49	1669.33	1635.70	1636.96	48397	0	4
2022.11.02	20:00:00	1636.95	1638.23	1631.88	1633.74	6332	0	4
2022.11.03	00:00:00	1633.72	1641.00	1632.80	1637.73	15393	0	4
2022.11.03	04:00:00	1637.73	1638.95	1628.39	1630.03	17414	0	4
2022.11.03	08:00:00	1630.03	1630.04	1616.72	1619.81	33208	0	4
2022.11.03	12:00:00	1619.64	1631.61	1617.20	1625.98	54544	0	4
2022.11.03	16:00:00	1625.99	1632.36	1624.91	1630.99	22496	0	4
2022.11.03	20:00:00	1631.00	1631.27	1628.77	1629.75	3393	0	4
2022.11.04	00:00:00	1629.75	1640.12	1629.42	1639.22	13383	0	4
2022.11.04	04:00:00	1639.22	1649.76	1638.63	1644.97	20876	0	4
2022.11.04	08:00:00	1644.99	1653.54	1643.91	1651.40	29701	0	4
2022.11.04	12:00:00	1651.41	1675.49	1643.66	1671.21	62436	0	4
2022.11.04	16:00:00	1671.21	1681.72	1667.77	1680.81	32169	0	4
2022.11.04	20:00:00	1680.81	1681.66	1679.70	1680.61	1798	0	4
2022.11.07	00:00:00	1672.69	1675.32	1670.38	1673.58	19888	0	4
2022.11.07	04:00:00	1673.56	1674.86	1666.90	1668.16	16361	0	4
2022.11.07	08:00:00	1668.16	1680.42	1667.09	1677.01	29465	0	4
2022.11.07	12:00:00	1677.01	1681.90	1673.50	1679.03	44767	0	4
2022.11.07	16:00:00	1679.07	1680.26	1675.19	1675.46	23718	0	4
2022.11.07	20:00:00	1675.49	1676.30	1673.64	1674.12	6749	0	4
2022.11.08	00:00:00	1674.12	1676.73	1672.20	1672.88	12751	0	4
2022.11.08	04:00:00	1672.88	1673.43	1668.19	1670.39	13869	0	4
2022.11.08	08:00:00	1670.39	1673.36	1664.71	1672.64	24628	0	4
2022.11.08	12:00:00	1672.62	1714.19	1670.06	1713.11	41795	0	4
2022.11.08	16:00:00	1713.11	1716.88	1708.28	1711.74	30822	0	4
2022.11.08	20:00:00	1711.73	1713.26	1710.61	1711.48	9404	0	4
2022.11.09	00:00:00	1711.47	1712.52	1707.00	1709.32	15113	0	4
2022.11.09	04:00:00	1709.35	1712.75	1707.48	1711.70	15037	0	4
2022.11.09	08:00:00	1711.70	1715.83	1703.97	1708.79	27456	0	4
2022.11.09	12:00:00	1708.83	1722.37	1703.11	1711.59	43178	0	4
2022.11.09	16:00:00	1711.60	1714.45	1702.20	1703.84	28001	0	4
2022.11.09	20:00:00	1703.85	1707.48	1703.41	1706.49	8896	0	4
2022.11.10	00:00:00	1706.49	1710.19	1705.15	1709.45	13056	0	4
2022.11.10	04:00:00	1709.45	1712.61	1705.33	1705.94	14176	0	4
2022.11.10	08:00:00	1705.92	1710.25	1704.04	1707.43	24373	0	4
2022.11.10	12:00:00	1707.43	1753.29	1706.91	1750.99	59708	0	4
2022.11.10	16:00:00	1750.97	1754.81	1743.61	1754.18	30541	0	4
2022.11.10	20:00:00	1754.13	1757.19	1752.03	1752.23	10608	0	4
2022.11.11	00:00:00	1752.23	1753.44	1747.30	1751.40	15742	0	4
2022.11.11	04:00:00	1751.39	1764.37	1749.83	1761.07	22876	0	4
2022.11.11	08:00:00	1761.07	1766.64	1755.10	1759.33	35922	0	4
2022.11.11	12:00:00	1759.41	1766.13	1755.60	1763.70	40717	0	4
2022.11.11	16:00:00	1763.73	1767.92	1759.71	1767.92	21572	0	4
2022.11.11	20:00:00	1768.09	1772.45	1765.49	1769.86	6134	0	4
2022.11.14	00:00:00	1763.48	1766.34	1760.95	1763.45	20993	0	4
2022.11.14	04:00:00	1763.45	1763.78	1757.97	1762.38	17110	0	4
2022.11.14	08:00:00	1762.37	1766.22	1753.30	1756.33	26816	0	4
2022.11.14	12:00:00	1756.33	1775.09	1755.56	1771.49	39011	0	4
2022.11.14	16:00:00	1771.54	1773.97	1766.60	1772.92	27890	0	4
2022.11.14	20:00:00	1772.98	1774.51	1769.13	1769.50	8276	0	4
2022.11.15	00:00:00	1769.54	1772.36	1767.13	1771.30	16904	0	4
2022.11.15	04:00:00	1771.30	1784.36	1768.76	1782.92	20128	0	4
2022.11.15	08:00:00	1782.91	1783.08	1773.02	1776.92	34293	0	4
2022.11.15	12:00:00	1776.92	1786.57	1768.26	1771.25	64176	0	4
2022.11.15	16:00:00	1771.24	1785.78	1768.08	1778.57	58061	0	4
2022.11.15	20:00:00	1778.58	1781.19	1776.79	1780.79	16410	0	4
2022.11.16	00:00:00	1780.81	1781.43	1771.77	1771.91	23334	0	4
2022.11.16	04:00:00	1771.87	1777.80	1770.35	1776.80	25235	0	4
2022.11.16	08:00:00	1776.79	1785.06	1775.96	1783.58	32132	0	4
2022.11.16	12:00:00	1783.57	1783.57	1773.16	1779.68	52171	0	4
2022.11.16	16:00:00	1779.59	1780.11	1770.97	1774.55	29621	0	4
2022.11.16	20:00:00	1774.49	1776.21	1772.98	1773.92	9863	0	4
2022.11.17	00:00:00	1773.91	1774.88	1763.03	1763.92	15957	0	4
2022.11.17	04:00:00	1763.98	1769.08	1761.46	1767.04	18702	0	4
2022.11.17	08:00:00	1767.03	1771.02	1761.52	1765.60	32934	0	4
2022.11.17	12:00:00	1765.61	1767.70	1754.51	1760.29	51526	0	4
2022.11.17	16:00:00	1760.29	1762.36	1755.49	1760.84	23264	0	4
2022.11.17	20:00:00	1760.84	1761.45	1759.19	1760.10	6391	0	4
2022.11.18	00:00:00	1760.09	1765.80	1759.92	1764.92	15353	0	4
2022.11.18	04:00:00	1764.91	1766.90	1761.16	1765.61	13438	0	4
2022.11.18	08:00:00	1765.52	1767.72	1760.00	1760.38	30018	0	4
2022.11.18	12:00:00	1760.39	1764.18	1749.94	1757.36	42019	0	4
2022.11.18	16:00:00	1757.32	1757.97	1747.55	1748.40	21128	0	4
2022.11.18	20:00:00	1748.39	1750.53	1747.65	1750.14	5559	0	4
2022.11.21	00:00:00	1752.13	1752.95	1743.83	1746.81	17268	0	4
2022.11.21	04:00:00	1746.82	1747.46	1742.06	1742.57	18738	0	4
2022.11.21	08:00:00	1742.56	1744.16	1737.02	1740.06	27788	0	4
2022.11.21	12:00:00	1740.01	1747.01	1735.99	1736.74	42712	0	4
2022.11.21	16:00:00	1736.70	1739.67	1732.54	1735.46	27340	0	4
2022.11.21	20:00:00	1735.47	1739.38	1735.47	1738.57	8438	0	4
2022.11.22	00:00:00	1738.57	1745.08	1738.06	1744.25	14162	0	4
2022.11.22	04:00:00	1744.21	1745.71	1740.36	1743.15	15730	0	4
2022.11.22	08:00:00	1743.11	1749.74	1741.99	1748.56	30949	0	4
2022.11.22	12:00:00	1748.56	1748.60	1741.71	1741.90	40633	0	4
2022.11.22	16:00:00	1741.90	1742.21	1737.08	1738.26	19660	0	4
2022.11.22	20:00:00	1738.24	1741.27	1737.34	1741.15	7025	0	4
2022.11.23	00:00:00	1741.17	1742.88	1736.87	1737.25	13439	0	4
2022.11.23	04:00:00	1737.21	1745.77	1733.09	1744.25	14488	0	4
2022.11.23	08:00:00	1744.22	1744.73	1734.49	1739.60	24337	0	4
2022.11.23	12:00:00	1739.59	1747.66	1727.31	1743.44	49371	0	4
2022.11.23	16:00:00	1743.44	1753.39	1741.21	1751.94	30141	0	4
2022.11.23	20:00:00	1751.95	1752.70	1748.67	1752.33	8573	0	4
2022.11.24	00:00:00	1752.35	1756.63	1752.21	1756.31	17113	0	4
2022.11.24	04:00:00	1756.31	1757.66	1752.66	1753.91	14808	0	4
2022.11.24	08:00:00	1753.89	1758.61	1752.48	1758.34	26028	0	4
2022.11.24	12:00:00	1758.37	1758.61	1755.18	1756.84	22138	0	4
2022.11.24	16:00:00	1756.84	1757.38	1754.88	1754.96	4550	0	4
2022.11.24	20:00:00	1754.67	1755.97	1754.56	1755.36	803	0	10
2022.11.25	00:00:00	1755.25	1759.70	1752.31	1759.62	15884	0	4
2022.11.25	04:00:00	1759.63	1761.24	1751.58	1751.61	14597	0	4
2022.11.25	08:00:00	1751.61	1754.45	1749.28	1751.13	25315	0	4
2022.11.25	12:00:00	1751.12	1752.64	1746.05	1750.35	33328	0	4
2022.11.25	16:00:00	1750.37	1756.32	1749.50	1756.10	13109	0	4
2022.11.28	00:00:00	1750.74	1753.84	1746.00	1749.61	16562	0	4
2022.11.28	04:00:00	1749.61	1754.19	1748.42	1750.82	15217	0	4
2022.11.28	08:00:00	1750.82	1763.76	1749.92	1758.73	27980	0	4
2022.11.28	12:00:00	1758.73	1759.18	1743.08	1745.53	38736	0	4
2022.11.28	16:00:00	1745.52	1746.84	1739.68	1740.29	24037	0	4
2022.11.28	20:00:00	1740.29	1742.01	1739.63	1741.27	6267	0	4
2022.11.29	00:00:00	1741.27	1750.58	1740.24	1750.45	18861	0	4
2022.11.29	04:00:00	1750.43	1755.07	1750.06	1753.99	21719	0	4
2022.11.29	08:00:00	1753.98	1759.05	1752.24	1757.36	30364	0	4
2022.11.29	12:00:00	1757.36	1758.06	1746.97	1755.19	44657	0	4
2022.11.29	16:00:00	1755.19	1755.59	1748.87	1750.33	26239	0	4
2022.11.29	20:00:00	1750.38	1750.50	1747.92	1748.80	8042	0	4
2022.11.30	00:00:00	1749.23	1754.80	1747.64	1754.77	15623	0	4
2022.11.30	04:00:00	1754.81	1756.93	1752.95	1755.17	17108	0	4
2022.11.30	08:00:00	1755.12	1763.19	1754.95	1762.24	27365	0	4
2022.11.30	12:00:00	1762.26	1764.79	1749.17	1752.49	52098	0	4
2022.11.30	16:00:00	1752.46	1768.85	1744.91	1767.60	46835	0	4
2022.11.30	20:00:00	1767.61	1773.50	1766.33	1773.41	16530	0	4
2022.12.01	00:00:00	1773.41	1780.08	1771.98	1776.55	28193	0	4
2022.12.01	04:00:00	1776.57	1783.79	1774.66	1775.48	24551	0	4
2022.12.01	08:00:00	1775.47	1781.39	1774.82	1780.55	28784	0	4
2022.12.01	12:00:00	1780.67	1804.12	1780.61	1796.52	59430	0	4
2022.12.01	16:00:00	1796.53	1803.37	1796.19	1803.31	34365	0	4
2022.12.01	20:00:00	1803.29	1804.52	1801.20	1802.28	10245	0	4
2022.12.02	00:00:00	1798.39	1799.11	1795.61	1798.27	8058	0	4
2022.12.02	04:00:00	1798.29	1802.60	1795.78	1801.78	19463	0	4
2022.12.02	08:00:00	1801.77	1803.10	1797.98	1798.54	29352	0	4
2022.12.02	12:00:00	1798.46	1801.05	1778.49	1785.85	58081	0	4
2022.12.02	16:00:00	1785.76	1798.70	1784.59	1798.59	30344	0	4
2022.12.02	20:00:00	1798.59	1799.58	1797.12	1798.56	6827	0	4
2022.12.05	00:00:00	1798.90	1809.08	1798.66	1808.69	20901	0	4
2022.12.05	04:00:00	1808.69	1810.01	1797.51	1799.91	16758	0	4
2022.12.05	08:00:00	1799.91	1800.53	1793.32	1793.93	23244	0	4
2022.12.05	12:00:00	1793.93	1798.46	1773.12	1777.94	53283	0	4
2022.12.05	16:00:00	1777.98	1779.46	1765.85	1768.20	30462	0	4
2022.12.05	20:00:00	1768.18	1770.31	1766.71	1769.28	10337	0	4
2022.12.06	00:00:00	1769.25	1776.32	1768.30	1772.01	20502	0	4
2022.12.06	04:00:00	1772.03	1774.85	1767.27	1771.60	18449	0	4
2022.12.06	08:00:00	1771.66	1779.00	1769.33	1779.00	27522	0	4
2022.12.06	12:00:00	1779.00	1780.86	1770.83	1772.56	42450	0	4
2022.12.06	16:00:00	1772.58	1776.32	1767.36	1771.45	23574	0	4
2022.12.06	20:00:00	1771.45	1772.78	1770.25	1770.99	7061	0	7
2022.12.07	00:00:00	1770.99	1775.23	1768.74	1773.20	15318	0	8
2022.12.07	04:00:00	1773.19	1775.22	1769.65	1772.87	17474	0	4
2022.12.07	08:00:00	1772.84	1775.94	1771.16	1771.48	23702	0	4
2022.12.07	12:00:00	1771.45	1787.88	1770.80	1780.64	53856	0	4
2022.12.07	16:00:00	1780.63	1790.52	1776.36	1789.81	31762	0	4
2022.12.07	20:00:00	1789.82	1790.12	1785.39	1787.01	7771	0	4
2022.12.08	00:00:00	1786.98	1787.99	1781.45	1783.90	16828	0	6
2022.12.08	04:00:00	1783.87	1787.13	1781.78	1785.97	16079	0	5
2022.12.08	08:00:00	1785.98	1785.99	1781.65	1783.68	20361	0	4
2022.12.08	12:00:00	1783.68	1794.83	1783.41	1790.24	44777	0	4
2022.12.08	16:00:00	1790.21	1792.14	1786.60	1789.53	23914	0	14
2022.12.08	20:00:00	1789.47	1790.15	1787.66	1789.24	5142	0	14
2022.12.09	00:00:00	1789.24	1795.67	1788.44	1795.20	15219	0	14
2022.12.09	04:00:00	1795.20	1797.72	1790.96	1792.75	14411	0	8
2022.12.09	08:00:00	1792.74	1801.09	1788.91	1800.40	21437	0	14
2022.12.09	12:00:00	1800.43	1804.15	1790.05	1796.82	49589	0	14
2022.12.09	16:00:00	1796.83	1806.14	1796.01	1799.73	23555	0	10
2022.12.09	20:00:00	1799.73	1799.73	1794.81	1796.80	5382	0	14
2022.12.12	00:00:00	1794.98	1795.01	1786.80	1787.52	16233	0	4
2022.12.12	04:00:00	1787.51	1792.02	1785.50	1791.30	14410	0	4
2022.12.12	08:00:00	1791.28	1795.53	1789.02	1794.41	21210	0	4
2022.12.12	12:00:00	1794.45	1794.77	1783.09	1784.93	36414	0	4
2022.12.12	16:00:00	1784.96	1785.44	1777.63	1781.55	22885	0	4
2022.12.12	20:00:00	1781.55	1782.13	1779.52	1781.94	5140	0	5
2022.12.13	00:00:00	1781.94	1786.06	1780.99	1782.48	10741	0	4
2022.12.13	04:00:00	1782.48	1788.65	1781.11	1788.00	12113	0	4
2022.12.13	08:00:00	1788.02	1788.42	1782.62	1787.63	23505	0	4
2022.12.13	12:00:00	1787.55	1824.52	1786.60	1809.80	64856	0	0
2022.12.13	16:00:00	1809.79	1815.18	1805.31	1811.42	44998	0	4
2022.12.13	20:00:00	1811.42	1812.62	1809.39	1809.61	9659	0	6
2022.12.14	00:00:00	1809.63	1812.67	1808.83	1810.82	12553	0	6
2022.12.14	04:00:00	1809.64	1813.19	1807.46	1809.03	13911	0	5
2022.12.14	08:00:00	1809.00	1810.27	1805.26	1806.72	29659	0	4
2022.12.14	12:00:00	1806.77	1813.05	1804.31	1811.97	42389	0	4
2022.12.14	16:00:00	1811.99	1812.38	1795.64	1805.17	43402	0	0
2022.12.14	20:00:00	1805.10	1814.22	1804.13	1807.65	22451	0	1
2022.12.15	00:00:00	1807.65	1807.87	1792.48	1793.12	18849	0	4
2022.12.15	04:00:00	1793.12	1796.46	1787.56	1788.95	20864	0	2
2022.12.15	08:00:00	1789.01	1789.85	1773.75	1778.90	34195	0	4
2022.12.15	12:00:00	1778.91	1786.14	1773.87	1778.94	60730	0	4
2022.12.15	16:00:00	1778.96	1779.98	1774.46	1777.89	30185	0	4
2022.12.15	20:00:00	1777.90	1778.97	1775.53	1776.49	7088	0	6
2022.12.16	00:00:00	1776.48	1784.16	1775.98	1779.53	17723	0	4
2022.12.16	04:00:00	1779.53	1782.99	1776.55	1777.35	12802	0	2
2022.12.16	08:00:00	1777.33	1785.48	1774.25	1782.49	31221	0	4
2022.12.16	12:00:00	1782.52	1793.86	1782.18	1787.90	45727	0	0
2022.12.16	16:00:00	1787.96	1793.15	1787.14	1792.88	25591	0	4
2022.12.16	20:00:00	1792.92	1794.27	1791.82	1793.01	7170	0	4
2022.12.19	00:00:00	1791.01	1796.99	1790.90	1793.84	19815	0	4
2022.12.19	04:00:00	1793.87	1794.77	1790.28	1793.34	15250	0	5
2022.12.19	08:00:00	1793.34	1798.73	1793.29	1794.91	21641	0	4
2022.12.19	12:00:00	1794.87	1795.98	1785.78	1786.13	38419	0	4
2022.12.19	16:00:00	1786.14	1790.94	1783.79	1786.87	23032	0	4
2022.12.19	20:00:00	1786.87	1788.13	1786.32	1787.28	6539	0	8
2022.12.20	00:00:00	1787.24	1796.19	1784.61	1792.26	30581	0	4
2022.12.20	04:00:00	1792.28	1795.75	1786.93	1794.13	33070	0	4
2022.12.20	08:00:00	1794.11	1809.48	1793.98	1807.77	35617	0	4
2022.12.20	12:00:00	1807.74	1821.12	1798.32	1815.34	49700	0	2
2022.12.20	16:00:00	1815.32	1820.91	1813.81	1818.68	30650	0	4
2022.12.20	20:00:00	1818.68	1819.27	1816.90	1817.21	8006	0	4
2022.12.21	00:00:00	1817.19	1819.86	1814.39	1815.17	19402	0	4
2022.12.21	04:00:00	1815.17	1816.40	1811.85	1816.37	16535	0	5
2022.12.21	08:00:00	1816.37	1817.43	1811.88	1813.73	24077	0	4
2022.12.21	12:00:00	1813.76	1823.84	1813.29	1817.86	39437	0	3
2022.12.21	16:00:00	1817.83	1818.41	1813.51	1814.40	24951	0	4
2022.12.21	20:00:00	1814.40	1815.56	1812.86	1814.90	6213	0	7
2022.12.22	00:00:00	1814.90	1820.14	1814.55	1819.54	16482	0	5
2022.12.22	04:00:00	1819.58	1820.43	1813.69	1817.03	13841	0	5
2022.12.22	08:00:00	1817.03	1819.65	1813.77	1815.88	21419	0	4
2022.12.22	12:00:00	1815.89	1819.95	1794.52	1795.62	49698	0	1
2022.12.22	16:00:00	1795.56	1797.51	1784.67	1789.03	24849	0	4
2022.12.22	20:00:00	1789.03	1795.12	1788.52	1793.49	8900	0	4
2022.12.23	00:00:00	1793.51	1795.57	1791.26	1792.80	16930	0	3
2022.12.23	04:00:00	1792.84	1798.26	1792.51	1797.68	13606	0	3
2022.12.23	08:00:00	1797.68	1799.59	1795.08	1797.80	15863	0	4
2022.12.23	12:00:00	1797.82	1801.14	1791.18	1800.56	39047	0	4
2022.12.23	16:00:00	1800.56	1803.22	1793.61	1795.73	15374	0	4
2022.12.26	20:00:00	1800.60	1804.00	1799.89	1801.77	1649	0	10
2022.12.27	00:00:00	1801.77	1806.50	1800.62	1804.49	13504	0	4
2022.12.27	04:00:00	1804.44	1808.46	1803.77	1805.60	10877	0	4
2022.12.27	08:00:00	1805.66	1810.60	1805.64	1809.80	13452	0	4
2022.12.27	12:00:00	1809.78	1833.63	1802.31	1824.64	37240	0	2
2022.12.27	16:00:00	1824.64	1826.41	1810.61	1813.05	25302	0	4
2022.12.27	20:00:00	1813.07	1814.86	1812.23	1812.42	5080	0	6
2022.12.28	00:00:00	1812.39	1814.62	1809.43	1810.17	12686	0	4
2022.12.28	04:00:00	1810.17	1812.26	1807.39	1810.36	11977	0	4
2022.12.28	08:00:00	1810.36	1811.44	1799.32	1803.28	19008	0	1
2022.12.28	12:00:00	1803.30	1809.50	1798.31	1798.37	30257	0	1
2022.12.28	16:00:00	1798.29	1809.22	1797.04	1805.33	22807	0	4
2022.12.28	20:00:00	1805.33	1805.95	1802.82	1805.77	5614	0	5
2022.12.29	00:00:00	1805.72	1809.42	1804.30	1807.65	11152	0	5
2022.12.29	04:00:00	1807.68	1810.17	1804.88	1806.33	11519	0	6
2022.12.29	08:00:00	1806.30	1811.96	1804.38	1806.72	16431	0	4
2022.12.29	12:00:00	1806.78	1818.19	1805.23	1813.54	35873	0	3
2022.12.29	16:00:00	1813.61	1820.24	1811.93	1817.34	19513	0	4
2022.12.29	20:00:00	1817.30	1817.30	1813.61	1815.09	5254	0	4
2022.12.30	00:00:00	1814.99	1819.18	1814.75	1816.98	11340	0	5
2022.12.30	04:00:00	1816.99	1822.49	1815.32	1816.71	11667	0	5
2022.12.30	08:00:00	1816.92	1820.25	1813.39	1818.94	17037	0	4
2022.12.30	12:00:00	1818.97	1825.27	1814.30	1818.50	36458	0	3
2022.12.30	16:00:00	1818.47	1826.04	1814.35	1819.17	23856	0	4
2023.01.02	20:00:00	1827.53	1830.07	1823.52	1829.44	2104	0	10
2023.01.03	00:00:00	1829.44	1843.14	1826.83	1841.24	21770	0	2
2023.01.03	04:00:00	1841.24	1849.99	1837.99	1847.56	18780	0	1
2023.01.03	08:00:00	1847.58	1848.03	1830.85	1833.19	31519	0	4
2023.01.03	12:00:00	1833.20	1849.86	1827.58	1833.25	44806	0	2
2023.01.03	16:00:00	1833.21	1840.21	1828.25	1839.07	27985	0	4
2023.01.03	20:00:00	1839.06	1839.77	1836.50	1836.51	7670	0	5
2023.01.04	00:00:00	1836.50	1847.18	1836.18	1845.65	15868	0	2
2023.01.04	04:00:00	1845.65	1858.61	1844.70	1858.29	16679	0	1
2023.01.04	08:00:00	1858.28	1865.12	1857.03	1860.19	28337	0	3
2023.01.04	12:00:00	1860.21	1862.74	1849.08	1857.81	50275	0	2
2023.01.04	16:00:00	1857.82	1860.40	1847.12	1852.50	37916	0	4
2023.01.04	20:00:00	1852.50	1857.15	1851.40	1854.88	9456	0	4
2023.01.05	00:00:00	1854.88	1859.03	1853.30	1853.31	15979	0	4
2023.01.05	04:00:00	1853.37	1855.66	1847.99	1849.36	15385	0	5
2023.01.05	08:00:00	1849.33	1851.31	1843.83	1846.31	25693	0	4
2023.01.05	12:00:00	1846.31	1848.83	1825.11	1826.86	53734	0	0
2023.01.05	16:00:00	1826.86	1837.48	1825.69	1834.32	25911	0	4
2023.01.05	20:00:00	1834.32	1834.33	1831.71	1832.74	5814	0	6
2023.01.06	00:00:00	1832.73	1840.85	1831.31	1839.33	13622	0	5
2023.01.06	04:00:00	1839.33	1840.68	1835.77	1838.39	14341	0	4
2023.01.06	08:00:00	1838.40	1840.55	1833.28	1836.69	20467	0	4
2023.01.06	12:00:00	1836.69	1863.17	1834.65	1862.32	58007	0	4
2023.01.06	16:00:00	1862.30	1869.87	1859.92	1868.92	22150	0	4
2023.01.06	20:00:00	1868.92	1869.41	1865.61	1866.44	5089	0	3
2023.01.09	00:00:00	1869.62	1879.54	1867.16	1877.21	19062	0	3
2023.01.09	04:00:00	1877.21	1880.99	1873.74	1875.10	16845	0	4
2023.01.09	08:00:00	1875.08	1877.00	1870.48	1873.07	22701	0	4
2023.01.09	12:00:00	1873.05	1881.58	1872.05	1874.75	40387	0	4
2023.01.09	16:00:00	1874.76	1878.49	1869.07	1875.26	25730	0	4
2023.01.09	20:00:00	1875.22	1875.24	1869.22	1870.51	7947	0	4
2023.01.10	00:00:00	1870.51	1875.99	1867.72	1871.88	19793	0	4
2023.01.10	04:00:00	1871.87	1875.21	1870.64	1872.09	14512	0	4
2023.01.10	08:00:00	1872.11	1877.31	1871.63	1875.23	21588	0	4
2023.01.10	12:00:00	1875.21	1880.77	1870.47	1875.74	44855	0	4
2023.01.10	16:00:00	1875.72	1877.37	1871.23	1876.65	24266	0	4
2023.01.10	20:00:00	1876.65	1878.67	1875.95	1877.20	5550	0	5
2023.01.11	00:00:00	1877.17	1878.48	1872.11	1877.71	14647	0	4
2023.01.11	04:00:00	1877.71	1884.61	1876.97	1881.69	16288	0	4
2023.01.11	08:00:00	1881.69	1886.63	1880.96	1883.03	24018	0	4
2023.01.11	12:00:00	1883.04	1883.32	1869.53	1872.02	42284	0	3
2023.01.11	16:00:00	1872.02	1878.51	1867.15	1877.75	23448	0	5
2023.01.11	20:00:00	1877.75	1878.08	1875.63	1876.92	5409	0	6
2023.01.12	00:00:00	1876.92	1884.92	1875.84	1883.64	15804	0	3
2023.01.12	04:00:00	1883.63	1885.03	1881.82	1882.48	7658	0	7
2023.01.12	08:00:00	1882.52	1886.30	1881.23	1885.24	17543	0	5
2023.01.12	12:00:00	1885.19	1901.62	1870.74	1888.88	42571	0	0
2023.01.12	16:00:00	1888.90	1899.59	1888.42	1897.79	27463	0	5
2023.01.12	20:00:00	1897.76	1899.51	1894.33	1898.10	8112	0	5
2023.01.13	00:00:00	1898.09	1900.98	1896.04	1897.88	18096	0	5
2023.01.13	04:00:00	1897.87	1900.00	1892.35	1899.63	17723	0	5
2023.01.13	08:00:00	1899.69	1909.67	1898.05	1899.81	23362	0	5
2023.01.13	12:00:00	1899.75	1916.55	1893.70	1913.72	34402	0	0
2023.01.13	16:00:00	1913.68	1921.92	1909.46	1920.09	23161	0	5
2023.01.13	20:00:00	1920.13	1921.54	1918.51	1920.37	4738	0	5
2023.01.15	20:00:00	1921.91	1922.04	1916.89	1916.92	2270	0	9
2023.01.16	08:00:00	1916.37	1919.34	1910.90	1916.61	14092	0	5
2023.01.16	12:00:00	1916.54	1917.28	1911.44	1916.07	18161	0	5
2023.01.16	16:00:00	1916.06	1916.16	1912.88	1914.44	6395	0	5
2023.01.16	20:00:00	1915.63	1918.42	1914.84	1917.95	1365	0	5
2023.01.17	00:00:00	1917.98	1919.08	1909.49	1910.33	14359	0	5
2023.01.17	04:00:00	1910.34	1913.29	1906.99	1910.03	13942	0	5
2023.01.17	08:00:00	1910.02	1912.87	1904.27	1912.74	18340	0	5
2023.01.17	12:00:00	1912.75	1916.68	1907.13	1911.07	31724	0	0
2023.01.17	16:00:00	1911.06	1913.36	1903.82	1907.99	20167	0	5
2023.01.17	20:00:00	1907.98	1910.92	1907.54	1908.79	6185	0	5
2023.01.18	00:00:00	1908.78	1910.40	1899.26	1900.12	17854	0	5
2023.01.18	04:00:00	1900.11	1909.11	1896.63	1907.80	19917	0	5
2023.01.18	08:00:00	1907.79	1916.78	1907.79	1915.73	20109	0	5
2023.01.18	12:00:00	1915.72	1925.95	1911.43	1912.37	34999	0	0
2023.01.18	16:00:00	1912.33	1912.80	1901.61	1905.13	24576	0	5
2023.01.18	20:00:00	1905.15	1907.41	1902.34	1906.89	7043	0	5
2023.01.19	00:00:00	1906.98	1910.85	1901.02	1909.10	16392	0	5
2023.01.19	04:00:00	1909.09	1912.93	1906.46	1911.39	14982	0	5
2023.01.19	08:00:00	1911.40	1916.80	1906.70	1908.18	18808	0	5
2023.01.19	12:00:00	1908.19	1923.33	1906.87	1918.07	33089	0	5
2023.01.19	16:00:00	1918.14	1931.36	1917.68	1929.76	23503	0	5
2023.01.19	20:00:00	1929.74	1935.20	1929.36	1931.79	8750	0	5
2023.01.20	00:00:00	1931.76	1934.90	1927.54	1927.61	12127	0	5
2023.01.20	04:00:00	1927.62	1933.11	1923.21	1933.11	13925	0	5
2023.01.20	08:00:00	1933.08	1937.55	1926.59	1927.16	20344	0	5
2023.01.20	12:00:00	1927.14	1931.03	1920.69	1926.40	29515	0	5
2023.01.20	16:00:00	1926.42	1931.04	1922.85	1929.71	19200	0	5
2023.01.20	20:00:00	1929.67	1929.99	1925.99	1926.18	4729	0	5
2023.01.22	20:00:00	1926.64	1927.76	1923.92	1927.31	2006	0	5
2023.01.23	00:00:00	1927.40	1935.57	1927.40	1930.67	10972	0	5
2023.01.23	04:00:00	1930.66	1931.28	1919.75	1920.30	12972	0	5
2023.01.23	08:00:00	1920.34	1929.42	1918.94	1925.63	19034	0	0
2023.01.23	12:00:00	1925.60	1927.85	1911.42	1923.02	32422	0	5
2023.01.23	16:00:00	1923.04	1929.70	1919.25	1926.43	22075	0	5
2023.01.23	20:00:00	1926.45	1932.80	1926.04	1931.36	6778	0	5
2023.01.24	00:00:00	1931.38	1937.13	1930.82	1933.52	8158	0	5
2023.01.24	04:00:00	1933.51	1941.51	1931.87	1940.43	10564	0	5
2023.01.24	08:00:00	1940.46	1942.53	1934.33	1937.25	17991	0	5
2023.01.24	12:00:00	1937.23	1939.41	1917.19	1935.04	31655	0	0
2023.01.24	16:00:00	1935.09	1938.29	1930.22	1938.11	20296	0	5
2023.01.24	20:00:00	1938.14	1938.28	1936.42	1937.07	5988	0	5
2023.01.25	00:00:00	1937.05	1939.66	1929.05	1931.81	9272	0	5
2023.01.25	04:00:00	1931.83	1933.91	1925.85	1928.99	8246	0	5
2023.01.25	08:00:00	1930.24	1932.22	1923.12	1926.03	10739	0	0
2023.01.25	12:00:00	1925.98	1938.75	1919.91	1933.07	28889	0	0
2023.01.25	16:00:00	1933.04	1943.22	1928.94	1942.41	20097	0	5
2023.01.25	20:00:00	1942.42	1948.84	1942.34	1948.40	7970	0	5
2023.01.26	00:00:00	1948.42	1949.21	1942.56	1947.76	8874	0	5
2023.01.26	04:00:00	1947.77	1949.02	1938.11	1943.02	12018	0	5
2023.01.26	08:00:00	1942.92	1945.11	1933.14	1937.08	17757	0	5
2023.01.26	12:00:00	1937.11	1942.45	1923.24	1924.86	33559	0	0
2023.01.26	16:00:00	1924.87	1933.17	1918.74	1931.27	24334	0	5
2023.01.26	20:00:00	1931.24	1931.30	1928.36	1930.81	6701	0	5
2023.01.27	00:00:00	1930.77	1934.86	1923.94	1924.78	11699	0	5
2023.01.27	04:00:00	1924.77	1925.78	1919.86	1923.20	12744	0	5
2023.01.27	08:00:00	1923.19	1931.49	1923.06	1930.16	17389	0	5
2023.01.27	12:00:00	1930.18	1935.00	1916.77	1924.15	28432	0	0
2023.01.27	16:00:00	1924.12	1932.21	1923.88	1930.01	18290	0	5
2023.01.27	20:00:00	1929.95	1930.62	1926.16	1928.41	4194	0	5
2023.01.29	20:00:00	1929.48	1929.65	1925.64	1928.97	1748	0	5
2023.01.30	00:00:00	1929.02	1931.06	1924.48	1926.30	12790	0	5
2023.01.30	04:00:00	1926.33	1934.50	1923.24	1924.61	15639	0	5
2023.01.30	08:00:00	1924.54	1930.79	1920.67	1923.27	20072	0	5
2023.01.30	12:00:00	1923.32	1930.42	1922.55	1925.71	24444	0	5
2023.01.30	16:00:00	1925.67	1925.87	1920.86	1923.35	18017	0	5
2023.01.30	20:00:00	1923.36	1923.63	1921.27	1922.16	5518	0	5
2023.01.31	00:00:00	1922.27	1927.39	1920.89	1921.09	11807	0	5
2023.01.31	04:00:00	1921.13	1921.96	1912.07	1914.47	13296	0	5
2023.01.31	08:00:00	1914.45	1914.96	1901.19	1904.26	19140	0	5
2023.01.31	12:00:00	1904.27	1929.30	1900.85	1928.62	35371	0	0
2023.01.31	16:00:00	1928.70	1931.11	1926.34	1928.70	19795	0	5
2023.01.31	20:00:00	1928.85	1929.19	1927.15	1927.38	6656	0	5
2023.02.01	00:00:00	1927.40	1928.78	1924.63	1926.81	9339	0	5
2023.02.01	04:00:00	1926.74	1929.28	1924.20	1925.01	11223	0	5
2023.02.01	08:00:00	1925.04	1930.28	1923.36	1928.84	15693	0	5
2023.02.01	12:00:00	1928.85	1933.27	1922.84	1931.94	25604	0	0
2023.02.01	16:00:00	1931.96	1943.96	1920.67	1943.05	25699	0	0
2023.02.01	20:00:00	1943.10	1956.25	1939.20	1953.12	13682	0	5
2023.02.02	00:00:00	1953.05	1957.32	1950.92	1952.38	13654	0	5
2023.02.02	04:00:00	1952.37	1959.78	1951.29	1955.53	12108	0	5
2023.02.02	08:00:00	1955.57	1959.64	1951.62	1954.80	18724	0	5
2023.02.02	12:00:00	1954.85	1956.12	1917.38	1926.17	40785	0	5
2023.02.02	16:00:00	1926.14	1926.36	1911.88	1913.30	29646	0	5
2023.02.02	20:00:00	1913.26	1915.54	1911.35	1915.16	11910	0	5
2023.02.03	00:00:00	1915.24	1918.66	1914.02	1916.33	13603	0	5
2023.02.03	04:00:00	1916.34	1918.24	1910.19	1913.73	14164	0	5
2023.02.03	08:00:00	1913.81	1916.23	1909.35	1914.49	18899	0	5
2023.02.03	12:00:00	1914.50	1917.07	1869.17	1873.09	41553	0	0
2023.02.03	16:00:00	1873.19	1875.07	1861.42	1865.79	29885	0	5
2023.02.03	20:00:00	1865.78	1867.03	1864.37	1865.19	6615	0	5
2023.02.05	20:00:00	1865.17	1870.04	1860.59	1865.55	3321	0	5
2023.02.06	00:00:00	1865.41	1876.76	1863.73	1876.60	16765	0	5
2023.02.06	04:00:00	1876.64	1878.90	1874.40	1875.96	12876	0	0
2023.02.06	08:00:00	1876.08	1881.33	1868.26	1871.66	20771	0	3
2023.02.06	12:00:00	1871.56	1875.81	1863.07	1865.99	30349	0	3
2023.02.06	16:00:00	1866.07	1871.32	1863.59	1865.78	23154	0	3
2023.02.06	20:00:00	1865.72	1869.83	1865.28	1868.62	6948	0	3
2023.02.07	00:00:00	1868.62	1875.69	1868.39	1872.86	12578	0	3
2023.02.07	04:00:00	1872.86	1876.96	1871.72	1876.27	12117	0	3
2023.02.07	08:00:00	1876.30	1878.08	1866.10	1867.52	19288	0	3
2023.02.07	12:00:00	1867.55	1879.94	1865.79	1879.46	26591	0	3
2023.02.07	16:00:00	1879.65	1884.43	1865.04	1871.82	36118	0	3
2023.02.07	20:00:00	1871.88	1877.99	1867.43	1872.91	7389	0	3
2023.02.08	00:00:00	1872.95	1878.46	1872.58	1876.44	11226	0	3
2023.02.08	04:00:00	1876.43	1886.29	1873.31	1886.29	11807	0	3
2023.02.08	08:00:00	1886.29	1886.29	1878.65	1880.26	18595	0	3
2023.02.08	12:00:00	1880.18	1883.67	1869.12	1873.96	28935	0	3
2023.02.08	16:00:00	1873.92	1879.91	1872.36	1876.23	25291	0	3
2023.02.08	20:00:00	1876.20	1876.32	1873.85	1875.02	6405	0	3
2023.02.09	00:00:00	1875.00	1880.42	1872.09	1878.74	11782	0	3
2023.02.09	04:00:00	1878.72	1882.10	1876.90	1880.63	13179	0	3
2023.02.09	08:00:00	1880.47	1886.18	1879.97	1882.21	19351	0	3
2023.02.09	12:00:00	1882.20	1890.23	1872.59	1874.17	30628	0	3
2023.02.09	16:00:00	1874.20	1875.80	1859.97	1861.93	28444	0	3
2023.02.09	20:00:00	1861.94	1863.12	1858.95	1862.48	8453	0	3
2023.02.10	00:00:00	1862.59	1865.51	1855.39	1855.39	14029	0	3
2023.02.10	04:00:00	1855.42	1867.03	1852.81	1866.22	17778	0	3
2023.02.10	08:00:00	1866.27	1872.29	1860.60	1864.80	25501	0	3
2023.02.10	12:00:00	1864.79	1868.66	1859.07	1859.93	31167	0	3
2023.02.10	16:00:00	1859.92	1864.77	1856.47	1863.70	21747	0	3
2023.02.10	20:00:00	1863.73	1865.77	1862.72	1865.57	4685	0	3
2023.02.12	20:00:00	1864.65	1865.43	1862.71	1862.78	2245	0	3
2023.02.13	00:00:00	1862.80	1863.90	1858.16	1858.86	13876	0	3
2023.02.13	04:00:00	1858.84	1866.62	1857.04	1863.93	13912	0	3
2023.02.13	08:00:00	1863.98	1864.18	1854.12	1862.19	18599	0	3
2023.02.13	12:00:00	1862.20	1863.07	1853.32	1855.29	26271	0	3
2023.02.13	16:00:00	1855.26	1855.95	1850.50	1852.84	19081	0	3
2023.02.13	20:00:00	1852.82	1854.58	1851.32	1854.45	5531	0	3
2023.02.14	00:00:00	1854.29	1858.57	1854.06	1858.17	10906	0	3
2023.02.14	04:00:00	1858.21	1864.94	1857.16	1858.76	12206	0	3
2023.02.14	08:00:00	1858.81	1863.93	1853.75	1857.31	16257	0	3
2023.02.14	12:00:00	1857.32	1870.63	1843.37	1852.35	36007	0	3
2023.02.14	16:00:00	1852.40	1858.92	1843.95	1855.55	24650	0	3
2023.02.14	20:00:00	1855.49	1856.30	1853.59	1854.98	5919	0	3
2023.02.15	00:00:00	1854.93	1860.16	1847.60	1848.39	12887	0	3
2023.02.15	04:00:00	1848.38	1848.91	1835.18	1835.73	16215	0	3
2023.02.15	08:00:00	1835.58	1837.73	1831.90	1834.99	18510	0	3
2023.02.15	12:00:00	1834.91	1838.96	1830.47	1834.19	31548	0	3
2023.02.15	16:00:00	1834.25	1838.11	1831.31	1835.50	21554	0	3
2023.02.15	20:00:00	1835.49	1838.64	1834.89	1836.45	6639	0	3
2023.02.16	00:00:00	1836.44	1842.65	1834.53	1840.52	13941	0	3
2023.02.16	04:00:00	1840.49	1841.71	1834.31	1841.39	13285	0	3
2023.02.16	08:00:00	1841.36	1844.86	1834.86	1837.43	16479	0	3
2023.02.16	12:00:00	1837.44	1840.41	1827.65	1834.63	32513	0	3
2023.02.16	16:00:00	1834.66	1845.31	1832.45	1842.79	23424	0	3
2023.02.16	20:00:00	1842.86	1843.03	1833.30	1834.35	9586	0	3
2023.02.17	00:00:00	1834.36	1834.38	1826.12	1828.24	12577	0	3
2023.02.17	04:00:00	1828.27	1828.59	1821.89	1824.14	14088	0	4
2023.02.17	08:00:00	1824.08	1828.16	1818.95	1824.69	18477	0	4
2023.02.17	12:00:00	1824.75	1840.94	1822.74	1834.45	31666	0	4
2023.02.17	16:00:00	1834.56	1843.58	1834.38	1842.79	23633	0	4
2023.02.17	20:00:00	1842.80	1843.64	1841.01	1842.68	5685	0	4
2023.02.19	20:00:00	1840.80	1842.09	1838.45	1838.78	1830	0	4
2023.02.20	00:00:00	1838.77	1843.22	1837.35	1842.85	12392	0	4
2023.02.20	04:00:00	1842.86	1846.37	1841.20	1846.04	12687	0	4
2023.02.20	08:00:00	1845.93	1847.55	1841.14	1844.87	13341	0	4
2023.02.20	12:00:00	1844.95	1847.03	1842.34	1843.29	13786	0	4
2023.02.20	16:00:00	1843.28	1844.12	1840.70	1840.91	4996	0	4
2023.02.20	20:00:00	1841.25	1842.90	1841.19	1841.74	914	0	4
2023.02.21	00:00:00	1841.78	1843.78	1837.14	1838.46	10841	0	4
2023.02.21	04:00:00	1838.48	1839.80	1833.65	1834.84	10720	0	4
2023.02.21	08:00:00	1834.84	1836.82	1831.17	1833.86	19587	0	4
2023.02.21	12:00:00	1833.92	1843.86	1830.27	1838.83	31001	0	4
2023.02.21	16:00:00	1838.83	1839.58	1831.82	1834.17	21420	0	4
2023.02.21	20:00:00	1834.15	1836.60	1833.07	1835.65	6025	0	4
2023.02.22	00:00:00	1835.65	1838.49	1835.02	1836.26	11624	0	4
2023.02.22	04:00:00	1836.27	1839.99	1834.65	1839.94	9353	0	4
2023.02.22	08:00:00	1839.96	1841.26	1832.13	1838.94	17952	0	4
2023.02.22	12:00:00	1839.01	1846.07	1831.38	1836.11	29335	0	4
2023.02.22	16:00:00	1836.07	1837.14	1824.77	1825.00	25141	0	4
2023.02.22	20:00:00	1825.13	1827.48	1823.59	1825.20	8410	0	4
2023.02.23	00:00:00	1825.21	1830.49	1823.24	1827.98	10594	0	4
2023.02.23	04:00:00	1827.94	1833.80	1827.52	1829.78	10785	0	4
2023.02.23	08:00:00	1829.76	1829.77	1824.01	1826.51	14671	0	4
2023.02.23	12:00:00	1826.49	1830.18	1817.54	1823.66	32889	0	4
2023.02.23	16:00:00	1823.54	1824.17	1818.51	1823.01	24322	0	4
2023.02.23	20:00:00	1822.99	1824.12	1821.44	1823.25	5982	0	4
2023.02.24	00:00:00	1823.26	1827.87	1823.07	1825.79	15922	0	4
2023.02.24	04:00:00	1825.80	1826.47	1821.82	1822.12	11468	0	4
2023.02.24	08:00:00	1822.11	1825.69	1817.43	1819.19	16948	0	4
2023.02.24	12:00:00	1819.21	1819.22	1809.06	1810.73	36010	0	4
2023.02.24	16:00:00	1810.74	1814.16	1808.99	1811.02	22075	0	4
2023.02.24	20:00:00	1811.06	1813.47	1810.61	1810.88	5372	0	4
2023.02.26	20:00:00	1810.88	1813.17	1809.91	1811.85	1720	0	4
2023.02.27	00:00:00	1811.83	1814.25	1806.78	1808.00	14555	0	4
2023.02.27	04:00:00	1808.00	1812.34	1807.16	1810.71	13085	0	4
2023.02.27	08:00:00	1810.71	1813.79	1808.39	1811.51	17233	0	4
2023.02.27	12:00:00	1811.52	1820.13	1810.16	1815.47	28860	0	4
2023.02.27	16:00:00	1815.48	1820.19	1812.67	1817.47	20260	0	4
2023.02.27	20:00:00	1817.44	1818.14	1816.03	1817.30	6054	0	4
2023.02.28	00:00:00	1817.29	1819.45	1814.77	1814.95	10416	0	4
2023.02.28	04:00:00	1814.94	1817.02	1810.26	1810.51	11970	0	4
2023.02.28	08:00:00	1810.61	1813.11	1804.81	1809.11	17224	0	4
2023.02.28	12:00:00	1809.00	1826.81	1807.30	1824.14	29558	0	4
2023.02.28	16:00:00	1824.21	1831.19	1824.09	1829.02	21655	0	4
2023.02.28	20:00:00	1829.03	1829.36	1825.47	1825.61	7142	0	4
2023.03.01	00:00:00	1825.65	1831.21	1823.11	1831.10	13156	0	4
2023.03.01	04:00:00	1831.09	1836.78	1829.97	1835.63	13816	0	4
2023.03.01	08:00:00	1835.63	1838.55	1830.51	1835.34	19580	0	4
2023.03.01	12:00:00	1835.33	1844.68	1833.49	1842.08	32515	0	4
2023.03.01	16:00:00	1842.09	1842.25	1836.57	1838.38	21958	0	4
2023.03.01	20:00:00	1838.39	1838.99	1836.53	1836.64	5886	0	4
2023.03.02	00:00:00	1836.53	1838.24	1831.09	1833.52	12666	0	4
2023.03.02	04:00:00	1833.51	1834.88	1830.36	1831.66	10565	0	4
2023.03.02	08:00:00	1831.72	1837.33	1830.05	1836.82	18765	0	4
2023.03.02	12:00:00	1836.76	1839.03	1830.16	1838.03	27284	0	4
2023.03.06	08:00:00	1849.81	1850.11	1847.31	1848.54	2711	0	4
2023.03.06	12:00:00	1848.54	1854.02	1848.13	1851.07	24769	0	4
2023.03.06	16:00:00	1851.05	1852.82	1845.16	1846.17	17681	0	4
2023.03.06	20:00:00	1846.17	1847.33	1845.68	1846.40	5135	0	4
2023.03.07	00:00:00	1846.36	1850.48	1844.16	1847.62	11526	0	4
2023.03.07	04:00:00	1847.60	1851.68	1845.43	1848.53	9630	0	4
2023.03.07	08:00:00	1848.49	1849.70	1840.99	1841.99	14648	0	4
2023.03.07	12:00:00	1842.01	1842.01	1815.66	1818.06	32483	0	4
2023.03.07	16:00:00	1817.85	1823.21	1812.75	1813.92	27675	0	4
2023.03.07	20:00:00	1813.96	1816.02	1811.91	1814.07	6890	0	4
2023.03.08	00:00:00	1814.04	1814.22	1809.45	1809.90	12253	0	4
2023.03.08	04:00:00	1809.90	1815.04	1809.90	1814.25	10645	0	4
2023.03.08	08:00:00	1814.20	1816.67	1812.40	1815.10	13958	0	4
2023.03.08	12:00:00	1815.14	1824.30	1812.25	1820.62	30777	0	4
2023.03.08	16:00:00	1820.71	1821.92	1813.34	1816.31	20818	0	4
2023.03.08	20:00:00	1816.33	1816.41	1812.93	1815.32	5578	0	4
2023.03.09	00:00:00	1815.35	1816.53	1811.95	1813.79	9879	0	4
2023.03.09	04:00:00	1813.78	1816.09	1812.77	1814.87	9344	0	4
2023.03.09	08:00:00	1814.89	1820.40	1813.74	1818.79	13487	0	4
2023.03.09	12:00:00	1818.79	1835.64	1815.49	1828.74	28610	0	4
2023.03.09	16:00:00	1828.69	1835.06	1825.57	1830.59	24211	0	4
2023.03.09	20:00:00	1830.61	1832.37	1829.04	1831.62	8801	0	4
2023.03.10	00:00:00	1831.63	1834.89	1828.16	1829.27	14822	0	4
2023.03.10	04:00:00	1829.26	1834.75	1827.77	1833.62	13194	0	4
2023.03.10	08:00:00	1833.57	1837.35	1830.93	1835.01	17926	0	4
2023.03.10	12:00:00	1835.06	1867.42	1831.85	1863.07	42211	0	4
2023.03.10	16:00:00	1863.13	1865.43	1854.20	1863.90	33830	0	4
2023.03.10	20:00:00	1863.89	1870.19	1863.62	1867.15	9127	0	4
2023.03.12	20:00:00	1884.20	1889.44	1875.84	1877.83	6083	0	4
2023.03.13	00:00:00	1877.80	1888.94	1872.22	1882.59	23438	0	4
2023.03.13	04:00:00	1882.65	1883.74	1871.60	1876.35	17233	0	4
2023.03.13	08:00:00	1876.33	1893.86	1875.52	1889.73	37172	0	4
2023.03.13	12:00:00	1889.74	1913.12	1887.35	1904.98	51111	0	4
2023.03.13	16:00:00	1904.93	1914.65	1903.42	1913.38	31517	0	4
2023.03.13	20:00:00	1913.36	1914.23	1909.99	1912.12	5813	0	4
2023.03.14	00:00:00	1912.13	1914.17	1902.64	1902.99	15770	0	4
2023.03.14	04:00:00	1902.98	1913.57	1901.54	1912.67	18685	0	4
2023.03.14	08:00:00	1912.66	1913.40	1900.84	1904.21	25218	0	4
2023.03.14	12:00:00	1904.19	1912.01	1895.43	1904.19	41740	0	4
2023.03.14	16:00:00	1904.19	1910.25	1902.26	1902.52	28375	0	4
2023.03.14	20:00:00	1902.54	1905.01	1902.48	1903.16	4405	0	4
2023.03.15	00:00:00	1903.15	1905.72	1900.04	1902.91	13158	0	4
2023.03.15	04:00:00	1902.93	1903.49	1896.38	1896.56	13964	0	4
2023.03.15	08:00:00	1896.55	1918.98	1885.78	1918.17	34931	0	4
2023.03.15	12:00:00	1918.12	1930.41	1917.03	1927.19	45715	0	4
2023.03.15	16:00:00	1927.17	1937.39	1909.11	1916.79	33377	0	4
2023.03.15	20:00:00	1916.64	1922.90	1916.20	1921.25	4717	0	4
2023.03.16	00:00:00	1921.26	1924.43	1907.60	1913.31	19210	0	4
2023.03.16	04:00:00	1913.30	1920.71	1912.31	1916.74	16089	0	4
2023.03.16	08:00:00	1916.75	1927.12	1915.84	1926.99	21287	0	4
2023.03.16	12:00:00	1927.00	1933.56	1913.41	1918.77	45797	0	4
2023.03.16	16:00:00	1918.76	1921.23	1914.42	1920.61	27391	0	4
2023.03.16	20:00:00	1920.55	1922.16	1918.58	1921.38	3588	0	4
2023.03.17	00:00:00	1921.44	1929.80	1918.30	1927.75	13299	0	4
2023.03.17	04:00:00	1927.73	1934.38	1927.28	1930.31	14086	0	4
2023.03.17	08:00:00	1930.40	1937.20	1927.40	1935.08	19694	0	4
2023.03.17	12:00:00	1935.32	1964.98	1934.99	1959.35	42030	0	4
2023.03.17	16:00:00	1959.38	1987.80	1955.36	1976.34	35020	0	4
2023.03.17	20:00:00	1976.41	1989.10	1975.33	1989.00	3101	0	4
2023.03.19	20:00:00	1983.17	1990.66	1975.09	1977.06	6046	0	4
2023.03.20	00:00:00	1977.04	1978.49	1968.16	1973.41	16823	0	4
2023.03.20	04:00:00	1973.41	2009.82	1973.09	2003.47	22497	0	4
2023.03.20	08:00:00	2003.50	2006.20	1973.95	1983.88	32212	0	4
2023.03.20	12:00:00	1983.89	1986.63	1965.93	1973.84	39947	0	4
2023.03.20	16:00:00	1973.84	1984.41	1973.02	1977.24	22679	0	4
2023.03.20	20:00:00	1977.22	1980.09	1976.34	1976.66	3398	0	4
2023.03.21	00:00:00	1976.76	1985.21	1975.47	1983.86	11558	0	4
2023.03.21	04:00:00	1983.87	1983.87	1970.32	1970.41	13513	0	4
2023.03.21	08:00:00	1970.37	1970.92	1962.96	1966.36	21007	0	4
2023.03.21	12:00:00	1966.45	1967.14	1943.17	1948.22	34968	0	4
2023.03.21	16:00:00	1948.20	1949.02	1935.48	1940.23	19051	0	4
2023.03.21	20:00:00	1940.28	1944.00	1939.28	1943.13	3346	0	4
2023.03.22	00:00:00	1943.19	1946.28	1938.32	1939.70	12300	0	4
2023.03.22	04:00:00	1939.67	1943.58	1934.33	1939.89	12542	0	4
2023.03.22	08:00:00	1939.77	1945.73	1939.72	1942.50	17759	0	4
2023.03.22	12:00:00	1942.39	1951.98	1937.11	1947.31	27853	0	4
2023.03.22	16:00:00	1947.32	1978.85	1944.98	1972.76	34062	0	4
2023.03.22	20:00:00	1972.75	1975.18	1964.51	1969.73	6181	0	4
2023.03.23	00:00:00	1969.75	1977.66	1966.36	1976.96	17200	0	4
2023.03.23	04:00:00	1976.93	1983.70	1974.94	1976.88	16180	0	4
2023.03.23	08:00:00	1976.90	1980.73	1974.25	1978.47	20485	0	4
2023.03.23	12:00:00	1978.47	1987.12	1966.66	1984.11	35965	0	4
2023.03.23	16:00:00	1984.14	2003.38	1982.77	1997.77	34373	0	4
2023.03.23	20:00:00	1997.88	1998.92	1990.21	1991.34	4525	0	4
2023.03.24	00:00:00	1991.34	1994.96	1989.81	1992.85	15763	0	4
2023.03.24	04:00:00	1992.90	1993.38	1985.30	1989.53	14618	0	4
2023.03.24	08:00:00	1989.54	2000.29	1981.31	1995.88	30671	0	4
2023.03.24	12:00:00	1995.88	2002.98	1986.02	1987.34	43792	0	4
2023.03.24	16:00:00	1987.27	1990.65	1975.31	1976.05	28469	0	4
2023.03.24	20:00:00	1976.05	1979.41	1975.27	1978.52	1601	0	4
2023.03.26	20:00:00	1975.04	1980.11	1969.39	1975.83	4020	0	4
2023.03.27	00:00:00	1975.80	1978.76	1972.19	1974.65	18677	0	4
2023.03.27	04:00:00	1974.65	1975.58	1965.97	1971.01	20203	0	4
2023.03.27	08:00:00	1970.92	1972.23	1948.29	1954.23	24351	0	4
2023.03.27	12:00:00	1954.09	1958.71	1944.09	1956.92	34545	0	4
2023.03.27	16:00:00	1956.92	1959.50	1950.78	1957.93	20437	0	4
2023.03.27	20:00:00	1957.31	1958.35	1955.73	1958.17	1831	0	4
2023.03.28	00:00:00	1958.16	1964.09	1957.79	1959.73	15428	0	4
2023.03.28	04:00:00	1959.71	1960.91	1951.93	1954.00	20003	0	4
2023.03.28	08:00:00	1954.00	1958.61	1949.23	1957.03	20244	0	4
2023.03.28	12:00:00	1957.01	1970.01	1957.00	1966.72	33670	0	4
2023.03.28	16:00:00	1966.74	1975.32	1965.75	1973.39	20030	0	4
2023.03.28	20:00:00	1973.41	1974.20	1971.48	1971.97	2724	0	4
2023.03.29	00:00:00	1972.05	1972.90	1965.90	1966.51	12449	0	4
2023.03.29	04:00:00	1966.52	1968.97	1958.74	1961.75	16618	0	4
2023.03.29	08:00:00	1961.77	1969.21	1960.87	1966.77	17351	0	4
2023.03.29	12:00:00	1966.76	1971.78	1960.76	1961.94	31995	0	4
2023.03.29	16:00:00	1961.88	1969.24	1961.18	1963.20	17189	0	4
2023.03.29	20:00:00	1963.44	1964.72	1962.77	1963.30	2007	0	4
2023.03.30	00:00:00	1963.34	1963.62	1955.45	1959.67	14902	0	4
2023.03.30	04:00:00	1959.67	1971.58	1959.04	1966.76	18087	0	4
2023.03.30	08:00:00	1966.68	1971.26	1964.99	1968.67	16373	0	4
2023.03.30	12:00:00	1968.68	1975.35	1964.00	1974.80	33954	0	4
2023.03.30	16:00:00	1974.78	1984.36	1974.78	1981.40	18489	0	4
2023.03.30	20:00:00	1981.30	1982.01	1978.04	1978.54	2721	0	4
2023.03.31	00:00:00	1978.50	1983.71	1977.70	1981.21	15694	0	4
2023.03.31	04:00:00	1981.21	1985.10	1974.92	1975.38	16000	0	4
2023.03.31	08:00:00	1975.39	1981.99	1973.27	1980.27	19200	0	4
2023.03.31	12:00:00	1980.29	1987.60	1974.96	1979.72	34525	0	4
2023.03.31	16:00:00	1979.73	1979.83	1966.93	1971.00	21537	0	4
2023.03.31	20:00:00	1970.96	1970.96	1968.51	1969.32	1576	0	4
2023.04.02	20:00:00	1962.59	1962.68	1957.12	1957.18	2204	0	4
2023.04.03	00:00:00	1957.16	1964.57	1949.82	1951.90	18839	0	4
2023.04.03	04:00:00	1951.88	1962.07	1950.57	1961.85	18255	0	4
2023.04.03	08:00:00	1961.85	1978.82	1961.23	1978.72	20855	0	4
2023.04.03	12:00:00	1978.59	1990.53	1972.49	1987.99	37184	0	4
2023.04.03	16:00:00	1987.99	1990.54	1981.94	1985.19	21168	0	4
2023.04.03	20:00:00	1985.11	1985.92	1983.63	1985.01	2220	0	4
2023.04.04	00:00:00	1984.99	1985.36	1977.87	1978.18	13794	0	4
2023.04.04	04:00:00	1978.18	1983.83	1977.00	1982.24	17388	0	4
2023.04.04	08:00:00	1982.24	1984.38	1978.56	1982.06	18917	0	4
2023.04.04	12:00:00	1982.06	2024.97	1981.57	2020.36	40048	0	4
2023.04.04	16:00:00	2020.31	2024.98	2017.87	2021.89	22794	0	4
2023.04.04	20:00:00	2021.94	2023.66	2020.15	2021.88	3039	0	4
2023.04.05	00:00:00	2021.84	2025.38	2019.45	2023.11	12451	0	4
2023.04.05	04:00:00	2023.06	2028.42	2022.19	2025.46	15021	0	4
2023.04.05	08:00:00	2025.48	2028.20	2021.58	2023.02	16943	0	4
2023.04.05	12:00:00	2023.02	2032.11	2010.09	2021.77	41762	0	4
2023.04.05	16:00:00	2021.83	2024.00	2019.16	2021.10	18547	0	4
2023.04.05	20:00:00	2021.08	2021.72	2020.16	2020.35	2003	0	4
2023.04.06	00:00:00	2020.36	2020.52	2008.07	2011.40	15796	0	4
2023.04.06	04:00:00	2011.41	2018.17	2010.56	2016.41	16540	0	4
2023.04.06	08:00:00	2016.40	2020.99	2014.87	2018.60	17196	0	4
2023.04.06	12:00:00	2018.49	2020.76	2000.91	2011.25	30677	0	4
2023.04.06	16:00:00	2011.27	2015.01	2006.27	2006.49	16461	0	4
2023.04.06	20:00:00	2006.85	2008.21	2005.81	2007.29	1369	0	4
2023.04.09	20:00:00	2005.59	2006.02	2004.81	2005.53	1502	0	4
2023.04.10	00:00:00	2005.63	2005.91	1988.97	1990.95	14017	0	4
2023.04.10	04:00:00	1991.00	1997.68	1989.72	1997.49	10774	0	4
2023.04.10	08:00:00	1997.44	2003.06	1995.98	2001.61	12251	0	4
2023.04.10	12:00:00	2001.62	2002.03	1981.69	1988.70	31472	0	4
2023.04.10	16:00:00	1988.70	1992.89	1987.20	1991.57	15767	0	4
2023.04.10	20:00:00	1991.60	1992.59	1990.88	1992.45	1565	0	4
2023.04.11	00:00:00	1992.36	1998.27	1988.84	1997.61	15207	0	4
2023.04.11	04:00:00	1997.62	2003.76	1997.43	2002.17	16782	0	4
2023.04.11	08:00:00	2002.15	2007.49	1999.42	2000.50	19055	0	4
2023.04.11	12:00:00	2000.49	2006.32	1995.65	2004.17	28844	0	4
2023.04.11	16:00:00	2004.16	2006.80	2001.06	2004.14	16428	0	4
2023.04.11	20:00:00	2004.19	2005.13	2002.96	2004.78	1978	0	4
2023.04.12	00:00:00	2004.76	2019.43	2004.00	2017.30	16299	0	4
2023.04.12	04:00:00	2017.27	2021.14	2011.69	2013.07	15457	0	4
2023.04.12	08:00:00	2013.07	2013.67	2007.38	2007.76	15604	0	4
2023.04.12	12:00:00	2007.73	2028.38	2001.41	2005.85	41623	0	4
2023.04.12	16:00:00	2005.81	2018.13	2005.29	2013.68	22411	0	4
2023.04.12	20:00:00	2013.96	2018.55	2013.28	2018.21	3174	0	4
2023.04.13	00:00:00	2018.24	2019.82	2015.73	2017.50	16324	0	4
2023.04.13	04:00:00	2017.49	2025.71	2015.30	2024.57	16723	0	4
2023.04.13	08:00:00	2024.61	2029.23	2024.51	2028.61	17243	0	4
2023.04.13	12:00:00	2028.62	2048.67	2026.59	2039.01	38720	0	4
2023.04.13	16:00:00	2039.03	2044.13	2036.67	2040.79	20252	0	4
2023.04.13	20:00:00	2040.54	2041.12	2038.75	2039.78	2431	0	4
2023.04.14	00:00:00	2039.72	2047.48	2038.68	2045.11	15928	0	4
2023.04.14	04:00:00	2045.11	2046.54	2036.67	2039.28	16458	0	4
2023.04.14	08:00:00	2039.27	2042.27	2031.85	2033.33	19262	0	4
2023.04.14	12:00:00	2033.33	2040.36	1993.89	1995.70	44992	0	4
2023.04.14	16:00:00	1995.76	2008.05	1992.42	2005.40	21280	0	4
2023.04.14	20:00:00	2005.43	2005.72	2003.88	2004.17	1263	0	4
2023.04.16	20:00:00	2001.19	2005.03	2001.19	2002.97	1469	0	4
2023.04.17	00:00:00	2003.01	2006.29	1995.47	2004.56	16358	0	4
2023.04.17	04:00:00	2004.56	2015.07	2003.81	2010.87	17783	0	4
2023.04.17	08:00:00	2010.86	2012.79	2004.96	2009.10	17317	0	4
2023.04.17	12:00:00	2009.25	2010.66	1981.20	1990.01	36227	0	4
2023.04.17	16:00:00	1990.02	1997.18	1987.34	1996.33	15968	0	4
2023.04.17	20:00:00	1996.44	1996.48	1993.88	1994.01	2217	0	4
2023.04.18	00:00:00	1994.03	2001.84	1993.39	2000.27	14122	0	4
2023.04.18	04:00:00	2000.37	2004.19	1996.49	2002.33	13249	0	4
2023.04.18	08:00:00	2002.36	2005.18	1999.14	2003.94	16906	0	4
2023.04.18	12:00:00	2003.97	2011.88	1991.30	2008.48	34298	0	4
2023.04.18	16:00:00	2008.50	2008.56	2003.43	2004.18	16690	0	4
2023.04.18	20:00:00	2004.20	2006.32	2004.19	2005.81	2316	0	4
2023.04.19	00:00:00	2005.82	2008.22	2002.04	2003.46	15786	0	4
2023.04.19	04:00:00	2003.53	2004.51	1987.05	1991.39	21011	0	4
2023.04.19	08:00:00	1991.47	1991.47	1969.27	1970.64	26586	0	4
2023.04.19	12:00:00	1970.63	1995.91	1969.74	1990.87	35276	0	4
2023.04.19	16:00:00	1990.86	1996.87	1990.39	1994.53	19227	0	4
2023.04.19	20:00:00	1994.42	1995.40	1993.21	1993.77	2836	0	4
2023.04.20	00:00:00	1993.84	1998.78	1990.54	1992.80	15968	0	4
2023.04.20	04:00:00	1992.80	2001.25	1991.44	1997.24	18078	0	4
2023.04.20	08:00:00	1997.24	2004.92	1992.38	2001.12	19853	0	4
2023.04.20	12:00:00	2001.13	2012.38	1997.48	2002.62	35169	0	4
2023.04.20	16:00:00	2002.71	2008.40	2002.27	2003.22	17557	0	4
2023.04.20	20:00:00	2003.25	2005.82	2001.93	2005.32	3421	0	4
2023.04.21	00:00:00	2005.32	2005.57	2000.58	2002.20	12156	0	4
2023.04.21	04:00:00	2002.20	2002.38	1981.98	1986.79	18591	0	4
2023.04.21	08:00:00	1986.79	1992.51	1984.13	1988.00	20471	0	4
2023.04.21	12:00:00	1987.95	1997.97	1971.67	1975.90	35629	0	4
2023.04.21	16:00:00	1975.98	1983.05	1974.07	1982.75	14657	0	4
2023.04.21	20:00:00	1982.75	1983.64	1981.73	1983.07	1265	0	4
2023.04.23	20:00:00	1984.05	1985.42	1983.93	1984.71	1278	0	4
2023.04.24	00:00:00	1984.65	1984.65	1978.55	1980.83	16998	0	4
2023.04.24	04:00:00	1980.85	1983.20	1976.51	1982.77	18966	0	4
2023.04.24	08:00:00	1982.77	1987.00	1980.91	1983.14	17695	0	4
2023.04.24	12:00:00	1983.14	1987.24	1974.14	1984.81	30655	0	4
2023.04.24	16:00:00	1984.85	1990.87	1984.70	1988.78	15430	0	4
2023.04.24	20:00:00	1988.72	1996.66	1988.32	1995.07	2430	0	4
2023.04.25	00:00:00	1995.12	2000.99	1992.92	1992.92	16711	0	4
2023.04.25	04:00:00	1992.91	1997.33	1987.61	1990.29	19400	0	4
2023.04.25	08:00:00	1990.31	1991.04	1976.78	1977.67	22504	0	4
2023.04.25	12:00:00	1977.66	1994.60	1976.17	1989.98	36109	0	4
2023.04.25	16:00:00	1990.03	2003.88	1988.32	1999.23	24204	0	4
2023.04.25	20:00:00	1999.24	2001.73	1995.87	2000.25	3464	0	4
2023.04.26	00:00:00	2000.24	2002.47	1993.23	1994.12	19387	0	4
2023.04.26	04:00:00	1994.18	1999.39	1994.18	1997.96	17784	0	4
2023.04.26	08:00:00	1997.97	2001.76	1991.51	1995.87	22219	0	4
2023.04.26	12:00:00	1995.86	2009.38	1991.52	1991.53	38450	0	4
2023.04.26	16:00:00	1991.52	1992.48	1983.43	1988.13	26767	0	4
2023.04.26	20:00:00	1988.08	1991.97	1987.26	1991.71	2878	0	4
2023.04.27	00:00:00	1991.66	2000.93	1989.60	1999.84	17019	0	4
2023.04.27	04:00:00	1999.86	2003.25	1997.36	1999.44	18786	0	4
2023.04.27	08:00:00	1999.45	2001.21	1995.97	1996.92	18254	0	4
2023.04.27	12:00:00	1996.92	2003.29	1974.13	1982.28	40151	0	4
2023.04.27	16:00:00	1982.30	1991.10	1981.20	1988.15	19123	0	4
2023.04.27	20:00:00	1988.15	1988.68	1986.41	1986.96	3147	0	4
2023.04.28	00:00:00	1987.04	1991.53	1984.98	1988.94	16054	0	4
2023.04.28	04:00:00	1988.93	1990.37	1981.63	1982.44	24914	0	4
2023.04.28	08:00:00	1982.45	1984.84	1979.84	1983.31	19525	0	4
2023.04.28	12:00:00	1983.32	1995.01	1976.28	1991.93	39180	0	4
2023.04.28	16:00:00	1991.79	1994.13	1987.55	1989.24	19859	0	4
2023.04.28	20:00:00	1989.22	1989.91	1988.01	1989.61	1588	0	4
2023.04.30	20:00:00	1989.35	1989.38	1986.67	1986.93	1429	0	4
2023.05.01	00:00:00	1987.12	1987.45	1980.64	1983.35	12010	0	4
2023.05.01	04:00:00	1983.37	1986.42	1979.00	1980.99	12560	0	4
2023.05.01	08:00:00	1980.92	1989.99	1977.13	1989.06	14363	0	4
2023.05.01	12:00:00	1989.09	2006.03	1980.59	1983.03	39240	0	4
2023.05.01	16:00:00	1983.01	1984.12	1979.48	1979.84	19116	0	4
2023.05.01	20:00:00	1979.85	1982.98	1979.84	1981.48	2913	0	4
2023.05.02	00:00:00	1981.48	1985.29	1981.33	1982.14	12511	0	4
2023.05.02	04:00:00	1982.05	1985.81	1980.46	1981.42	15221	0	4
2023.05.02	08:00:00	1981.45	1990.21	1978.52	1986.43	20114	0	4
2023.05.02	12:00:00	1986.41	2015.57	1984.52	2014.46	38833	0	4
2023.05.02	16:00:00	2014.49	2019.43	2011.25	2018.26	25417	0	4
2023.05.02	20:00:00	2018.27	2018.30	2015.66	2015.99	2368	0	4
2023.05.03	00:00:00	2015.98	2018.82	2014.28	2018.57	9326	0	4
2023.05.03	04:00:00	2018.55	2019.59	2012.71	2014.89	13049	0	4
2023.05.03	08:00:00	2014.95	2017.55	2014.38	2015.96	16330	0	4
2023.05.03	12:00:00	2015.97	2026.90	2007.39	2023.60	34989	0	4
2023.05.03	16:00:00	2023.60	2036.07	2017.16	2035.10	35695	0	4
2023.05.03	20:00:00	2035.15	2056.74	2029.12	2052.00	6436	0	4
2023.05.04	00:00:00	2051.99	2057.11	2038.50	2041.06	16619	0	4
2023.05.04	04:00:00	2041.04	2045.50	2030.41	2034.62	18098	0	4
2023.05.04	08:00:00	2034.59	2044.91	2031.23	2042.06	20862	0	4
2023.05.04	12:00:00	2042.01	2059.63	2032.10	2051.01	47132	0	4
2023.05.04	16:00:00	2051.04	2054.14	2044.54	2049.64	29930	0	4
2023.05.04	20:00:00	2049.61	2050.98	2048.65	2050.01	3124	0	4
2023.05.05	00:00:00	2050.02	2053.04	2045.54	2049.83	11732	0	4
2023.05.05	04:00:00	2049.90	2051.17	2039.40	2040.60	14968	0	4
2023.05.05	08:00:00	2040.59	2041.73	2034.82	2035.53	18281	0	4
2023.05.05	12:00:00	2035.52	2038.35	1999.55	2015.21	44681	0	4
2023.05.05	16:00:00	2015.23	2018.86	2013.07	2017.75	21154	0	4
2023.05.05	20:00:00	2017.84	2018.97	2015.83	2016.80	1327	0	4
2023.05.07	20:00:00	2014.63	2017.39	2014.63	2016.12	1636	0	4
2023.05.08	00:00:00	2016.10	2024.00	2015.17	2023.24	13277	0	4
2023.05.08	04:00:00	2023.25	2024.81	2020.14	2021.53	11897	0	4
2023.05.08	08:00:00	2021.47	2025.47	2019.98	2022.28	14062	0	4
2023.05.08	12:00:00	2022.30	2029.32	2017.92	2027.18	32607	0	4
2023.05.08	16:00:00	2027.19	2029.39	2020.28	2020.38	17406	0	4
2023.05.08	20:00:00	2020.45	2022.24	2020.23	2021.32	2524	0	4
2023.05.09	00:00:00	2021.28	2025.00	2019.50	2024.94	12055	0	4
2023.05.09	04:00:00	2024.96	2028.77	2021.70	2024.72	16223	0	4
2023.05.09	08:00:00	2024.72	2032.87	2021.48	2031.09	18808	0	4
2023.05.09	12:00:00	2031.12	2032.18	2022.96	2026.94	34008	0	4
2023.05.09	16:00:00	2026.94	2037.64	2026.86	2034.33	22962	0	4
2023.05.09	20:00:00	2034.38	2037.22	2034.18	2036.39	2389	0	4
2023.05.10	00:00:00	2036.38	2038.21	2030.54	2031.74	12253	0	4
2023.05.10	04:00:00	2031.73	2032.99	2027.51	2031.72	13974	0	4
2023.05.10	08:00:00	2031.72	2032.12	2026.29	2029.35	17185	0	4
2023.05.10	12:00:00	2029.36	2048.21	2021.56	2025.04	47918	0	4
2023.05.10	16:00:00	2025.04	2034.20	2024.62	2031.00	25843	0	4
2023.05.10	20:00:00	2031.02	2032.13	2029.18	2031.54	2080	0	4
2023.05.11	00:00:00	2031.54	2036.49	2031.21	2032.42	14654	0	4
2023.05.11	04:00:00	2032.42	2033.18	2021.84	2025.69	18547	0	4
2023.05.11	08:00:00	2025.58	2039.18	2021.70	2036.81	24366	0	4
2023.05.11	12:00:00	2036.93	2041.26	2011.20	2013.61	47118	0	4
2023.05.11	16:00:00	2013.62	2018.40	2012.93	2014.28	24885	0	4
2023.05.11	20:00:00	2014.27	2016.67	2013.83	2016.40	2897	0	4
2023.05.12	00:00:00	2016.41	2017.62	2008.75	2011.68	17416	0	4
2023.05.12	04:00:00	2011.67	2012.64	2005.73	2008.80	17615	0	4
2023.05.12	08:00:00	2008.82	2009.77	2000.95	2004.80	19820	0	4
2023.05.12	12:00:00	2004.79	2022.59	2003.57	2009.52	40235	0	4
2023.05.12	16:00:00	2009.46	2016.46	2008.42	2010.98	21067	0	4
2023.05.12	20:00:00	2010.97	2011.56	2010.46	2010.83	1005	0	4
2023.05.14	20:00:00	2010.98	2011.04	2009.38	2009.64	1196	0	4
2023.05.15	00:00:00	2009.58	2018.87	2008.75	2014.03	14838	0	4
2023.05.15	04:00:00	2014.01	2020.09	2013.33	2018.48	15518	0	4
2023.05.15	08:00:00	2018.43	2020.93	2012.00	2013.11	15534	0	4
2023.05.15	12:00:00	2013.12	2022.20	2011.57	2017.75	29338	0	4
2023.05.15	16:00:00	2017.75	2021.43	2014.46	2015.10	13350	0	4
2023.05.15	20:00:00	2015.06	2016.39	2013.82	2014.49	1957	0	4
2023.05.16	00:00:00	2014.50	2018.38	2014.22	2017.00	11784	0	4
2023.05.16	04:00:00	2016.99	2017.75	2002.72	2010.10	18646	0	4
2023.05.16	08:00:00	2010.09	2010.33	2005.17	2005.53	15327	0	4
2023.05.16	12:00:00	2005.53	2014.94	1994.73	1996.03	39327	0	4
2023.05.16	16:00:00	1995.99	1997.11	1985.51	1989.98	22132	0	4
2023.05.16	20:00:00	1990.06	1991.21	1988.60	1989.71	2945	0	4
2023.05.17	00:00:00	1989.77	1993.10	1989.77	1991.38	12998	0	4
2023.05.17	04:00:00	1991.37	1992.15	1986.75	1987.75	14690	0	4
2023.05.17	08:00:00	1987.73	1989.17	1983.76	1987.46	17281	0	4
2023.05.17	12:00:00	1987.46	1988.05	1975.10	1980.47	37326	0	4
2023.05.17	16:00:00	1980.40	1984.58	1980.12	1983.06	21067	0	4
2023.05.17	20:00:00	1983.07	1983.58	1981.47	1982.79	1720	0	4
2023.05.18	00:00:00	1982.81	1986.02	1981.44	1982.31	12056	0	4
2023.05.18	04:00:00	1982.30	1982.79	1973.65	1974.62	16077	0	4
2023.05.18	08:00:00	1974.65	1978.90	1972.23	1974.20	17165	0	4
2023.05.18	12:00:00	1974.20	1975.47	1952.00	1956.09	40125	0	4
2023.05.18	16:00:00	1956.09	1958.98	1953.98	1957.37	21912	0	4
2023.05.18	20:00:00	1957.36	1959.28	1956.96	1958.45	1642	0	4
2023.05.19	00:00:00	1958.49	1963.72	1954.08	1963.34	14800	0	4
2023.05.19	04:00:00	1963.34	1968.78	1960.69	1966.97	16251	0	4
2023.05.19	08:00:00	1966.97	1968.29	1962.34	1963.78	18306	0	4
2023.05.19	12:00:00	1963.74	1984.24	1957.22	1974.79	39977	0	4
2023.05.19	16:00:00	1974.89	1983.29	1973.23	1976.19	21717	0	4
2023.05.19	20:00:00	1976.20	1977.84	1975.57	1977.76	1204	0	4
2023.05.21	20:00:00	1980.20	1981.53	1979.37	1980.91	1353	0	4
2023.05.22	00:00:00	1980.91	1982.38	1976.36	1977.90	15900	0	4
2023.05.22	04:00:00	1977.93	1978.83	1971.32	1976.88	14856	0	4
2023.05.22	08:00:00	1976.88	1982.62	1969.93	1972.98	17248	0	4
2023.05.22	12:00:00	1973.00	1978.71	1968.96	1972.51	33836	0	4
2023.05.22	16:00:00	1972.55	1978.94	1971.73	1972.19	17646	0	4
2023.05.22	20:00:00	1972.18	1972.62	1969.63	1969.83	2341	0	4
2023.05.23	00:00:00	1969.86	1971.85	1960.28	1962.82	15211	0	4
2023.05.23	04:00:00	1962.81	1964.66	1955.50	1957.30	17050	0	4
2023.05.23	08:00:00	1957.29	1961.36	1954.28	1958.98	18207	0	4
2023.05.23	12:00:00	1958.94	1973.56	1957.80	1967.42	36077	0	4
2023.05.23	16:00:00	1967.40	1977.74	1966.33	1974.84	21436	0	4
2023.05.23	20:00:00	1974.83	1977.34	1974.32	1975.09	2121	0	4
2023.05.24	00:00:00	1975.12	1977.04	1972.83	1976.57	14190	0	4
2023.05.24	04:00:00	1976.57	1980.59	1970.74	1974.05	17091	0	4
2023.05.24	08:00:00	1974.07	1982.04	1973.61	1981.95	18181	0	4
2023.05.24	12:00:00	1981.95	1985.24	1960.55	1963.09	37884	0	4
2023.05.24	16:00:00	1963.10	1965.28	1956.77	1959.04	24241	0	4
2023.05.24	20:00:00	1959.02	1961.11	1957.09	1959.86	3143	0	4
2023.05.25	00:00:00	1959.86	1960.19	1955.11	1957.27	16085	0	4
2023.05.25	04:00:00	1957.28	1961.43	1954.98	1959.52	15834	0	4
2023.05.25	08:00:00	1959.53	1964.78	1959.29	1962.01	16972	0	4
2023.05.25	12:00:00	1962.04	1963.13	1939.31	1945.47	39071	0	4
2023.05.25	16:00:00	1945.50	1947.00	1938.88	1940.22	15467	0	4
2023.05.25	20:00:00	1940.21	1942.27	1939.46	1940.60	2460	0	4
2023.05.26	00:00:00	1940.57	1948.87	1936.81	1948.54	16197	0	4
2023.05.26	04:00:00	1948.52	1957.30	1947.03	1956.29	17860	0	4
2023.05.26	08:00:00	1956.20	1956.81	1951.07	1951.52	14131	0	4
2023.05.26	12:00:00	1951.52	1953.95	1938.82	1943.53	38782	0	4
2023.05.26	16:00:00	1943.51	1947.66	1942.87	1947.49	17487	0	4
2023.05.26	20:00:00	1947.49	1947.57	1946.22	1946.36	976	0	4
2023.05.28	20:00:00	1944.08	1944.79	1943.36	1943.76	1221	0	4
2023.05.29	00:00:00	1943.73	1946.27	1940.33	1945.64	11717	0	4
2023.05.29	04:00:00	1945.65	1948.98	1943.84	1944.29	10643	0	4
2023.05.29	08:00:00	1944.29	1946.67	1940.90	1946.37	10602	0	4
2023.05.29	12:00:00	1946.45	1949.75	1944.88	1945.99	13149	0	4
2023.05.29	16:00:00	1946.01	1946.01	1941.68	1943.27	2719	0	4
2023.05.29	20:00:00	1942.99	1943.12	1941.39	1941.61	1231	0	4
2023.05.30	00:00:00	1941.61	1946.69	1939.38	1939.50	17026	0	4
2023.05.30	04:00:00	1939.48	1942.38	1932.11	1942.38	21964	0	4
2023.05.30	08:00:00	1942.36	1960.84	1941.75	1960.29	23441	0	4
2023.05.30	12:00:00	1960.26	1962.32	1950.87	1962.13	33257	0	4
2023.05.30	16:00:00	1962.12	1963.58	1957.80	1960.24	14862	0	4
2023.05.30	20:00:00	1960.20	1960.20	1958.48	1958.62	1707	0	4
2023.05.31	00:00:00	1958.63	1960.55	1953.71	1958.14	13750	0	4
2023.05.31	04:00:00	1958.13	1965.43	1955.80	1956.16	17774	0	4
2023.05.31	08:00:00	1956.18	1960.82	1954.99	1960.38	18750	0	4
2023.05.31	12:00:00	1960.39	1974.78	1960.01	1968.62	34667	0	4
2023.05.31	16:00:00	1968.63	1969.31	1962.74	1963.14	20783	0	4
2023.05.31	20:00:00	1963.16	1967.06	1962.43	1966.37	2690	0	4
2023.06.01	00:00:00	1966.39	1967.54	1962.11	1964.31	14095	0	4
2023.06.01	04:00:00	1964.29	1965.87	1955.23	1955.63	15150	0	4
2023.06.01	08:00:00	1955.66	1968.47	1953.42	1967.98	16734	0	4
2023.06.01	12:00:00	1967.96	1983.16	1958.75	1982.12	38927	0	4
2023.06.01	16:00:00	1982.07	1982.73	1975.69	1978.16	15997	0	4
2023.06.01	20:00:00	1978.17	1978.44	1975.98	1977.09	1613	0	4
2023.06.02	00:00:00	1977.10	1983.48	1974.08	1982.54	14478	0	4
2023.06.02	04:00:00	1982.55	1982.94	1975.83	1976.07	14583	0	4
2023.06.02	08:00:00	1976.01	1981.18	1975.07	1978.87	12742	0	4
2023.06.02	12:00:00	1978.89	1980.27	1961.06	1962.10	39212	0	4
2023.06.02	16:00:00	1962.10	1962.25	1948.12	1948.68	20722	0	4
2023.06.02	20:00:00	1948.65	1949.04	1947.57	1948.18	1493	0	4
2023.06.04	20:00:00	1948.97	1950.02	1947.44	1949.43	1794	0	4
2023.06.05	00:00:00	1949.46	1949.55	1944.06	1947.17	16530	0	4
2023.06.05	04:00:00	1947.15	1947.43	1938.58	1939.92	16351	0	4
2023.06.05	08:00:00	1939.90	1946.01	1938.36	1942.35	15772	0	4
2023.06.05	12:00:00	1942.35	1962.02	1938.13	1958.21	35199	0	4
2023.06.05	16:00:00	1958.21	1964.06	1957.18	1961.14	19676	0	4
2023.06.05	20:00:00	1961.21	1963.19	1961.02	1961.33	2520	0	4
2023.06.06	00:00:00	1961.34	1964.64	1959.08	1959.30	15287	0	4
2023.06.06	04:00:00	1959.30	1962.81	1956.87	1957.60	20686	0	4
2023.06.06	08:00:00	1957.59	1965.01	1957.29	1962.86	19126	0	4
2023.06.06	12:00:00	1962.86	1966.36	1954.41	1963.49	33388	0	4
2023.06.06	16:00:00	1963.51	1966.38	1961.09	1962.95	18672	0	4
2023.06.06	20:00:00	1962.95	1964.32	1962.53	1963.45	1958	0	4
2023.06.07	00:00:00	1963.47	1966.88	1962.97	1963.47	11740	0	4
2023.06.07	04:00:00	1963.47	1965.09	1955.00	1956.22	12659	0	4
2023.06.07	08:00:00	1956.21	1966.42	1955.80	1961.34	14883	0	4
2023.06.07	12:00:00	1961.33	1970.23	1946.47	1947.21	33889	0	4
2023.06.07	16:00:00	1947.20	1947.76	1940.09	1940.17	19420	0	4
2023.06.07	20:00:00	1940.10	1945.43	1939.82	1944.53	2928	0	4
2023.06.08	00:00:00	1944.56	1947.13	1944.35	1946.36	11810	0	4
2023.06.08	04:00:00	1946.37	1948.35	1942.88	1947.33	14590	0	4
2023.06.08	08:00:00	1947.28	1949.17	1945.00	1946.68	14069	0	4
2023.06.08	12:00:00	1946.76	1970.51	1946.28	1966.91	36634	0	4
2023.06.08	16:00:00	1966.88	1969.28	1961.81	1965.08	16749	0	4
2023.06.08	20:00:00	1965.03	1966.26	1964.90	1965.42	1699	0	4
2023.06.09	00:00:00	1965.42	1965.73	1963.26	1963.88	9762	0	4
2023.06.09	04:00:00	1963.88	1966.16	1962.45	1963.22	11799	0	4
2023.06.09	08:00:00	1963.23	1967.04	1960.67	1966.53	13173	0	4
2023.06.09	12:00:00	1966.53	1973.11	1956.65	1962.22	33291	0	4
2023.06.09	16:00:00	1962.14	1962.89	1959.71	1960.23	15440	0	4
2023.06.09	20:00:00	1960.24	1961.20	1960.13	1960.92	945	0	4
2023.06.11	20:00:00	1959.01	1960.62	1958.05	1960.03	1567	0	4
2023.06.12	00:00:00	1959.98	1960.52	1954.32	1958.50	13692	0	4
2023.06.12	04:00:00	1958.49	1962.14	1956.64	1960.63	14980	0	4
2023.06.12	08:00:00	1960.62	1967.03	1960.30	1964.03	17794	0	4
2023.06.12	12:00:00	1964.06	1965.98	1949.26	1955.46	34060	0	4
2023.06.12	16:00:00	1955.47	1958.78	1953.16	1958.02	17213	0	4
2023.06.12	20:00:00	1958.13	1960.62	1956.82	1960.02	2462	0	4
2023.06.13	00:00:00	1960.00	1962.15	1956.00	1962.07	12809	0	4
2023.06.13	04:00:00	1962.08	1965.40	1958.33	1962.30	14890	0	0
2023.06.13	08:00:00	1962.29	1966.28	1961.56	1963.88	13562	0	0
2023.06.13	12:00:00	1963.84	1971.06	1942.12	1943.20	40288	0	0
2023.06.13	16:00:00	1943.19	1947.19	1940.09	1943.67	19790	0	0
2023.06.13	20:00:00	1943.60	1944.57	1942.17	1943.93	2581	0	0
2023.06.14	00:00:00	1944.06	1949.44	1942.84	1949.30	11586	0	0
2023.06.14	04:00:00	1949.32	1951.60	1945.31	1949.68	12833	0	0
2023.06.14	08:00:00	1949.66	1952.94	1945.85	1947.03	14536	0	0
2023.06.14	12:00:00	1947.02	1960.33	1946.29	1956.00	29778	0	4
2023.06.14	16:00:00	1956.00	1957.46	1940.06	1944.97	32386	0	4
2023.06.14	20:00:00	1944.99	1946.19	1939.72	1945.30	4540	0	4
2023.06.15	00:00:00	1945.24	1945.33	1932.45	1934.90	16764	0	4
2023.06.15	04:00:00	1934.91	1939.84	1928.95	1933.63	18334	0	4
2023.06.15	08:00:00	1933.39	1936.81	1927.98	1928.56	16478	0	4
2023.06.15	12:00:00	1928.52	1959.76	1925.04	1956.58	30993	0	4
2023.06.15	16:00:00	1956.60	1960.29	1956.60	1958.74	16125	0	4
2023.06.15	20:00:00	1958.76	1959.29	1957.68	1958.31	2276	0	4
2023.06.16	00:00:00	1958.27	1962.06	1955.24	1956.67	11987	0	4
2023.06.16	04:00:00	1956.72	1963.38	1954.74	1961.65	14171	0	4
2023.06.16	08:00:00	1961.53	1966.57	1960.01	1965.64	16548	0	4
2023.06.16	12:00:00	1965.70	1967.93	1953.29	1956.31	30653	0	4
2023.06.16	16:00:00	1956.28	1959.80	1953.98	1955.43	15253	0	4
2023.06.16	20:00:00	1955.57	1958.23	1955.57	1957.62	1005	0	4
2023.06.18	20:00:00	1958.14	1958.38	1956.34	1957.17	926	0	4
2023.06.19	00:00:00	1957.18	1958.72	1954.03	1955.78	9813	0	4
2023.06.19	04:00:00	1955.79	1957.55	1952.78	1955.17	10945	0	4
2023.06.19	08:00:00	1955.13	1958.74	1948.36	1948.55	11627	0	4
2023.06.19	12:00:00	1948.56	1953.49	1947.85	1950.72	14314	0	4
2023.06.19	16:00:00	1950.73	1951.90	1949.80	1950.02	2029	0	4
2023.06.19	20:00:00	1952.25	1952.55	1951.04	1952.52	637	0	4
2023.06.20	00:00:00	1952.59	1953.03	1945.18	1950.32	12012	0	4
2023.06.20	04:00:00	1950.35	1956.83	1946.97	1954.97	14194	0	4
2023.06.20	08:00:00	1954.87	1955.62	1950.02	1951.41	14836	0	4
2023.06.20	12:00:00	1951.40	1954.57	1929.82	1935.22	29229	0	4
2023.06.20	16:00:00	1935.25	1938.63	1934.24	1936.13	15599	0	4
2023.06.20	20:00:00	1936.16	1938.91	1935.51	1937.35	2512	0	4
2023.06.21	00:00:00	1937.38	1939.56	1935.51	1937.08	10869	0	4
2023.06.21	04:00:00	1937.08	1937.43	1931.32	1935.07	13790	0	4
2023.06.21	08:00:00	1935.08	1935.95	1932.16	1934.62	14509	0	4
2023.06.21	12:00:00	1934.60	1935.37	1919.28	1932.29	29814	0	4
2023.06.21	16:00:00	1932.28	1937.63	1930.44	1933.57	15761	0	4
2023.06.21	20:00:00	1933.59	1935.03	1931.98	1933.90	2464	0	4
2023.06.22	00:00:00	1933.94	1934.31	1931.56	1932.70	6581	0	4
2023.06.22	04:00:00	1932.64	1933.17	1927.12	1930.02	13038	0	4
2023.06.22	08:00:00	1929.94	1931.49	1924.94	1927.39	15122	0	4
2023.06.22	12:00:00	1927.36	1930.98	1912.84	1913.49	26841	0	4
2023.06.22	16:00:00	1913.50	1917.82	1913.12	1913.96	13960	0	4
2023.06.22	20:00:00	1914.09	1915.06	1912.48	1914.52	2585	0	4
2023.06.23	00:00:00	1914.53	1916.10	1910.18	1912.47	9271	0	4
2023.06.23	04:00:00	1912.48	1919.00	1912.16	1918.14	15113	0	4
2023.06.23	08:00:00	1917.99	1920.68	1916.64	1919.19	14790	0	4
2023.06.23	12:00:00	1919.19	1937.33	1918.90	1921.12	27493	0	4
2023.06.23	16:00:00	1921.13	1922.43	1917.98	1919.15	13519	0	4
2023.06.23	20:00:00	1919.15	1921.70	1919.11	1920.86	913	0	4
2023.06.25	20:00:00	1924.78	1925.48	1923.93	1925.36	1270	0	4
2023.06.26	00:00:00	1925.37	1928.60	1924.19	1925.54	12559	0	4
2023.06.26	04:00:00	1925.54	1929.19	1922.24	1928.99	12354	0	4
2023.06.26	08:00:00	1928.99	1933.37	1928.98	1931.42	14036	0	4
2023.06.26	12:00:00	1931.42	1933.10	1921.57	1925.75	22965	0	4
2023.06.26	16:00:00	1925.75	1926.56	1922.39	1922.93	13136	0	4
2023.06.26	20:00:00	1922.94	1924.70	1921.08	1922.58	2317	0	4
2023.06.27	00:00:00	1922.54	1930.47	1921.78	1928.48	11429	0	4
2023.06.27	04:00:00	1928.51	1929.74	1924.29	1928.22	11763	0	4
2023.06.27	08:00:00	1928.14	1928.68	1919.74	1923.16	13010	0	4
2023.06.27	12:00:00	1923.15	1930.69	1911.58	1913.56	26405	0	4
2023.06.27	16:00:00	1913.55	1916.60	1911.07	1913.82	15402	0	4
2023.06.27	20:00:00	1913.89	1915.90	1912.99	1915.52	2148	0	4
2023.06.28	00:00:00	1915.53	1917.25	1913.45	1915.20	10669	0	4
2023.06.28	04:00:00	1915.22	1916.80	1909.25	1910.99	11759	0	4
2023.06.28	08:00:00	1910.89	1911.96	1905.77	1907.19	14809	0	4
2023.06.28	12:00:00	1907.18	1913.30	1902.89	1910.91	25383	0	4
2023.06.28	16:00:00	1910.86	1913.43	1909.30	1909.37	12737	0	4
2023.06.28	20:00:00	1909.33	1910.75	1906.82	1909.75	2556	0	4
2023.06.29	00:00:00	1909.76	1912.84	1902.84	1905.51	11910	0	4
2023.06.29	04:00:00	1905.51	1907.52	1902.58	1905.76	12814	0	4
2023.06.29	08:00:00	1905.91	1911.02	1903.96	1910.06	13320	0	4
2023.06.29	12:00:00	1910.06	1913.13	1893.01	1909.01	29302	0	4
2023.06.29	16:00:00	1909.00	1910.82	1906.28	1907.76	14112	0	4
2023.06.29	20:00:00	1907.65	1908.95	1907.14	1908.80	1890	0	4
2023.06.30	00:00:00	1908.81	1909.75	1907.15	1908.33	10291	0	4
2023.06.30	04:00:00	1908.37	1909.97	1903.78	1905.33	12595	0	4
2023.06.30	08:00:00	1905.38	1906.67	1900.59	1905.35	13581	0	4
2023.06.30	12:00:00	1905.38	1919.51	1904.67	1919.11	27710	0	4
2023.06.30	16:00:00	1919.10	1922.77	1917.50	1920.12	14900	0	4
2023.06.30	20:00:00	1920.11	1920.12	1918.22	1919.51	1404	0	4
2023.07.02	20:00:00	1919.34	1919.41	1917.49	1918.30	1092	0	4
2023.07.03	00:00:00	1918.27	1919.10	1914.71	1918.36	10321	0	4
2023.07.03	04:00:00	1918.39	1920.62	1912.13	1912.22	13398	0	4
2023.07.03	08:00:00	1912.22	1914.43	1910.13	1912.63	12194	0	4
2023.07.03	12:00:00	1912.64	1931.06	1911.67	1926.65	23637	0	4
2023.07.03	16:00:00	1926.60	1926.71	1920.67	1921.42	7908	0	4
2023.07.03	20:00:00	1921.40	1921.72	1920.01	1921.30	1218	0	4
2023.07.04	00:00:00	1921.31	1923.55	1920.09	1923.04	8906	0	4
2023.07.04	04:00:00	1923.05	1928.47	1922.84	1928.08	10941	0	4
2023.07.04	08:00:00	1928.09	1930.75	1925.79	1928.56	10264	0	4
2023.07.04	12:00:00	1928.59	1930.34	1926.20	1927.16	10547	0	4
2023.07.04	16:00:00	1927.16	1927.30	1924.05	1925.69	3584	0	4
2023.07.04	20:00:00	1926.17	1926.40	1924.94	1926.37	1057	0	4
2023.07.05	00:00:00	1926.40	1927.15	1923.24	1924.43	9365	0	4
2023.07.05	04:00:00	1924.44	1927.77	1920.90	1927.46	12377	0	4
2023.07.05	08:00:00	1927.46	1929.62	1925.23	1927.58	12681	0	4
2023.07.05	12:00:00	1927.57	1935.08	1919.11	1923.26	25423	0	4
2023.07.05	16:00:00	1923.26	1924.83	1915.21	1915.87	16867	0	4
2023.07.05	20:00:00	1915.75	1917.27	1914.86	1916.88	2327	0	4
2023.07.06	00:00:00	1916.92	1919.74	1916.17	1918.21	10587	0	4
2023.07.06	04:00:00	1918.14	1921.53	1916.98	1918.98	12081	0	4
2023.07.06	08:00:00	1918.98	1927.50	1916.29	1926.67	13350	0	4
2023.07.06	12:00:00	1926.65	1927.68	1902.70	1911.52	31626	0	4
2023.07.06	16:00:00	1911.54	1912.42	1908.96	1910.10	11735	0	4
2023.07.06	20:00:00	1910.30	1912.31	1910.01	1911.65	2068	0	4
2023.07.07	00:00:00	1911.65	1912.48	1909.68	1911.22	9080	0	4
2023.07.07	04:00:00	1911.24	1916.51	1910.34	1914.63	11555	0	4
2023.07.07	08:00:00	1914.66	1918.37	1913.38	1917.56	12762	0	4
2023.07.07	12:00:00	1917.71	1934.81	1914.31	1927.66	30139	0	4
2023.07.07	16:00:00	1927.63	1929.39	1924.74	1924.75	12957	0	4
2023.07.07	20:00:00	1924.74	1925.66	1924.33	1925.46	1118	0	4
2023.07.09	20:00:00	1926.12	1926.12	1923.95	1924.93	1282	0	4
2023.07.10	00:00:00	1924.95	1926.96	1922.57	1923.93	12276	0	4
2023.07.10	04:00:00	1923.92	1925.72	1919.42	1924.89	12181	0	4
2023.07.10	08:00:00	1924.95	1926.29	1922.71	1924.72	11499	0	4
2023.07.10	12:00:00	1924.73	1925.01	1912.68	1923.56	25184	0	4
2023.07.10	16:00:00	1923.59	1926.84	1922.73	1925.93	12966	0	4
2023.07.10	20:00:00	1925.81	1926.00	1924.43	1924.93	1929	0	4
2023.07.11	00:00:00	1924.94	1929.03	1924.49	1926.74	12250	0	4
2023.07.11	04:00:00	1926.72	1938.35	1926.44	1932.33	15706	0	4
2023.07.11	08:00:00	1932.38	1938.51	1932.02	1936.37	13479	0	4
2023.07.11	12:00:00	1936.36	1936.56	1929.47	1931.11	22464	0	4
2023.07.11	16:00:00	1931.08	1932.87	1929.39	1932.51	11230	0	4
2023.07.11	20:00:00	1932.39	1933.59	1931.65	1933.37	2109	0	4
2023.07.12	00:00:00	1933.37	1941.01	1933.28	1938.57	13459	0	4
2023.07.12	04:00:00	1938.59	1940.28	1933.92	1934.77	11767	0	4
2023.07.12	08:00:00	1934.77	1936.56	1933.58	1934.71	10769	0	4
2023.07.12	12:00:00	1934.69	1958.34	1933.64	1955.68	29872	0	4
2023.07.12	16:00:00	1955.65	1959.68	1955.44	1958.78	15477	0	4
2023.07.12	20:00:00	1958.78	1958.79	1957.41	1957.83	2176	0	4
2023.07.13	00:00:00	1957.89	1961.76	1956.39	1960.35	13317	0	4
2023.07.13	04:00:00	1960.37	1963.37	1955.35	1961.86	15620	0	4
2023.07.13	08:00:00	1961.85	1962.82	1958.02	1959.95	11765	0	4
2023.07.13	12:00:00	1960.06	1963.54	1952.46	1955.03	27411	0	4
2023.07.13	16:00:00	1955.21	1960.86	1954.82	1960.02	14431	0	4
2023.07.13	20:00:00	1960.18	1961.89	1959.89	1960.16	2895	0	4
2023.07.14	00:00:00	1960.33	1963.79	1958.41	1962.60	12994	0	4
2023.07.14	04:00:00	1962.56	1962.56	1954.37	1956.88	13519	0	4
2023.07.14	08:00:00	1956.87	1960.11	1955.23	1959.27	11759	0	4
2023.07.14	12:00:00	1959.28	1962.75	1951.04	1958.18	27295	0	4
2023.07.14	16:00:00	1958.18	1961.06	1954.43	1954.45	14112	0	4
2023.07.14	20:00:00	1954.43	1955.79	1954.36	1955.41	1529	0	4
2023.07.16	20:00:00	1953.18	1953.48	1951.48	1953.41	1485	0	4
2023.07.17	00:00:00	1953.41	1956.00	1951.03	1952.17	10127	0	4
2023.07.17	04:00:00	1952.14	1956.88	1950.69	1952.37	11501	0	4
2023.07.17	08:00:00	1952.34	1959.87	1952.04	1957.68	13343	0	4
2023.07.17	12:00:00	1957.64	1959.49	1945.81	1954.65	23645	0	4
2023.07.17	16:00:00	1954.71	1956.43	1952.50	1955.41	10819	0	4
2023.07.17	20:00:00	1955.40	1956.33	1954.47	1955.50	1846	0	4
2023.07.18	00:00:00	1955.53	1960.71	1954.74	1959.82	12589	0	4
2023.07.18	04:00:00	1960.01	1964.15	1957.83	1961.53	13030	0	4
2023.07.18	08:00:00	1961.55	1972.16	1960.57	1963.10	14711	0	4
2023.07.18	12:00:00	1963.29	1984.40	1960.82	1978.16	30174	0	4
2023.07.18	16:00:00	1978.20	1981.50	1975.07	1977.75	13710	0	4
2023.07.18	20:00:00	1977.74	1979.20	1976.83	1977.55	2649	0	4
2023.07.19	00:00:00	1977.58	1978.55	1974.48	1975.54	11673	0	4
2023.07.19	04:00:00	1975.56	1981.01	1973.07	1977.96	14813	0	4
2023.07.19	08:00:00	1977.90	1979.16	1971.67	1973.77	12845	0	4
2023.07.19	12:00:00	1973.80	1979.87	1969.81	1973.91	24816	0	4
2023.07.19	16:00:00	1973.92	1978.94	1972.12	1978.48	13232	0	4
2023.07.19	20:00:00	1978.47	1978.59	1976.70	1977.83	2083	0	4
2023.07.20	00:00:00	1977.80	1987.52	1977.38	1985.21	13852	0	4
2023.07.20	04:00:00	1985.22	1985.52	1977.91	1979.28	13948	0	4
2023.07.20	08:00:00	1979.25	1983.91	1978.26	1981.48	12149	0	4
2023.07.20	12:00:00	1981.47	1981.68	1965.85	1968.70	26645	0	4
2023.07.20	16:00:00	1968.71	1971.56	1965.40	1968.84	13044	0	4
2023.07.20	20:00:00	1968.86	1972.91	1968.57	1972.25	2080	0	4
2023.07.21	00:00:00	1972.27	1973.84	1969.95	1970.25	11127	0	4
2023.07.21	04:00:00	1970.26	1972.28	1964.19	1964.35	11982	0	4
2023.07.21	08:00:00	1964.33	1966.83	1961.13	1965.80	15591	0	4
2023.07.21	12:00:00	1965.79	1968.12	1956.88	1960.34	24086	0	4
2023.07.21	16:00:00	1960.20	1964.87	1960.20	1962.39	10562	0	4
2023.07.21	20:00:00	1962.50	1962.70	1961.56	1961.87	940	0	4
2023.07.23	20:00:00	1962.06	1962.32	1960.43	1961.23	1033	0	4
2023.07.24	00:00:00	1961.23	1962.68	1959.15	1960.20	11148	0	4
2023.07.24	04:00:00	1960.19	1965.68	1957.93	1963.30	11632	0	4
2023.07.24	08:00:00	1963.32	1967.91	1959.44	1965.01	13979	0	4
2023.07.24	12:00:00	1965.02	1967.70	1957.17	1959.72	22912	0	4
2023.07.24	16:00:00	1959.73	1961.47	1953.49	1954.40	11274	0	4
2023.07.24	20:00:00	1954.39	1955.50	1953.27	1954.47	1959	0	4
2023.07.25	00:00:00	1954.48	1963.58	1953.91	1961.68	12738	0	4
2023.07.25	04:00:00	1961.67	1964.12	1959.78	1961.26	11741	0	4
2023.07.25	08:00:00	1961.17	1963.69	1953.24	1960.78	14063	0	4
2023.07.25	12:00:00	1960.77	1965.40	1951.90	1964.32	20383	0	4
2023.07.25	16:00:00	1964.31	1965.68	1961.34	1964.48	9050	0	4
2023.07.25	20:00:00	1964.54	1965.97	1964.29	1965.37	2034	0	4
2023.07.26	00:00:00	1965.37	1966.10	1962.08	1963.96	9657	0	4
2023.07.26	04:00:00	1963.98	1971.19	1962.45	1970.69	11689	0	4
2023.07.26	08:00:00	1970.72	1974.24	1969.68	1972.20	11638	0	4
2023.07.26	12:00:00	1972.21	1975.07	1963.96	1972.42	22344	0	4
2023.07.26	16:00:00	1972.42	1978.38	1965.45	1974.88	20259	0	4
2023.07.26	20:00:00	1974.82	1974.82	1971.79	1972.09	2508	0	4
2023.07.27	00:00:00	1972.14	1982.06	1971.21	1978.00	11408	0	4
2023.07.27	04:00:00	1978.01	1982.19	1974.10	1980.00	13187	0	4
2023.07.27	08:00:00	1979.97	1981.12	1973.66	1979.10	13204	0	4
2023.07.27	12:00:00	1979.09	1979.19	1942.73	1946.94	28484	0	4
2023.07.27	16:00:00	1946.91	1949.76	1942.65	1944.26	16638	0	4
2023.07.27	20:00:00	1944.26	1948.11	1943.51	1947.51	3005	0	4
2023.07.28	00:00:00	1947.52	1954.93	1946.12	1954.28	15466	0	4
2023.07.28	04:00:00	1954.26	1956.80	1948.29	1949.67	20049	0	4
2023.07.28	08:00:00	1949.71	1958.02	1947.95	1956.65	15044	0	4
2023.07.28	12:00:00	1956.58	1963.34	1952.30	1960.97	24391	0	4
2023.07.28	16:00:00	1961.00	1963.55	1957.54	1959.10	10783	0	4
2023.07.28	20:00:00	1959.22	1959.66	1958.72	1959.27	962	0	4
2023.07.30	20:00:00	1960.14	1960.24	1957.48	1958.11	1509	0	4
2023.07.31	00:00:00	1958.05	1958.94	1953.73	1954.66	12215	0	4
2023.07.31	04:00:00	1954.67	1957.22	1953.18	1954.97	10823	0	4
2023.07.31	08:00:00	1954.91	1961.13	1951.13	1959.13	12047	0	4
2023.07.31	12:00:00	1959.16	1972.44	1957.57	1970.77	19275	0	4
2023.07.31	16:00:00	1970.71	1972.33	1964.29	1964.59	11162	0	4
2023.07.31	20:00:00	1964.66	1966.03	1963.93	1963.94	2448	0	4
2023.08.01	00:00:00	1963.97	1964.74	1959.06	1962.21	10651	0	4
2023.08.01	04:00:00	1962.18	1962.37	1954.49	1955.56	11886	0	4
2023.08.01	08:00:00	1955.51	1957.74	1953.13	1953.65	12348	0	4
2023.08.01	12:00:00	1953.67	1956.07	1941.51	1944.34	25124	0	4
2023.08.01	16:00:00	1944.22	1945.64	1941.29	1944.45	11118	0	4
2023.08.01	20:00:00	1944.62	1952.94	1944.11	1952.21	2653	0	4
2023.08.02	00:00:00	1952.19	1952.44	1946.73	1949.33	11094	0	4
2023.08.02	04:00:00	1949.36	1950.48	1945.34	1948.44	11555	0	0
2023.08.02	08:00:00	1948.61	1954.83	1948.35	1950.75	13051	0	4
2023.08.02	12:00:00	1950.83	1951.93	1932.97	1935.63	26389	0	4
2023.08.02	16:00:00	1935.53	1939.13	1935.09	1935.30	10114	0	4
2023.08.02	20:00:00	1935.26	1936.73	1934.50	1936.11	1629	0	4
2023.08.03	00:00:00	1936.13	1938.99	1934.01	1937.33	8657	0	4
2023.08.03	04:00:00	1937.33	1938.31	1930.98	1936.95	13345	0	4
2023.08.03	08:00:00	1937.00	1938.47	1932.90	1935.12	14250	0	4
2023.08.03	12:00:00	1935.04	1938.78	1929.58	1933.15	27267	0	4
2023.08.03	16:00:00	1933.13	1936.00	1932.57	1934.28	10078	0	4
2023.08.03	20:00:00	1934.28	1935.90	1933.98	1935.86	1614	0	4
2023.08.04	00:00:00	1935.85	1938.06	1934.42	1935.26	10449	0	4
2023.08.04	04:00:00	1935.28	1937.49	1932.17	1932.94	10585	0	4
2023.08.04	08:00:00	1932.93	1934.25	1931.31	1932.33	9719	0	4
2023.08.04	12:00:00	1932.35	1946.87	1925.50	1942.75	27659	0	4
2023.08.04	16:00:00	1942.76	1943.58	1939.87	1941.39	10711	0	4
2023.08.04	20:00:00	1941.25	1943.35	1941.23	1942.81	985	0	4
2023.08.06	20:00:00	1943.75	1944.00	1942.76	1943.91	1097	0	4
2023.08.07	00:00:00	1943.95	1945.37	1938.30	1939.34	8579	0	5
2023.08.07	04:00:00	1939.34	1939.50	1935.52	1936.84	9611	0	4
2023.08.07	08:00:00	1936.80	1937.62	1933.43	1936.21	10425	0	4
2023.08.07	12:00:00	1936.24	1941.71	1931.51	1932.59	18678	0	4
2023.08.07	16:00:00	1932.58	1937.68	1932.18	1936.74	9569	0	4
2023.08.07	20:00:00	1936.65	1938.12	1935.77	1936.83	2114	0	4
2023.08.08	00:00:00	1936.87	1937.38	1931.20	1933.15	10136	0	4
2023.08.08	04:00:00	1933.14	1934.93	1930.26	1930.58	10546	0	4
2023.08.08	08:00:00	1930.82	1935.64	1928.20	1928.83	12731	0	4
2023.08.08	12:00:00	1928.90	1932.05	1922.75	1925.86	22466	0	4
2023.08.08	16:00:00	1925.86	1928.50	1923.64	1924.88	10354	0	4
2023.08.08	20:00:00	1924.84	1925.75	1924.61	1925.58	1389	0	4
2023.08.09	00:00:00	1925.63	1930.88	1924.26	1930.15	8882	0	4
2023.08.09	04:00:00	1930.18	1932.36	1928.61	1930.59	8279	0	4
2023.08.09	08:00:00	1930.61	1930.74	1923.30	1924.60	9792	0	4
2023.08.09	12:00:00	1924.48	1927.56	1915.63	1916.73	21768	0	4
2023.08.09	16:00:00	1916.76	1918.21	1915.45	1915.54	10991	0	4
2023.08.09	20:00:00	1915.55	1917.00	1914.10	1916.75	1677	0	4
2023.08.10	00:00:00	1916.75	1919.23	1915.35	1918.69	7889	0	4
2023.08.10	04:00:00	1918.71	1920.62	1915.54	1919.34	8913	0	4
2023.08.10	08:00:00	1919.41	1922.72	1918.66	1921.88	9337	0	4
2023.08.10	12:00:00	1921.89	1930.09	1912.96	1920.01	27602	0	4
2023.08.10	16:00:00	1920.02	1921.73	1912.90	1913.37	14458	0	4
2023.08.10	20:00:00	1913.34	1913.72	1910.93	1912.44	2260	0	4
2023.08.11	00:00:00	1912.44	1915.91	1911.93	1914.66	7283	0	4
2023.08.11	04:00:00	1914.64	1918.11	1912.65	1917.88	8692	0	4
2023.08.11	08:00:00	1917.89	1919.83	1916.18	1919.02	9334	0	4
2023.08.11	12:00:00	1919.03	1920.92	1912.97	1914.07	23396	0	4
2023.08.11	16:00:00	1914.08	1915.54	1912.23	1913.64	9987	0	4
2023.08.11	20:00:00	1913.51	1914.05	1912.94	1913.67	856	0	4
2023.08.13	20:00:00	1913.73	1914.42	1912.45	1913.70	1012	0	4
2023.08.14	00:00:00	1913.70	1913.76	1910.16	1912.77	9543	0	4
2023.08.14	04:00:00	1912.76	1915.94	1910.61	1914.48	8889	0	4
2023.08.14	08:00:00	1914.47	1916.22	1912.26	1913.97	9111	0	4
2023.08.14	12:00:00	1913.92	1914.00	1902.71	1910.68	23253	0	4
2023.08.14	16:00:00	1910.67	1913.22	1907.26	1907.59	10588	0	4
2023.08.14	20:00:00	1907.64	1908.16	1905.13	1907.65	1885	0	0
2023.08.15	00:00:00	1907.61	1907.76	1906.36	1906.83	543	0	0
2023.08.15	04:00:00	1907.31	1907.50	1903.52	1904.97	8961	0	4
2023.08.15	08:00:00	1904.94	1905.24	1902.01	1904.25	12389	0	4
2023.08.15	12:00:00	1904.28	1911.63	1896.39	1906.85	26851	0	4
2023.08.15	16:00:00	1906.86	1907.52	1902.46	1902.72	13699	0	4
2023.08.15	20:00:00	1902.80	1903.60	1900.36	1901.50	2378	0	4
2023.08.16	00:00:00	1901.51	1905.31	1900.52	1904.10	8750	0	4
2023.08.16	04:00:00	1904.08	1906.55	1902.80	1904.59	9174	0	4
2023.08.16	08:00:00	1904.60	1907.20	1903.13	1903.13	9634	0	4
2023.08.16	12:00:00	1903.13	1906.46	1899.45	1901.96	21660	0	4
2023.08.16	16:00:00	1901.97	1902.64	1891.86	1892.26	16753	0	4
2023.08.16	20:00:00	1892.19	1894.44	1891.87	1893.38	3474	0	4
2023.08.17	00:00:00	1893.39	1893.92	1889.57	1892.74	11024	0	4
2023.08.17	04:00:00	1892.73	1897.61	1892.14	1896.45	9495	0	4
2023.08.17	08:00:00	1896.42	1899.55	1893.66	1898.84	12297	0	4
2023.08.17	12:00:00	1898.78	1903.48	1889.17	1889.53	24585	0	4
2023.08.17	16:00:00	1889.55	1891.24	1885.06	1889.10	14550	0	4
2023.08.17	20:00:00	1889.02	1891.70	1888.46	1891.32	2045	0	4
2023.08.18	00:00:00	1891.31	1895.20	1890.72	1892.73	9391	0	4
2023.08.18	04:00:00	1892.73	1894.12	1891.20	1892.60	9817	0	4
2023.08.18	08:00:00	1892.58	1895.56	1891.41	1893.80	9950	0	4
2023.08.18	12:00:00	1893.86	1896.86	1888.71	1891.30	20315	0	4
2023.08.18	16:00:00	1891.28	1891.97	1886.78	1889.30	10899	0	4
2023.08.18	20:00:00	1889.25	1890.00	1888.32	1889.34	1074	0	4
2023.08.20	20:00:00	1890.38	1890.38	1888.88	1890.05	1282	0	4
2023.08.21	00:00:00	1890.05	1893.70	1884.84	1891.67	10767	0	4
2023.08.21	04:00:00	1891.68	1894.14	1887.41	1888.14	10190	0	4
2023.08.21	08:00:00	1888.14	1893.12	1886.84	1893.06	10990	0	4
2023.08.21	12:00:00	1893.09	1898.78	1885.31	1889.18	23744	0	4
2023.08.21	16:00:00	1889.20	1895.40	1889.10	1894.36	10894	0	4
2023.08.21	20:00:00	1894.31	1896.11	1894.27	1894.77	1599	0	4
2023.08.22	00:00:00	1894.74	1897.31	1893.70	1896.14	9335	0	4
2023.08.22	04:00:00	1896.13	1901.93	1893.88	1901.49	9992	0	4
2023.08.22	08:00:00	1901.56	1904.44	1898.43	1902.19	11631	0	4
2023.08.22	12:00:00	1902.25	1903.44	1889.20	1897.88	22057	0	4
2023.08.22	16:00:00	1897.94	1898.97	1896.42	1897.63	9194	0	4
2023.08.22	20:00:00	1897.57	1898.68	1897.16	1898.59	1146	0	4
2023.08.23	00:00:00	1898.68	1903.08	1898.52	1901.64	8443	0	4
2023.08.23	04:00:00	1901.63	1904.76	1900.76	1903.66	10727	0	4
2023.08.23	08:00:00	1903.63	1905.49	1901.29	1903.34	11648	0	5
2023.08.23	12:00:00	1903.32	1918.94	1902.70	1918.36	24842	0	5
2023.08.23	16:00:00	1918.37	1920.38	1916.35	1916.86	12122	0	5
2023.08.23	20:00:00	1916.91	1918.11	1914.53	1917.94	2231	0	4
2023.08.24	00:00:00	1917.95	1921.67	1917.40	1920.97	9055	0	5
2023.08.24	04:00:00	1920.96	1922.97	1919.56	1919.58	11520	0	5
2023.08.24	08:00:00	1919.65	1922.05	1916.50	1916.68	10369	0	5
2023.08.24	12:00:00	1916.73	1923.38	1911.84	1921.11	23103	0	5
2023.08.24	16:00:00	1921.04	1921.50	1916.72	1916.81	10864	0	5
2023.08.24	20:00:00	1916.92	1917.56	1915.74	1915.95	1632	0	4
2023.08.25	00:00:00	1915.94	1917.59	1913.21	1913.48	7728	0	5
2023.08.25	04:00:00	1913.51	1916.19	1912.85	1914.26	9035	0	5
2023.08.25	08:00:00	1914.25	1918.48	1913.36	1918.39	8832	0	5
2023.08.25	12:00:00	1918.31	1922.43	1903.84	1907.83	26075	0	5
2023.08.25	16:00:00	1907.92	1914.77	1907.64	1914.38	13109	0	5
2023.08.25	20:00:00	1914.39	1914.99	1913.35	1914.58	1076	0	5
2023.08.27	20:00:00	1915.00	1916.12	1914.35	1915.10	1344	0	5
2023.08.28	00:00:00	1915.09	1917.50	1914.64	1916.36	8828	0	5
2023.08.28	04:00:00	1916.33	1917.80	1914.40	1914.61	8163	0	5
2023.08.28	08:00:00	1914.61	1915.77	1913.54	1914.80	8722	0	5
2023.08.28	12:00:00	1914.80	1926.11	1912.83	1924.79	19565	0	5
2023.08.28	16:00:00	1924.78	1925.24	1916.94	1919.75	11021	0	5
2023.08.28	20:00:00	1919.77	1921.66	1919.67	1921.29	1460	0	4
2023.08.29	00:00:00	1921.28	1925.85	1921.09	1925.45	7387	0	5
2023.08.29	04:00:00	1925.44	1925.63	1921.64	1923.28	8474	0	5
2023.08.29	08:00:00	1923.27	1924.52	1916.79	1917.26	10610	0	5
2023.08.29	12:00:00	1917.26	1937.66	1914.50	1936.72	25207	0	5
2023.08.29	16:00:00	1936.73	1938.20	1934.10	1938.05	12032	0	5
2023.08.29	20:00:00	1938.00	1938.00	1936.03	1936.27	2140	0	4
2023.08.30	00:00:00	1936.27	1937.52	1935.40	1936.84	8236	0	5
2023.08.30	04:00:00	1936.83	1937.15	1935.00	1936.54	8781	0	5
2023.08.30	08:00:00	1936.54	1939.68	1935.53	1939.16	10934	0	5
2023.08.30	12:00:00	1939.15	1949.07	1938.80	1944.99	26769	0	5
2023.08.30	16:00:00	1944.93	1945.71	1942.94	1943.47	10783	0	5
2023.08.30	20:00:00	1943.49	1944.81	1942.12	1944.29	2177	0	4
2023.08.31	00:00:00	1944.35	1947.78	1944.23	1945.20	7830	0	5
2023.08.31	04:00:00	1945.18	1946.33	1943.27	1945.11	8408	0	5
2023.08.31	08:00:00	1945.11	1945.95	1943.74	1945.70	9719	0	5
2023.08.31	12:00:00	1945.71	1947.91	1939.08	1940.68	23999	0	5
2023.08.31	16:00:00	1940.69	1942.54	1939.13	1940.04	9988	0	5
2023.08.31	20:00:00	1940.10	1940.61	1939.11	1939.94	1943	0	4
2023.09.01	00:00:00	1939.95	1944.11	1938.73	1938.98	8757	0	5
2023.09.01	04:00:00	1938.98	1943.56	1938.24	1943.14	7872	0	5
2023.09.01	08:00:00	1943.14	1945.91	1941.92	1944.52	8602	0	5
2023.09.01	12:00:00	1944.50	1952.94	1934.57	1938.84	29342	0	5
2023.09.01	16:00:00	1938.85	1941.57	1937.35	1940.57	10136	0	5
2023.09.01	20:00:00	1940.65	1940.73	1939.60	1940.22	919	0	5
2023.09.03	20:00:00	1939.60	1941.10	1939.56	1940.61	737	0	5
2023.09.04	00:00:00	1940.62	1946.13	1940.18	1944.98	8870	0	5
2023.09.04	04:00:00	1944.99	1946.36	1943.16	1943.83	8300	0	5
2023.09.04	08:00:00	1943.92	1944.50	1939.89	1941.69	8033	0	5
2023.09.04	12:00:00	1941.68	1941.76	1936.81	1938.69	10028	0	5
2023.09.04	16:00:00	1938.69	1938.91	1935.72	1937.76	1771	0	5
2023.09.04	20:00:00	1938.17	1938.66	1937.57	1937.64	472	0	4
2023.09.05	00:00:00	1937.63	1938.71	1935.02	1937.03	7675	0	5
2023.09.05	04:00:00	1937.04	1938.99	1935.22	1935.58	10597	0	5
2023.09.05	08:00:00	1935.41	1935.77	1929.95	1930.51	12341	0	5
2023.09.05	12:00:00	1930.51	1934.79	1925.39	1926.10	25300	0	5
2023.09.05	16:00:00	1926.09	1927.97	1925.49	1925.89	9780	0	5
2023.09.05	20:00:00	1926.03	1926.97	1925.42	1926.63	1924	0	4
2023.09.06	00:00:00	1926.65	1926.81	1924.26	1926.58	8400	0	5
2023.09.06	04:00:00	1926.56	1928.52	1922.92	1922.99	10358	0	5
2023.09.06	08:00:00	1922.96	1927.73	1922.59	1925.50	10287	0	5
2023.09.06	12:00:00	1925.54	1929.20	1915.32	1916.82	24280	0	5
2023.09.06	16:00:00	1916.87	1920.70	1916.04	1916.73	10252	0	5
2023.09.06	20:00:00	1916.64	1917.93	1916.01	1917.15	1559	0	4
2023.09.07	00:00:00	1917.16	1920.70	1916.33	1920.17	7799	0	5
2023.09.07	04:00:00	1920.14	1920.28	1917.14	1918.37	9445	0	5
2023.09.07	08:00:00	1918.33	1922.26	1917.41	1921.88	9820	0	4
2023.09.07	12:00:00	1921.88	1923.62	1916.23	1920.97	22081	0	4
2023.09.07	16:00:00	1920.98	1921.47	1917.48	1918.85	8147	0	4
2023.09.07	20:00:00	1918.92	1920.33	1918.88	1920.30	1469	0	4
2023.09.08	00:00:00	1920.27	1927.30	1920.10	1924.99	10592	0	4
2023.09.08	04:00:00	1925.02	1927.34	1923.99	1924.15	8297	0	4
2023.09.08	08:00:00	1924.16	1925.87	1922.67	1923.00	8644	0	5
2023.09.08	12:00:00	1923.02	1929.71	1919.23	1919.63	20883	0	5
2023.09.08	16:00:00	1919.62	1920.72	1917.38	1919.22	9156	0	5
2023.09.08	20:00:00	1919.22	1919.43	1918.82	1919.04	605	0	5
2023.09.10	20:00:00	1918.26	1919.73	1916.72	1918.92	1551	0	5
2023.09.11	00:00:00	1918.92	1924.20	1918.41	1923.37	10708	0	5
2023.09.11	04:00:00	1923.34	1930.74	1923.00	1926.96	13041	0	5
2023.09.11	08:00:00	1926.67	1928.07	1924.77	1925.84	7819	0	5
2023.09.11	12:00:00	1925.82	1930.13	1921.59	1922.63	18907	0	5
2023.09.11	16:00:00	1922.61	1925.13	1921.43	1921.87	10515	0	5
2023.09.11	20:00:00	1921.93	1923.40	1921.60	1922.55	2899	0	4
2023.09.12	00:00:00	1922.54	1923.56	1920.39	1923.04	8448	0	4
2023.09.12	04:00:00	1923.04	1924.55	1918.91	1920.03	9166	0	5
2023.09.12	08:00:00	1920.02	1921.39	1915.09	1915.58	10150	0	5
2023.09.12	12:00:00	1915.59	1915.61	1907.64	1911.94	21015	0	5
2023.09.12	16:00:00	1912.03	1915.08	1911.72	1913.43	11272	0	5
2023.09.12	20:00:00	1913.41	1913.80	1912.67	1913.53	3076	0	4
2023.09.13	00:00:00	1913.52	1913.87	1908.93	1909.11	7965	0	4
2023.09.13	04:00:00	1909.12	1912.69	1908.22	1909.98	9953	0	5
2023.09.13	08:00:00	1909.93	1912.62	1909.33	1912.59	10128	0	5
2023.09.13	12:00:00	1912.65	1915.76	1905.57	1912.70	23895	0	5
2023.09.13	16:00:00	1912.70	1913.61	1908.19	1909.40	13098	0	5
2023.09.13	20:00:00	1909.39	1909.88	1908.16	1908.90	3518	0	4
2023.09.14	00:00:00	1908.91	1912.93	1907.57	1910.03	10129	0	4
2023.09.14	04:00:00	1910.02	1911.08	1907.02	1907.36	9823	0	5
2023.09.14	08:00:00	1907.34	1909.15	1905.22	1909.08	10633	0	5
2023.09.14	12:00:00	1909.05	1910.51	1901.03	1908.51	26058	0	5
2023.09.14	16:00:00	1908.51	1912.10	1905.84	1908.32	15007	0	5
2023.09.14	20:00:00	1908.34	1911.09	1908.30	1910.41	3276	0	4
2023.09.15	00:00:00	1910.40	1916.02	1909.86	1915.55	9966	0	4
2023.09.15	04:00:00	1915.55	1919.60	1914.69	1918.69	11178	0	5
2023.09.15	08:00:00	1918.68	1919.25	1915.51	1917.15	11991	0	5
2023.09.15	12:00:00	1917.13	1930.43	1916.10	1928.53	23378	0	5
2023.09.15	16:00:00	1928.53	1929.72	1923.93	1924.06	13284	0	5
2023.09.15	20:00:00	1924.05	1924.55	1922.40	1923.69	3787	0	5
2023.09.17	20:00:00	1923.80	1924.57	1923.40	1923.72	871	0	5
2023.09.18	00:00:00	1923.73	1928.75	1922.58	1928.16	9664	0	5
2023.09.18	04:00:00	1928.16	1930.69	1927.77	1928.57	9659	0	5
2023.09.18	08:00:00	1928.59	1929.21	1925.14	1926.84	10472	0	5
2023.09.18	12:00:00	1926.83	1928.54	1922.88	1926.88	17409	0	5
2023.09.18	16:00:00	1926.84	1933.52	1926.27	1931.57	11354	0	5
2023.09.18	20:00:00	1931.59	1934.23	1931.48	1933.72	3486	0	4
2023.09.19	00:00:00	1933.72	1934.63	1931.79	1932.90	7175	0	4
2023.09.19	04:00:00	1932.88	1933.09	1929.85	1930.55	7418	0	5
2023.09.19	08:00:00	1930.54	1936.83	1930.54	1935.34	8933	0	5
2023.09.19	12:00:00	1935.33	1937.40	1931.10	1934.89	16561	0	5
2023.09.19	16:00:00	1934.89	1935.05	1929.81	1930.84	8991	0	5
2023.09.19	20:00:00	1930.83	1932.54	1930.75	1931.91	2670	0	4
2023.09.20	00:00:00	1931.90	1931.90	1928.58	1930.77	6299	0	4
2023.09.20	04:00:00	1930.73	1932.37	1929.69	1930.49	6413	0	5
2023.09.20	08:00:00	1930.48	1932.74	1928.00	1932.56	8841	0	5
2023.09.20	12:00:00	1932.57	1944.56	1930.96	1944.01	15686	0	5
2023.09.20	16:00:00	1943.99	1947.43	1939.32	1940.49	17994	0	5
2023.09.20	20:00:00	1940.50	1941.28	1929.24	1931.20	9250	0	4
2023.09.21	00:00:00	1931.19	1931.19	1924.21	1926.73	9641	0	4
2023.09.21	04:00:00	1926.72	1930.55	1926.72	1928.14	6913	0	5
2023.09.21	08:00:00	1928.21	1928.74	1922.56	1925.25	10453	0	5
2023.09.21	12:00:00	1925.20	1925.30	1913.96	1920.20	24461	0	5
2023.09.21	16:00:00	1920.20	1921.31	1916.41	1919.92	11403	0	5
2023.09.21	20:00:00	1919.90	1921.14	1919.38	1920.20	3163	0	4
2023.09.22	00:00:00	1920.19	1925.56	1920.15	1923.97	7284	0	4
2023.09.22	04:00:00	1923.95	1926.02	1922.61	1925.59	8309	0	5
2023.09.22	08:00:00	1925.55	1928.74	1924.34	1924.64	10609	0	4
2023.09.22	12:00:00	1924.69	1929.14	1924.18	1928.22	17439	0	4
2023.09.22	16:00:00	1928.32	1928.83	1924.38	1925.08	8650	0	4
2023.09.22	20:00:00	1925.07	1925.68	1924.53	1925.38	1958	0	4
2023.09.24	20:00:00	1924.63	1926.48	1924.63	1925.79	740	0	4
2023.09.25	00:00:00	1925.77	1925.79	1922.72	1923.78	5856	0	4
2023.09.25	04:00:00	1923.80	1924.85	1920.92	1924.13	5724	0	4
2023.09.25	08:00:00	1924.12	1927.20	1921.02	1924.94	9568	0	4
2023.09.25	12:00:00	1924.94	1926.86	1915.20	1916.90	16453	0	4
2023.09.25	16:00:00	1916.92	1919.20	1915.23	1915.65	10381	0	4
2023.09.25	20:00:00	1915.66	1916.83	1915.51	1916.55	2773	0	4
2023.09.26	00:00:00	1916.61	1916.72	1913.29	1913.69	5721	0	4
2023.09.26	04:00:00	1913.69	1915.19	1910.49	1910.53	6014	0	4
2023.09.26	08:00:00	1910.51	1915.69	1909.82	1911.78	9501	0	4
2023.09.26	12:00:00	1911.75	1913.67	1904.69	1906.47	18411	0	4
2023.09.26	16:00:00	1906.48	1906.50	1899.17	1899.98	12460	0	5
2023.09.26	20:00:00	1899.98	1901.34	1899.50	1900.94	3232	0	4
2023.09.27	00:00:00	1900.94	1903.95	1899.82	1900.89	7354	0	4
2023.09.27	04:00:00	1900.87	1900.96	1895.68	1898.14	8228	0	5
2023.09.27	08:00:00	1898.12	1899.09	1893.72	1893.91	9383	0	5
2023.09.27	12:00:00	1893.83	1894.16	1883.62	1883.66	18693	0	5
2023.09.27	16:00:00	1883.65	1885.09	1872.56	1876.06	17194	0	5
2023.09.27	20:00:00	1876.04	1878.29	1874.72	1877.03	4762	0	4
2023.09.28	00:00:00	1877.03	1877.94	1873.63	1874.83	7968	0	4
2023.09.28	04:00:00	1874.76	1877.69	1873.74	1875.02	8562	0	5
2023.09.28	08:00:00	1875.18	1878.23	1873.71	1874.98	11391	0	5
2023.09.28	12:00:00	1874.95	1879.63	1865.31	1865.34	22835	0	5
2023.09.28	16:00:00	1865.33	1866.04	1857.70	1865.62	16438	0	5
2023.09.28	20:00:00	1865.64	1867.35	1863.99	1864.41	4284	0	4
2023.09.29	00:00:00	1864.39	1867.27	1863.84	1864.92	6425	0	4
2023.09.29	04:00:00	1864.93	1870.51	1863.00	1870.15	7708	0	5
2023.09.29	08:00:00	1870.13	1874.01	1869.54	1872.37	11257	0	5
2023.09.29	12:00:00	1872.35	1879.87	1859.08	1860.90	24656	0	5
2023.09.29	16:00:00	1860.93	1861.07	1846.36	1848.95	16795	0	5
2023.09.29	20:00:00	1848.90	1850.34	1847.76	1848.53	4445	0	5
2023.10.01	20:00:00	1847.48	1850.68	1844.62	1846.49	1569	0	5
2023.10.02	00:00:00	1846.57	1848.96	1842.90	1844.03	5975	0	5
2023.10.02	04:00:00	1844.03	1846.29	1839.28	1844.64	7051	0	5
2023.10.02	08:00:00	1844.59	1846.05	1831.20	1833.52	14810	0	5
2023.10.02	12:00:00	1833.69	1840.62	1827.19	1828.89	23233	0	5
2023.10.02	16:00:00	1828.90	1834.67	1827.54	1830.65	16436	0	5
2023.10.02	20:00:00	1830.63	1830.67	1827.45	1828.22	4873	0	4
2023.10.03	00:00:00	1828.20	1828.20	1815.30	1817.47	9913	0	4
2023.10.03	04:00:00	1817.45	1824.66	1816.99	1823.91	9538	0	5
2023.10.03	08:00:00	1823.86	1829.16	1820.75	1825.83	13855	0	5
2023.10.03	12:00:00	1825.82	1833.35	1819.37	1826.40	26713	0	5
2023.10.03	16:00:00	1826.45	1828.64	1821.97	1823.83	20008	0	5
2023.10.03	20:00:00	1823.80	1825.30	1822.20	1822.69	4633	0	4
2023.10.04	00:00:00	1822.70	1825.05	1820.08	1820.88	9363	0	4
2023.10.04	04:00:00	1820.87	1823.84	1816.75	1819.12	9089	0	5
2023.10.04	08:00:00	1819.06	1824.57	1817.46	1823.17	16775	0	5
2023.10.04	12:00:00	1823.17	1830.59	1817.13	1818.47	28238	0	5
2023.10.04	16:00:00	1818.42	1826.38	1816.65	1817.68	18279	0	5
2023.10.04	20:00:00	1817.71	1823.71	1817.48	1822.37	5041	0	4
2023.10.05	00:00:00	1822.39	1828.45	1821.82	1826.18	7710	0	4
2023.10.05	04:00:00	1826.15	1829.21	1822.14	1822.29	8037	0	5
2023.10.05	08:00:00	1822.19	1824.02	1819.70	1823.26	13140	0	5
2023.10.05	12:00:00	1823.15	1823.93	1813.10	1819.94	25185	0	5
2023.10.05	16:00:00	1819.94	1820.66	1814.44	1820.24	16447	0	5
2023.10.05	20:00:00	1820.22	1821.51	1819.51	1821.22	3748	0	4
2023.10.06	00:00:00	1821.23	1824.09	1819.72	1823.86	6608	0	4
2023.10.06	04:00:00	1823.87	1824.59	1818.66	1819.38	6641	0	5
2023.10.06	08:00:00	1819.43	1825.13	1818.64	1822.62	12626	0	5
2023.10.06	12:00:00	1822.67	1831.54	1810.46	1823.61	28241	0	5
2023.10.06	16:00:00	1823.61	1834.90	1823.61	1831.93	19750	0	5
2023.10.06	20:00:00	1831.92	1832.72	1828.98	1832.52	3832	0	5
2023.10.08	20:00:00	1853.42	1854.52	1845.52	1849.87	3565	0	5
2023.10.09	00:00:00	1849.87	1852.85	1846.34	1850.52	12010	0	5
2023.10.09	04:00:00	1850.53	1854.43	1848.11	1850.05	9994	0	5
2023.10.09	08:00:00	1850.03	1852.64	1848.12	1850.14	11604	0	5
2023.10.09	12:00:00	1850.15	1852.49	1844.23	1852.15	18911	0	5
2023.10.09	16:00:00	1852.18	1857.73	1848.72	1857.13	11642	0	5
2023.10.09	20:00:00	1857.14	1863.54	1857.04	1861.53	4905	0	4
2023.10.10	00:00:00	1861.52	1865.42	1860.41	1863.00	11418	0	4
2023.10.10	04:00:00	1862.98	1863.78	1855.23	1856.57	10495	0	5
2023.10.10	08:00:00	1856.45	1859.84	1855.33	1856.72	14834	0	5
2023.10.10	12:00:00	1856.75	1858.82	1853.03	1856.52	19160	0	5
2023.10.10	16:00:00	1856.60	1862.81	1856.04	1859.39	14071	0	5
2023.10.10	20:00:00	1859.41	1860.84	1858.43	1859.87	3467	0	4
2023.10.11	00:00:00	1859.84	1862.14	1859.58	1861.48	7299	0	4
2023.10.11	04:00:00	1861.48	1863.76	1858.65	1862.59	6931	0	5
2023.10.11	08:00:00	1862.58	1874.80	1862.48	1873.98	14484	0	5
2023.10.11	12:00:00	1873.95	1875.07	1867.44	1871.21	20051	0	5
2023.10.11	16:00:00	1871.22	1877.21	1869.55	1872.49	14741	0	5
2023.10.11	20:00:00	1872.47	1875.37	1872.43	1874.71	3969	0	4
2023.10.12	00:00:00	1874.72	1878.78	1874.52	1876.83	6935	0	4
2023.10.12	04:00:00	1876.84	1882.68	1876.77	1882.20	7159	0	5
2023.10.12	08:00:00	1882.27	1882.76	1878.69	1881.41	10521	0	5
2023.10.12	12:00:00	1881.40	1884.95	1871.21	1872.19	20760	0	5
2023.10.12	16:00:00	1872.16	1873.69	1867.94	1868.46	15275	0	5
2023.10.12	20:00:00	1868.51	1871.20	1868.17	1869.79	3721	0	4
2023.10.13	00:00:00	1869.77	1873.62	1869.77	1873.43	6640	0	4
2023.10.13	04:00:00	1873.44	1878.07	1872.65	1877.01	7356	0	5
2023.10.13	08:00:00	1876.94	1889.95	1876.83	1887.66	14354	0	5
2023.10.13	12:00:00	1887.59	1921.00	1887.44	1920.86	24906	0	5
2023.10.13	16:00:00	1920.91	1930.79	1917.23	1928.73	17174	0	5
2023.10.13	20:00:00	1928.72	1932.90	1927.83	1932.79	3539	0	5
2023.10.15	20:00:00	1927.73	1927.73	1921.25	1924.42	1635	0	5
2023.10.16	00:00:00	1924.49	1926.36	1918.50	1920.49	9165	0	5
2023.10.16	04:00:00	1920.52	1920.52	1909.28	1910.00	8516	0	5
2023.10.16	08:00:00	1909.91	1918.33	1908.26	1918.01	12749	0	5
2023.10.16	12:00:00	1918.25	1924.60	1914.53	1918.19	17510	0	5
2023.10.16	16:00:00	1918.23	1922.79	1918.00	1919.10	9873	0	5
2023.10.16	20:00:00	1919.13	1921.03	1917.90	1918.89	3326	0	4
2023.10.17	00:00:00	1918.90	1921.84	1913.34	1915.54	5281	0	4
2023.10.17	04:00:00	1915.40	1918.13	1914.23	1917.42	6481	0	5
2023.10.17	08:00:00	1917.40	1926.58	1917.22	1923.50	11385	0	5
2023.10.17	12:00:00	1923.51	1931.61	1919.07	1924.07	17570	0	5
2023.10.17	16:00:00	1924.08	1926.96	1919.18	1922.04	12529	0	5
2023.10.17	20:00:00	1922.07	1925.58	1921.90	1924.91	3695	0	4
2023.10.18	00:00:00	1924.95	1942.72	1923.80	1937.27	9606	0	4
2023.10.18	04:00:00	1937.25	1939.72	1935.15	1936.12	8806	0	5
2023.10.18	08:00:00	1936.13	1946.20	1935.62	1945.27	12218	0	5
2023.10.18	12:00:00	1945.33	1962.61	1943.69	1947.11	18525	0	5
2023.10.18	16:00:00	1947.03	1956.61	1938.32	1950.59	14755	0	5
2023.10.18	20:00:00	1950.62	1951.71	1947.41	1949.80	4606	0	4
2023.10.19	00:00:00	1949.89	1953.35	1946.35	1949.65	7698	0	4
2023.10.19	04:00:00	1949.55	1950.74	1945.27	1948.04	8427	0	5
2023.10.19	08:00:00	1948.17	1954.46	1947.75	1951.01	12297	0	5
2023.10.19	12:00:00	1950.99	1957.15	1949.64	1950.39	16769	0	5
2023.10.19	16:00:00	1950.36	1975.15	1950.07	1973.17	19778	0	5
2023.10.19	20:00:00	1973.23	1977.75	1972.54	1972.58	6528	0	4
2023.10.20	00:00:00	1972.57	1982.20	1972.03	1979.50	11865	0	4
2023.10.20	04:00:00	1979.37	1980.49	1975.56	1979.38	6412	0	5
2023.10.20	08:00:00	1979.52	1985.37	1978.19	1983.32	12092	0	5
2023.10.20	12:00:00	1983.33	1991.36	1973.32	1990.97	17744	0	5
2023.10.20	16:00:00	1991.08	1997.20	1974.42	1980.31	16494	0	5
2023.10.20	20:00:00	1980.30	1982.15	1978.97	1981.54	3396	0	5
2023.10.22	20:00:00	1973.08	1978.62	1972.81	1976.35	1374	0	5
2023.10.23	00:00:00	1976.70	1978.23	1964.41	1972.70	10159	0	5
2023.10.23	04:00:00	1972.62	1977.50	1971.76	1975.76	8220	0	5
2023.10.23	08:00:00	1976.15	1982.85	1974.55	1977.52	11968	0	5
2023.10.23	12:00:00	1977.52	1982.00	1970.16	1976.27	17136	0	5
2023.10.23	16:00:00	1976.22	1979.41	1972.41	1977.54	13539	0	5
2023.10.23	20:00:00	1977.61	1977.81	1971.25	1973.08	3916	0	4
2023.10.24	00:00:00	1973.10	1980.85	1971.48	1977.72	8094	0	4
2023.10.24	04:00:00	1977.70	1978.25	1974.54	1977.74	7582	0	5
2023.10.24	08:00:00	1977.62	1979.22	1961.03	1961.90	13342	0	5
2023.10.24	12:00:00	1961.84	1966.82	1953.67	1963.84	17899	0	5
2023.10.24	16:00:00	1963.85	1977.59	1961.30	1973.80	13096	0	5
2023.10.24	20:00:00	1973.69	1974.01	1970.06	1970.59	3364	0	4
2023.10.25	00:00:00	1970.58	1977.04	1970.46	1972.73	7264	0	4
2023.10.25	04:00:00	1972.73	1975.97	1970.84	1971.36	6963	0	5
2023.10.25	08:00:00	1971.37	1974.93	1968.34	1972.25	10343	0	5
2023.10.25	12:00:00	1972.71	1987.26	1972.47	1977.13	15938	0	5
2023.10.25	16:00:00	1977.14	1985.68	1963.13	1981.59	14619	0	5
2023.10.25	20:00:00	1981.60	1984.17	1977.78	1982.16	4379	0	4
2023.10.26	00:00:00	1982.17	1986.93	1981.57	1984.89	8096	0	4
2023.10.26	04:00:00	1984.89	1989.63	1983.52	1985.03	8952	0	5
2023.10.26	08:00:00	1985.06	1993.50	1984.43	1986.72	11587	0	5
2023.10.26	12:00:00	1986.70	1987.61	1971.78	1979.61	18721	0	5
2023.10.26	16:00:00	1979.70	1989.32	1976.47	1986.03	14482	0	5
2023.10.26	20:00:00	1986.04	1986.89	1982.38	1985.36	3725	0	4
2023.10.27	00:00:00	1985.52	1988.89	1982.97	1986.70	8208	0	4
2023.10.27	04:00:00	1986.64	1989.95	1986.30	1987.55	8126	0	5
2023.10.27	08:00:00	1987.66	1989.11	1980.67	1980.67	9938	0	5
2023.10.27	12:00:00	1980.77	1986.20	1976.91	1982.15	17606	0	5
2023.10.27	16:00:00	1982.16	2008.62	1978.69	2005.39	15179	0	5
2023.10.27	20:00:00	2005.42	2009.40	2004.39	2006.24	5119	0	5
2023.10.29	20:00:00	2001.45	2003.69	2000.62	2002.81	1291	0	5
2023.10.30	00:00:00	2002.57	2006.82	2001.54	2002.08	8373	0	5
2023.10.30	04:00:00	2002.08	2002.77	1993.39	1993.67	8738	0	5
2023.10.30	08:00:00	1994.15	1997.44	1990.95	1995.80	12732	0	5
2023.10.30	12:00:00	1995.94	2002.56	1992.17	1999.20	20122	0	5
2023.10.30	16:00:00	1999.23	2000.68	1994.75	1996.01	11053	0	5
2023.10.30	20:00:00	1995.92	1996.71	1994.04	1995.61	2497	0	4
2023.10.31	00:00:00	1995.60	1997.32	1991.72	1992.19	8486	0	5
2023.10.31	04:00:00	1992.19	1997.67	1990.65	1996.29	8706	0	5
2023.10.31	08:00:00	1996.22	2000.37	1995.07	1999.96	11611	0	5
2023.10.31	12:00:00	1999.90	2007.91	1992.54	1994.26	19720	0	5
2023.10.31	16:00:00	1994.24	1994.80	1978.88	1984.86	14725	0	5
2023.10.31	20:00:00	1984.96	1986.20	1983.20	1983.69	3055	0	4
2023.11.01	00:00:00	1983.69	1984.03	1976.95	1977.14	8120	0	5
2023.11.01	04:00:00	1977.14	1981.07	1975.28	1977.13	8370	0	5
2023.11.01	08:00:00	1977.13	1985.22	1977.11	1983.47	10296	0	5
2023.11.01	12:00:00	1983.46	1992.01	1978.38	1979.27	19053	0	5
2023.11.01	16:00:00	1979.26	1982.34	1969.90	1978.68	16020	0	5
2023.11.01	20:00:00	1978.50	1985.76	1977.15	1985.10	3847	0	4
2023.11.02	00:00:00	1985.10	1988.26	1983.38	1985.39	8305	0	5
2023.11.02	04:00:00	1985.43	1986.69	1983.72	1985.50	7665	0	5
2023.11.02	08:00:00	1985.33	1990.41	1984.52	1988.58	10444	0	5
2023.11.02	12:00:00	1988.56	1991.05	1978.87	1981.17	19996	0	5
2023.11.02	16:00:00	1981.18	1986.71	1979.25	1985.50	11049	0	5
2023.11.02	20:00:00	1985.46	1986.59	1984.41	1985.02	2505	0	4
2023.11.03	00:00:00	1985.01	1987.88	1983.30	1985.86	6658	0	5
2023.11.03	04:00:00	1985.85	1989.25	1984.63	1986.57	6710	0	5
2023.11.03	08:00:00	1986.37	1990.34	1986.27	1987.61	9846	0	5
2023.11.03	12:00:00	1987.69	2004.09	1986.16	1991.76	22177	0	5
2023.11.03	16:00:00	1991.86	1995.12	1989.39	1992.74	12871	0	5
2023.11.03	20:00:00	1992.73	1992.97	1992.09	1992.61	1251	0	5
2023.11.05	20:00:00	1991.55	1991.58	1987.19	1988.53	1666	0	5
2023.11.06	00:00:00	1988.51	1993.17	1982.10	1985.24	10526	0	5
2023.11.06	04:00:00	1985.14	1985.39	1982.32	1983.47	8578	0	5
2023.11.06	08:00:00	1983.21	1988.36	1982.90	1987.75	10940	0	5
2023.11.06	12:00:00	1987.71	1989.12	1981.12	1981.15	16380	0	5
2023.11.06	16:00:00	1981.13	1984.52	1979.29	1980.38	10428	0	5
2023.11.06	20:00:00	1980.33	1980.33	1975.87	1976.80	4315	0	4
2023.11.07	00:00:00	1976.95	1977.09	1972.29	1972.65	8427	0	5
2023.11.07	04:00:00	1972.64	1974.28	1967.31	1969.34	7988	0	5
2023.11.07	08:00:00	1969.47	1970.28	1962.72	1963.93	11791	0	5
2023.11.07	12:00:00	1963.93	1967.28	1956.73	1963.43	17987	0	5
2023.11.07	16:00:00	1963.35	1969.87	1961.83	1967.46	12084	0	5
2023.11.07	20:00:00	1967.47	1969.39	1967.00	1969.01	3662	0	4
2023.11.08	00:00:00	1969.00	1971.05	1967.37	1967.83	9233	0	5
2023.11.08	04:00:00	1967.83	1969.20	1965.09	1967.71	7200	0	5
2023.11.08	08:00:00	1967.73	1969.08	1959.57	1964.54	11480	0	5
2023.11.08	12:00:00	1964.53	1966.69	1951.01	1955.46	16395	0	5
2023.11.08	16:00:00	1955.38	1957.95	1947.57	1948.21	13238	0	5
2023.11.08	20:00:00	1948.28	1952.00	1947.48	1950.89	4216	0	4
2023.11.09	00:00:00	1950.89	1954.62	1947.80	1949.33	9118	0	5
2023.11.09	04:00:00	1949.32	1950.55	1948.13	1949.40	8008	0	5
2023.11.09	08:00:00	1949.35	1949.75	1944.82	1948.84	9745	0	5
2023.11.09	12:00:00	1948.85	1964.87	1944.87	1963.01	17632	0	5
2023.11.09	16:00:00	1962.95	1965.60	1956.19	1958.47	15693	0	5
2023.11.09	20:00:00	1958.51	1960.08	1956.98	1959.16	4801	0	4
2023.11.10	00:00:00	1959.10	1960.83	1956.44	1959.51	8814	0	5
2023.11.10	04:00:00	1959.50	1959.58	1953.79	1955.43	8263	0	5
2023.11.10	08:00:00	1955.43	1957.22	1947.21	1948.26	10572	0	5
2023.11.10	12:00:00	1948.29	1949.24	1939.80	1942.08	18004	0	5
2023.11.10	16:00:00	1942.10	1943.47	1933.20	1935.46	12552	0	5
2023.11.10	20:00:00	1935.47	1938.93	1934.61	1938.23	2753	0	5
2023.11.13	00:00:00	1936.93	1937.03	1934.13	1935.38	1788	0	5
2023.11.13	04:00:00	1935.36	1941.27	1934.26	1938.84	8001	0	5
2023.11.13	08:00:00	1938.97	1940.50	1936.01	1938.03	9565	0	5
2023.11.13	12:00:00	1937.96	1938.94	1931.74	1938.51	14914	0	5
2023.11.13	16:00:00	1938.51	1949.24	1938.21	1946.26	11206	0	5
2023.11.13	20:00:00	1946.25	1946.81	1945.24	1946.54	2975	0	4
2023.11.14	00:00:00	1946.55	1948.42	1944.43	1944.84	6877	0	5
2023.11.14	04:00:00	1944.71	1946.54	1943.82	1945.66	5658	0	5
2023.11.14	08:00:00	1945.89	1948.19	1944.35	1945.97	9183	0	5
2023.11.14	12:00:00	1946.00	1970.92	1944.42	1964.47	17702	0	5
2023.11.14	16:00:00	1964.48	1966.56	1961.70	1963.74	11630	0	5
2023.11.14	20:00:00	1963.78	1964.50	1962.28	1962.52	3200	0	4
2023.11.15	00:00:00	1962.56	1967.06	1961.61	1966.93	8701	0	5
2023.11.15	04:00:00	1966.91	1971.06	1965.96	1970.38	8583	0	4
2023.11.15	08:00:00	1970.57	1974.10	1969.82	1973.00	10749	0	4
2023.11.15	12:00:00	1973.03	1975.24	1955.49	1963.17	17514	0	5
2023.11.15	16:00:00	1963.22	1963.75	1959.20	1961.81	11376	0	5
2023.11.15	20:00:00	1961.78	1962.27	1959.05	1960.44	3469	0	4
2023.11.16	00:00:00	1960.42	1962.19	1956.53	1961.46	7701	0	5
2023.11.16	04:00:00	1961.43	1967.85	1960.85	1966.64	6832	0	5
2023.11.16	08:00:00	1966.48	1968.61	1964.71	1965.60	8505	0	5
2023.11.16	12:00:00	1965.59	1986.55	1962.15	1984.97	16966	0	5
2023.11.16	16:00:00	1984.96	1987.95	1980.22	1983.36	11969	0	5
2023.11.16	20:00:00	1983.42	1984.16	1980.68	1982.68	3544	0	4
2023.11.17	00:00:00	1982.60	1986.94	1981.82	1986.75	7587	0	5
2023.11.17	04:00:00	1986.68	1987.68	1982.73	1987.67	6813	0	5
2023.11.17	08:00:00	1987.68	1993.43	1984.69	1988.87	12336	0	5
2023.11.17	12:00:00	1988.87	1991.61	1979.48	1983.51	15764	0	5
2023.11.17	16:00:00	1983.60	1985.31	1978.66	1980.42	9690	0	5
2023.11.17	20:00:00	1980.41	1981.10	1979.08	1980.76	2369	0	5
2023.11.19	20:00:00	1977.68	1978.80	1974.28	1974.58	1283	0	5
2023.11.20	00:00:00	1974.66	1985.22	1973.49	1982.34	11127	0	5
2023.11.20	04:00:00	1982.35	1983.50	1978.21	1978.66	9367	0	5
2023.11.20	08:00:00	1978.71	1980.52	1972.33	1973.43	12107	0	4
2023.11.20	12:00:00	1973.41	1973.42	1965.51	1972.01	16177	0	5
2023.11.20	16:00:00	1971.99	1979.02	1971.31	1978.49	12206	0	5
2023.11.20	20:00:00	1978.49	1981.64	1976.98	1981.32	3545	0	4
2023.11.21	00:00:00	1981.30	1994.00	1980.83	1993.25	4825	0	5
2023.11.21	04:00:00	1993.23	1994.09	1989.70	1992.40	9777	0	5
2023.11.21	08:00:00	1992.39	1994.31	1984.36	1987.31	12349	0	5
2023.11.21	12:00:00	1987.32	2007.52	1986.66	2004.32	17446	0	5
2023.11.21	16:00:00	2004.34	2005.34	1996.30	2000.16	13013	0	5
2023.11.21	20:00:00	2000.18	2000.25	1997.90	1999.39	3514	0	4
2023.11.22	00:00:00	1999.37	1999.37	1995.54	1996.49	9016	0	5
2023.11.22	04:00:00	1996.50	2004.06	1996.22	2003.71	9830	0	5
2023.11.22	08:00:00	2003.65	2006.30	1999.11	2000.69	11813	0	5
2023.11.22	12:00:00	2000.64	2003.22	1990.02	1995.01	16912	0	5
2023.11.22	16:00:00	1995.03	1995.57	1986.96	1990.79	11020	0	5
2023.11.22	20:00:00	1990.79	1991.88	1989.49	1990.55	3013	0	4
2023.11.23	00:00:00	1990.50	1998.22	1990.23	1997.81	7651	0	5
2023.11.23	04:00:00	1997.86	1998.56	1993.46	1996.44	7269	0	5
2023.11.23	08:00:00	1996.36	1996.44	1992.25	1993.91	8071	0	5
2023.11.23	12:00:00	1993.90	1994.92	1991.86	1992.17	8007	0	5
2023.11.23	16:00:00	1992.18	1993.03	1989.89	1992.17	2443	0	5
2023.11.23	20:00:00	1993.12	1994.37	1993.00	1994.16	545	0	4
2023.11.24	00:00:00	1994.15	1994.95	1991.51	1993.65	7341	0	5
2023.11.24	04:00:00	1993.66	1994.76	1991.60	1993.52	7061	0	5
2023.11.24	08:00:00	1993.54	1996.34	1992.30	1995.24	8431	0	5
2023.11.24	12:00:00	1995.31	2003.62	1994.44	1998.40	14664	0	5
2023.11.24	16:00:00	1998.38	2002.45	1997.20	2002.38	5942	0	5
2023.11.27	04:00:00	2011.63	2012.53	2008.83	2011.00	6097	0	5
2023.11.27	08:00:00	2011.02	2015.54	2010.57	2012.62	11198	0	5
2023.11.27	12:00:00	2012.68	2016.29	2008.79	2010.38	15943	0	5
2023.11.27	16:00:00	2010.39	2013.61	2005.83	2012.94	10630	0	5
2023.11.27	20:00:00	2012.90	2015.44	2012.09	2015.32	3283	0	4
2023.11.28	00:00:00	2015.34	2018.09	2013.97	2015.01	10411	0	5
2023.11.28	04:00:00	2015.03	2016.91	2012.07	2013.52	8701	0	5
2023.11.28	08:00:00	2013.47	2016.78	2012.56	2015.24	10248	0	5
2023.11.28	12:00:00	2015.34	2031.48	2011.75	2030.94	17145	0	5
2023.11.28	16:00:00	2030.95	2043.02	2030.54	2041.81	13659	0	5
2023.11.28	20:00:00	2041.87	2044.57	2039.69	2044.46	4212	0	4
2023.11.29	00:00:00	2044.52	2052.01	2042.88	2044.12	12283	0	5
2023.11.29	04:00:00	2044.06	2049.07	2041.12	2042.56	10993	0	5
2023.11.29	08:00:00	2042.59	2044.10	2035.49	2040.08	12472	0	5
2023.11.29	12:00:00	2040.08	2046.97	2037.17	2043.10	17482	0	5
2023.11.29	16:00:00	2043.01	2049.60	2039.61	2046.34	12233	0	5
2023.11.29	20:00:00	2046.35	2046.54	2042.84	2044.71	4062	0	4
2023.11.30	00:00:00	2044.70	2047.26	2042.69	2046.11	8450	0	5
2023.11.30	04:00:00	2046.14	2046.97	2041.49	2044.66	8824	0	5
2023.11.30	08:00:00	2044.78	2045.73	2036.03	2037.19	12286	0	5
2023.11.30	12:00:00	2037.22	2044.01	2031.70	2037.99	18284	0	5
2023.11.30	16:00:00	2037.98	2041.35	2033.78	2036.24	11181	0	5
2023.11.30	20:00:00	2036.16	2040.68	2034.89	2040.14	4086	0	4
2023.12.01	00:00:00	2040.13	2043.46	2038.73	2039.57	8565	0	5
2023.12.01	04:00:00	2039.56	2042.95	2038.90	2039.57	7275	0	5
2023.12.01	08:00:00	2039.93	2049.87	2036.56	2037.09	12012	0	5
2023.12.01	12:00:00	2037.19	2053.28	2033.93	2049.37	17603	0	5
2023.12.01	16:00:00	2049.34	2075.40	2044.77	2067.07	17114	0	5
2023.12.01	20:00:00	2067.07	2072.29	2066.54	2072.05	3696	0	5
2023.12.03	20:00:00	2074.37	2144.85	2071.90	2117.39	3489	0	5
2023.12.04	00:00:00	2118.80	2120.15	2083.23	2085.89	14788	0	5
2023.12.04	04:00:00	2085.86	2090.56	2061.66	2063.43	12211	0	5
2023.12.04	08:00:00	2064.49	2076.16	2057.91	2070.90	13807	0	5
2023.12.04	12:00:00	2070.90	2071.30	2020.19	2022.61	20132	0	5
2023.12.04	16:00:00	2022.52	2031.54	2020.98	2030.97	15647	0	5
2023.12.04	20:00:00	2030.98	2034.18	2026.35	2034.07	4975	0	4
2023.12.05	00:00:00	2034.04	2041.23	2032.76	2037.40	10729	0	5
2023.12.05	04:00:00	2037.39	2038.39	2030.52	2032.71	10342	0	5
2023.12.05	08:00:00	2032.76	2039.62	2021.62	2024.82	13991	0	5
2023.12.05	12:00:00	2024.75	2030.85	2009.97	2016.27	19604	0	5
2023.12.05	16:00:00	2016.32	2020.58	2012.31	2019.84	13958	0	5
2023.12.05	20:00:00	2019.84	2020.90	2017.30	2018.99	3913	0	4
2023.12.06	00:00:00	2018.99	2024.24	2018.80	2023.25	8052	0	5
2023.12.06	04:00:00	2023.31	2035.88	2020.44	2034.16	8453	0	5
2023.12.06	08:00:00	2034.06	2034.92	2020.25	2021.42	12590	0	5
2023.12.06	12:00:00	2021.42	2033.04	2021.07	2030.29	17814	0	5
2023.12.06	16:00:00	2030.34	2031.32	2024.03	2029.94	12687	0	5
2023.12.06	20:00:00	2029.94	2029.94	2024.50	2027.17	3955	0	4
2023.12.07	00:00:00	2027.14	2030.05	2026.14	2026.93	8544	0	5
2023.12.07	04:00:00	2026.92	2030.78	2025.26	2029.58	9447	0	5
2023.12.07	08:00:00	2029.64	2035.13	2028.88	2032.66	11977	0	5
2023.12.07	12:00:00	2032.62	2039.96	2025.29	2029.37	18019	0	5
2023.12.07	16:00:00	2029.40	2032.02	2020.26	2029.95	14096	0	5
2023.12.07	20:00:00	2029.97	2031.35	2026.94	2028.12	3478	0	4
2023.12.08	00:00:00	2028.13	2034.03	2027.54	2032.51	10967	0	5
2023.12.08	04:00:00	2032.53	2032.53	2029.00	2030.93	9027	0	5
2023.12.08	08:00:00	2030.84	2032.38	2026.52	2030.01	12152	0	5
2023.12.08	12:00:00	2030.03	2030.13	2002.62	2008.98	19208	0	5
2023.12.08	16:00:00	2009.09	2009.70	1994.77	2000.76	13995	0	5
2023.12.08	20:00:00	2000.76	2005.10	2000.09	2004.53	3203	0	5
2023.12.10	20:00:00	2005.76	2007.70	2004.63	2007.10	1597	0	5
2023.12.11	00:00:00	2007.09	2007.82	1995.61	1996.96	10744	0	5
2023.12.11	04:00:00	1996.95	2000.59	1991.39	1992.86	8426	0	5
2023.12.11	08:00:00	1992.86	1997.84	1991.39	1996.26	11396	0	5
2023.12.11	12:00:00	1996.33	1996.78	1980.70	1982.40	17772	0	5
2023.12.11	16:00:00	1982.43	1984.29	1975.92	1981.60	13364	0	5
2023.12.11	20:00:00	1981.67	1984.33	1980.41	1983.03	3886	0	4
2023.12.12	00:00:00	1983.02	1989.53	1982.06	1985.55	9453	0	5
2023.12.12	04:00:00	1985.54	1989.08	1984.76	1988.09	7416	0	5
2023.12.12	08:00:00	1988.09	1988.45	1982.75	1988.36	10015	0	5
2023.12.12	12:00:00	1988.45	1996.67	1980.17	1981.65	19865	0	5
2023.12.12	16:00:00	1981.69	1983.73	1977.23	1980.29	13139	0	5
2023.12.12	20:00:00	1980.31	1982.83	1979.12	1982.50	3241	0	4
2023.12.13	00:00:00	1982.50	1982.58	1977.80	1977.97	6835	0	5
2023.12.13	04:00:00	1977.92	1980.53	1973.12	1979.29	8352	0	5
2023.12.13	08:00:00	1979.30	1983.59	1978.66	1982.87	10203	0	5
2023.12.13	12:00:00	1982.86	1986.72	1978.52	1981.92	17263	0	5
2023.12.13	16:00:00	1981.92	2017.52	1979.73	2013.71	16122	0	5
2023.12.13	20:00:00	2013.78	2033.16	2012.71	2032.90	7137	0	4
2023.12.14	00:00:00	2033.00	2039.32	2030.04	2031.06	16633	0	5
2023.12.14	04:00:00	2031.06	2037.44	2029.37	2032.78	13807	0	5
2023.12.14	08:00:00	2032.75	2040.38	2032.09	2034.99	16257	0	5
2023.12.14	12:00:00	2035.06	2047.94	2027.64	2040.36	23792	0	5
2023.12.14	16:00:00	2040.30	2041.53	2029.16	2033.27	17056	0	5
2023.12.14	20:00:00	2033.27	2038.76	2032.82	2035.58	5836	0	4
2023.12.15	00:00:00	2035.60	2037.52	2031.36	2035.89	10943	0	5
2023.12.15	04:00:00	2035.89	2039.10	2034.39	2037.92	9756	0	5
2023.12.15	08:00:00	2037.85	2044.42	2037.05	2041.74	12708	0	5
2023.12.15	12:00:00	2041.73	2044.94	2027.02	2035.21	21075	0	5
2023.12.15	16:00:00	2035.19	2036.42	2015.65	2019.19	15247	0	5
2023.12.15	20:00:00	2019.11	2021.63	2017.45	2019.65	4471	0	5
2023.12.17	20:00:00	2019.70	2020.11	2016.05	2017.46	1448	0	5
2023.12.18	00:00:00	2017.66	2024.19	2016.13	2022.91	10451	0	5
2023.12.18	04:00:00	2022.88	2024.83	2021.59	2023.15	7941	0	5
2023.12.18	08:00:00	2023.17	2027.29	2018.82	2022.03	12205	0	5
2023.12.18	12:00:00	2022.06	2026.90	2020.36	2022.32	14618	0	5
2023.12.18	16:00:00	2022.29	2033.71	2021.23	2026.35	10701	0	5
2023.12.18	20:00:00	2026.34	2027.91	2025.61	2027.66	3554	0	4
2023.12.19	00:00:00	2027.72	2029.28	2022.72	2023.33	8790	0	5
2023.12.19	04:00:00	2023.23	2026.40	2021.72	2024.86	9868	0	5
2023.12.19	08:00:00	2024.84	2028.50	2023.92	2026.54	8420	0	5
2023.12.19	12:00:00	2026.57	2045.48	2026.25	2041.87	17794	0	5
2023.12.19	16:00:00	2041.92	2047.00	2036.78	2039.56	12034	0	5
2023.12.19	20:00:00	2039.63	2041.65	2038.80	2040.92	3952	0	4
2023.12.20	00:00:00	2040.99	2041.08	2036.79	2040.48	7680	0	5
2023.12.20	04:00:00	2040.49	2043.48	2039.39	2042.29	7817	0	5
2023.12.20	08:00:00	2042.30	2042.50	2031.88	2033.59	10374	0	5
2023.12.20	12:00:00	2033.50	2039.87	2029.67	2032.53	18677	0	5
2023.12.20	16:00:00	2032.67	2037.15	2030.22	2032.38	12104	0	5
2023.12.20	20:00:00	2032.41	2033.83	2027.50	2032.23	7357	0	4
2023.12.21	00:00:00	2032.23	2037.71	2032.02	2037.48	8480	0	5
2023.12.21	04:00:00	2037.56	2038.20	2033.98	2035.02	7448	0	5
2023.12.21	08:00:00	2034.92	2037.28	2033.12	2034.12	10724	0	5
2023.12.21	12:00:00	2034.20	2046.01	2032.35	2041.55	20935	0	5
2023.12.21	16:00:00	2041.58	2045.12	2037.52	2043.97	15409	0	5
2023.12.21	20:00:00	2043.97	2055.02	2043.15	2052.87	5566	0	4
2023.12.22	00:00:00	2052.88	2053.94	2046.86	2048.29	11814	0	5
2023.12.22	04:00:00	2048.33	2050.91	2047.12	2050.06	9850	0	5
2023.12.22	08:00:00	2050.12	2063.02	2049.70	2060.71	12068	0	5
2023.12.22	12:00:00	2060.79	2070.67	2057.76	2060.85	22824	0	5
2023.12.22	16:00:00	2060.89	2062.20	2051.25	2054.02	16550	0	5
2023.12.22	20:00:00	2054.02	2054.07	2052.16	2053.06	3680	0	5
2023.12.25	20:00:00	2057.57	2057.77	2054.05	2054.98	1027	0	4
2023.12.26	00:00:00	2054.97	2065.19	2053.56	2063.96	8045	0	5
2023.12.26	04:00:00	2063.96	2065.11	2061.42	2064.32	6591	0	5
2023.12.26	08:00:00	2064.31	2064.73	2060.66	2063.59	5429	0	5
2023.12.26	12:00:00	2063.59	2063.93	2054.60	2056.88	11831	0	5
2023.12.26	16:00:00	2056.90	2062.11	2056.65	2061.73	6151	0	5
2023.12.26	20:00:00	2061.77	2069.11	2061.64	2066.23	4393	0	4
2023.12.27	00:00:00	2066.25	2067.88	2063.99	2064.60	8572	0	5
2023.12.27	04:00:00	2064.59	2067.45	2064.13	2066.06	6513	0	5
2023.12.27	08:00:00	2066.17	2069.23	2061.55	2068.21	8870	0	5
2023.12.27	12:00:00	2068.22	2081.94	2064.44	2078.97	16766	0	5
2023.12.27	16:00:00	2079.01	2084.48	2076.00	2077.55	14090	0	5
2023.12.27	20:00:00	2077.59	2079.93	2076.47	2079.59	4455	0	4
2023.12.28	00:00:00	2079.63	2088.50	2079.28	2087.27	10547	0	5
2023.12.28	04:00:00	2087.26	2087.65	2084.08	2086.19	9524	0	5
2023.12.28	08:00:00	2086.25	2086.47	2072.81	2075.67	14449	0	4
2023.12.28	12:00:00	2075.68	2081.13	2071.60	2077.33	23157	0	5
2023.12.28	16:00:00	2077.31	2077.40	2066.07	2068.12	14752	0	5
2023.12.28	20:00:00	2068.09	2068.99	2064.70	2066.77	4610	0	4
2023.12.29	00:00:00	2066.86	2071.44	2066.16	2069.51	10511	0	5
2023.12.29	04:00:00	2069.51	2074.82	2068.96	2072.08	8025	0	5
2023.12.29	08:00:00	2072.16	2073.46	2061.93	2067.80	13379	0	5
2023.12.29	12:00:00	2067.82	2068.91	2058.28	2064.89	22827	0	5
2023.12.29	16:00:00	2064.91	2068.12	2061.24	2067.37	18937	0	5
2023.12.29	20:00:00	2067.38	2067.46	2062.51	2062.84	4021	0	5
2024.01.01	20:00:00	2065.41	2066.54	2063.25	2063.76	1473	0	5
2024.01.02	00:00:00	2063.80	2070.39	2062.39	2069.68	11244	0	5
2024.01.02	04:00:00	2069.70	2076.74	2068.98	2073.20	11368	0	5
2024.01.02	08:00:00	2073.36	2078.91	2068.34	2069.28	15448	0	5
2024.01.02	12:00:00	2069.23	2071.06	2056.04	2059.43	22120	0	5
2024.01.02	16:00:00	2059.41	2067.62	2059.25	2060.97	14097	0	5
2024.01.02	20:00:00	2061.01	2061.65	2058.02	2059.66	4386	0	4
2024.01.03	00:00:00	2059.65	2065.59	2059.31	2065.16	9720	0	5
2024.01.03	04:00:00	2065.15	2066.02	2060.92	2063.01	8722	0	5
2024.01.03	08:00:00	2062.98	2064.32	2046.82	2047.58	14780	0	5
2024.01.03	12:00:00	2047.62	2048.77	2031.92	2032.61	20680	0	5
2024.01.03	16:00:00	2032.68	2042.23	2030.68	2036.70	17019	0	5
2024.01.03	20:00:00	2036.68	2043.95	2036.55	2043.02	6310	0	5
2024.01.04	00:00:00	2043.01	2046.94	2040.18	2044.71	12519	0	5
2024.01.04	04:00:00	2044.67	2049.58	2042.47	2047.67	12061	0	5
2024.01.04	08:00:00	2047.68	2050.98	2045.00	2045.20	19404	0	5
2024.01.04	12:00:00	2045.19	2047.78	2036.28	2045.15	27357	0	5
2024.01.04	16:00:00	2045.22	2046.77	2040.91	2044.40	18919	0	5
2024.01.04	20:00:00	2044.39	2044.88	2042.86	2044.31	5665	0	5
2024.01.05	00:00:00	2044.32	2048.34	2043.35	2045.39	11745	0	5
2024.01.05	04:00:00	2045.41	2047.06	2040.94	2043.20	11903	0	5
2024.01.05	08:00:00	2043.19	2044.47	2037.25	2039.27	16877	0	5
2024.01.05	12:00:00	2039.31	2064.00	2024.53	2054.85	21382	0	5
2024.01.05	16:00:00	2054.98	2056.31	2040.52	2045.79	26497	0	5
2024.01.05	20:00:00	2045.78	2046.22	2042.94	2045.61	5407	0	5
2024.01.07	20:00:00	2044.67	2045.67	2043.03	2044.38	1690	0	5
2024.01.08	00:00:00	2044.40	2046.65	2035.12	2036.14	12522	0	5
2024.01.08	04:00:00	2036.21	2037.69	2027.15	2031.45	14884	0	5
2024.01.08	08:00:00	2031.31	2031.80	2016.82	2020.14	18127	0	0
2024.01.08	12:00:00	2020.13	2034.80	2018.47	2034.21	28544	0	0
2024.01.08	16:00:00	2034.29	2036.90	2026.43	2029.41	15822	0	4
2024.01.08	20:00:00	2029.42	2030.95	2026.19	2030.77	6458	0	0
2024.01.09	00:00:00	2030.75	2035.90	2030.75	2033.66	15708	0	0
2024.01.09	04:00:00	2033.57	2037.20	2030.39	2036.05	14973	0	0
2024.01.09	08:00:00	2036.04	2038.56	2031.36	2034.95	23598	0	0
2024.01.09	12:00:00	2035.04	2041.98	2028.82	2028.82	34816	0	0
2024.01.09	16:00:00	2028.86	2032.08	2026.12	2028.90	24513	0	0
2024.01.09	20:00:00	2028.91	2031.25	2028.36	2030.85	6597	0	0
2024.01.10	00:00:00	2030.79	2032.88	2027.29	2028.96	13581	0	0
2024.01.10	04:00:00	2028.95	2031.67	2023.91	2030.99	15118	0	0
2024.01.10	08:00:00	2031.00	2040.19	2030.29	2034.08	22724	0	0
2024.01.10	12:00:00	2034.10	2035.65	2024.84	2027.91	31883	0	0
2024.01.10	16:00:00	2027.92	2028.53	2020.49	2024.04	23314	0	0
2024.01.10	20:00:00	2024.07	2028.02	2021.89	2026.78	8427	0	0
2024.01.11	00:00:00	2026.81	2032.02	2026.62	2030.94	12422	0	0
2024.01.11	04:00:00	2030.95	2035.73	2030.91	2033.92	13064	0	0
2024.01.11	08:00:00	2033.93	2034.43	2030.24	2034.35	18949	0	0
2024.01.11	12:00:00	2034.37	2039.69	2024.96	2029.11	35175	0	0
2024.01.11	16:00:00	2029.07	2029.51	2013.35	2026.53	31738	0	0
2024.01.11	20:00:00	2026.54	2035.57	2023.54	2035.34	8618	0	4
2024.01.12	00:00:00	2035.30	2035.68	2030.14	2033.97	10356	0	5
2024.01.12	04:00:00	2033.94	2039.38	2032.91	2037.56	9381	0	5
2024.01.12	08:00:00	2037.58	2047.41	2037.10	2045.45	13891	0	5
2024.01.12	12:00:00	2045.57	2062.24	2044.46	2053.75	21441	0	5
2024.01.12	16:00:00	2053.76	2055.57	2041.51	2047.36	16601	0	5
2024.01.12	20:00:00	2047.37	2049.22	2046.13	2049.08	3644	0	5
2024.01.14	20:00:00	2047.96	2048.71	2046.39	2047.65	1404	0	5
2024.01.15	00:00:00	2047.80	2058.12	2045.88	2057.46	10920	0	5
2024.01.15	04:00:00	2057.46	2057.61	2052.97	2054.21	8738	0	5
2024.01.15	08:00:00	2054.33	2058.64	2051.59	2053.38	11079	0	6
2024.01.15	12:00:00	2053.41	2054.44	2049.31	2053.28	11878	0	6
2024.01.15	16:00:00	2053.28	2056.38	2053.26	2053.81	4882	0	6
2024.01.15	20:00:00	2054.25	2055.45	2053.47	2054.06	810	0	4
2024.01.16	00:00:00	2054.10	2054.57	2048.40	2049.56	10495	0	4
2024.01.16	04:00:00	2049.56	2050.95	2047.45	2049.52	9376	0	6
2024.01.16	08:00:00	2049.43	2050.15	2038.34	2039.89	16028	0	6
2024.01.16	12:00:00	2039.90	2045.00	2031.45	2041.24	20052	0	5
2024.01.16	16:00:00	2041.22	2041.36	2024.31	2029.35	23964	0	0
2024.01.16	20:00:00	2029.33	2029.83	2025.96	2028.16	8201	0	0
2024.01.17	00:00:00	2028.18	2033.00	2023.49	2024.08	18577	0	0
2024.01.17	04:00:00	2024.07	2026.19	2017.68	2025.85	21732	0	0
2024.01.17	08:00:00	2025.78	2028.39	2019.10	2023.93	21953	0	0
2024.01.17	12:00:00	2023.96	2029.04	2006.23	2008.92	36682	0	0
2024.01.17	16:00:00	2008.86	2012.00	2001.87	2005.54	16229	0	6
2024.01.17	20:00:00	2005.60	2009.94	2004.84	2009.61	5128	0	4
2024.01.18	00:00:00	2009.60	2012.13	2006.48	2008.07	10069	0	6
2024.01.18	04:00:00	2008.05	2014.15	2005.83	2012.33	10091	0	6
2024.01.18	08:00:00	2012.31	2013.55	2008.25	2012.65	12527	0	6
2024.01.18	12:00:00	2012.65	2017.28	2007.75	2013.65	19285	0	5
2024.01.18	16:00:00	2013.69	2021.12	2013.14	2019.86	14772	0	6
2024.01.18	20:00:00	2019.84	2024.47	2019.84	2023.81	5277	0	4
2024.01.19	00:00:00	2023.78	2025.58	2022.05	2022.91	9101	0	6
2024.01.19	04:00:00	2022.90	2029.70	2020.44	2028.07	9066	0	6
2024.01.19	08:00:00	2028.07	2031.97	2026.27	2031.65	12654	0	3
2024.01.19	12:00:00	2031.66	2039.32	2023.23	2027.78	26823	0	0
2024.01.19	16:00:00	2027.86	2029.58	2023.38	2029.22	20563	0	0
2024.01.19	20:00:00	2029.21	2030.02	2027.80	2029.64	4549	0	0
2024.01.21	20:00:00	2028.82	2028.82	2027.01	2027.60	1226	0	6
2024.01.22	00:00:00	2027.63	2032.18	2025.50	2027.01	8756	0	6
2024.01.22	04:00:00	2027.02	2027.18	2019.19	2021.85	13073	0	1
2024.01.22	08:00:00	2021.75	2026.59	2020.46	2026.18	18658	0	0
2024.01.22	12:00:00	2026.17	2030.17	2016.63	2024.11	27148	0	1
2024.01.22	16:00:00	2024.16	2024.62	2019.16	2021.07	15901	0	5
2024.01.22	20:00:00	2021.08	2021.99	2019.28	2020.78	5061	0	0
2024.01.23	00:00:00	2020.81	2027.95	2019.64	2027.48	13497	0	0
2024.01.23	04:00:00	2027.38	2037.88	2026.77	2031.68	17239	0	0
2024.01.23	08:00:00	2031.67	2031.75	2022.48	2023.97	17383	0	0
2024.01.23	12:00:00	2024.00	2030.30	2021.46	2025.16	25223	0	2
2024.01.23	16:00:00	2025.17	2030.70	2022.66	2029.93	17350	0	3
2024.01.23	20:00:00	2029.94	2030.32	2027.39	2029.39	6159	0	0
2024.01.24	00:00:00	2029.37	2029.37	2023.79	2024.83	11058	0	0
2024.01.24	04:00:00	2024.80	2031.59	2022.86	2029.61	12492	0	0
2024.01.24	08:00:00	2029.60	2034.31	2028.24	2033.51	18499	0	2
2024.01.24	12:00:00	2033.47	2036.71	2014.96	2015.29	30219	0	0
2024.01.24	16:00:00	2015.31	2019.85	2011.27	2012.21	23001	0	0
2024.01.24	20:00:00	2012.22	2017.69	2011.84	2016.39	8044	0	0
2024.01.25	00:00:00	2016.42	2017.32	2014.57	2015.84	11694	0	1
2024.01.25	04:00:00	2015.82	2018.34	2013.63	2015.86	11543	0	1
2024.01.25	08:00:00	2015.85	2019.58	2012.74	2017.56	19427	0	1
2024.01.25	12:00:00	2017.57	2025.19	2010.07	2020.33	38655	0	0
2024.01.25	16:00:00	2020.28	2021.63	2012.56	2017.78	22616	0	3
2024.01.25	20:00:00	2017.79	2021.95	2016.93	2020.68	6253	0	0
2024.01.26	00:00:00	2020.76	2024.23	2019.38	2021.90	11873	0	1
2024.01.26	04:00:00	2021.89	2023.52	2019.86	2021.39	10651	0	3
2024.01.26	08:00:00	2021.35	2024.69	2018.27	2023.45	18163	0	2
2024.01.26	12:00:00	2023.43	2026.82	2016.17	2017.10	32294	0	0
2024.01.26	16:00:00	2017.06	2019.47	2015.97	2017.08	18839	0	5
2024.01.26	20:00:00	2017.10	2019.32	2016.49	2018.48	3687	0	1
2024.01.28	20:00:00	2023.91	2028.66	2021.34	2021.91	4063	0	0
2024.01.29	00:00:00	2021.96	2026.38	2019.35	2025.67	14704	0	1
2024.01.29	04:00:00	2025.70	2033.88	2024.74	2031.39	13319	0	0
2024.01.29	08:00:00	2031.38	2033.62	2025.54	2028.20	17483	0	3
2024.01.29	12:00:00	2028.21	2037.64	2020.60	2025.50	29283	0	6
2024.01.29	16:00:00	2025.45	2031.15	2024.08	2026.98	18525	0	6
2024.01.29	20:00:00	2027.10	2035.28	2027.10	2031.14	10126	0	6
2024.01.30	00:00:00	2031.11	2034.14	2029.87	2032.11	11723	0	6
2024.01.30	04:00:00	2032.12	2040.39	2031.91	2037.94	5857	0	6
2024.01.30	08:00:00	2037.99	2039.45	2031.52	2034.40	18129	0	6
2024.01.30	12:00:00	2034.36	2048.62	2029.11	2032.65	35042	0	6
2024.01.30	16:00:00	2032.69	2037.08	2031.53	2036.13	22900	0	6
2024.01.30	20:00:00	2036.11	2036.99	2035.34	2036.49	5847	0	6
2024.01.31	00:00:00	2036.47	2038.68	2032.93	2033.94	12274	0	6
2024.01.31	04:00:00	2033.93	2038.64	2033.28	2036.63	11038	0	6
2024.01.31	08:00:00	2036.58	2040.48	2036.20	2037.32	18292	0	6
2024.01.31	12:00:00	2037.33	2056.00	2036.06	2052.31	36985	0	6
2024.01.31	16:00:00	2052.30	2053.68	2039.39	2044.94	35951	0	6
2024.01.31	20:00:00	2044.93	2045.87	2031.00	2039.97	19572	0	6
2024.02.01	00:00:00	2039.99	2049.59	2039.28	2046.33	15738	0	6
2024.02.01	04:00:00	2046.35	2046.66	2041.19	2042.93	13642	0	6
2024.02.01	08:00:00	2042.90	2042.90	2030.12	2033.48	23616	0	6
2024.02.01	12:00:00	2033.38	2053.03	2030.23	2051.94	42264	0	6
2024.02.01	16:00:00	2051.89	2065.43	2051.31	2054.84	37142	0	6
2024.02.01	20:00:00	2054.80	2056.31	2053.51	2054.90	7670	0	6
2024.02.02	00:00:00	2054.89	2056.88	2051.98	2054.65	12733	0	6
2024.02.02	04:00:00	2054.64	2056.95	2054.13	2055.06	13527	0	6
2024.02.02	08:00:00	2055.07	2056.83	2052.71	2056.13	17243	0	6
2024.02.02	12:00:00	2056.15	2057.66	2027.90	2035.08	40231	0	6
2024.02.02	16:00:00	2035.06	2038.78	2033.20	2038.18	22429	0	6
2024.02.02	20:00:00	2038.21	2039.84	2036.06	2039.67	5281	0	6
2024.02.04	20:00:00	2041.84	2042.28	2039.22	2039.29	2727	0	6
2024.02.05	00:00:00	2039.30	2039.88	2030.44	2032.30	20659	0	6
2024.02.05	04:00:00	2032.28	2033.41	2026.92	2027.59	15706	0	6
2024.02.05	08:00:00	2027.61	2028.41	2020.71	2027.65	22356	0	6
2024.02.05	12:00:00	2027.72	2028.10	2014.92	2017.86	35595	0	6
2024.02.05	16:00:00	2017.84	2027.57	2017.82	2026.03	22653	0	6
2024.02.05	20:00:00	2026.00	2026.42	2023.78	2025.14	6561	0	6
2024.02.06	00:00:00	2025.13	2028.64	2023.52	2023.96	12245	0	6
2024.02.06	04:00:00	2023.97	2029.84	2023.62	2026.32	13338	0	6
2024.02.06	08:00:00	2026.33	2027.57	2022.96	2026.79	14074	0	6
2024.02.06	12:00:00	2026.76	2038.11	2024.58	2036.37	33044	0	6
2024.02.06	16:00:00	2036.28	2038.91	2032.11	2036.04	25341	0	6
2024.02.06	20:00:00	2036.12	2037.04	2034.57	2035.29	5632	0	6
2024.02.07	00:00:00	2035.27	2036.19	2034.08	2034.45	9834	0	6
2024.02.07	04:00:00	2034.44	2036.19	2032.48	2035.22	9893	0	6
2024.02.07	08:00:00	2035.25	2035.81	2031.24	2034.15	17599	0	6
2024.02.07	12:00:00	2034.14	2044.58	2030.63	2038.39	33817	0	6
2024.02.07	16:00:00	2038.37	2040.95	2034.05	2035.64	22823	0	6
2024.02.07	20:00:00	2035.63	2036.63	2033.76	2036.52	5221	0	6
2024.02.08	00:00:00	2036.51	2038.71	2031.83	2032.84	10983	0	6
2024.02.08	04:00:00	2032.83	2035.12	2031.22	2032.90	11025	0	6
2024.02.08	08:00:00	2032.94	2038.50	2027.92	2029.08	21065	0	6
2024.02.08	12:00:00	2029.09	2034.01	2020.21	2031.98	36738	0	6
2024.02.08	16:00:00	2031.97	2035.37	2027.74	2032.61	23119	0	6
2024.02.08	20:00:00	2032.65	2034.97	2032.63	2034.31	4998	0	6
2024.02.09	00:00:00	2034.23	2035.15	2032.00	2033.60	8296	0	6
2024.02.09	04:00:00	2033.63	2034.99	2032.20	2033.63	7951	0	6
2024.02.09	08:00:00	2033.67	2034.16	2030.56	2031.59	17216	0	6
2024.02.09	12:00:00	2031.58	2037.11	2021.92	2022.54	36105	0	6
2024.02.09	16:00:00	2022.57	2026.35	2020.34	2024.81	19343	0	6
2024.02.09	20:00:00	2024.80	2026.30	2023.91	2024.59	4607	0	6
2024.02.11	20:00:00	2026.33	2026.79	2024.45	2025.46	1504	0	6
2024.02.12	00:00:00	2025.49	2026.61	2021.91	2022.91	6545	0	6
2024.02.12	04:00:00	2022.90	2026.46	2022.62	2025.59	6809	0	6
2024.02.12	08:00:00	2025.58	2027.30	2020.04	2021.76	16481	0	6
2024.02.12	12:00:00	2021.77	2027.52	2012.15	2013.19	30012	0	6
2024.02.12	16:00:00	2013.21	2021.61	2011.92	2019.19	22009	0	6
2024.02.12	20:00:00	2019.11	2020.57	2018.73	2018.95	4900	0	6
2024.02.13	00:00:00	2018.94	2021.25	2016.93	2018.59	6326	0	6
2024.02.13	04:00:00	2018.58	2025.84	2018.41	2025.28	8527	0	6
2024.02.13	08:00:00	2025.30	2029.33	2024.53	2027.74	15609	0	6
2024.02.13	12:00:00	2027.80	2032.42	1990.19	1992.30	39903	0	6
2024.02.13	16:00:00	1992.29	1997.90	1991.29	1991.80	23394	0	6
2024.02.13	20:00:00	1991.77	1993.72	1990.79	1991.51	6193	0	6
2024.02.14	00:00:00	1991.48	1993.65	1988.90	1992.47	10463	0	6
2024.02.14	04:00:00	1992.46	1993.37	1989.42	1989.49	9643	0	6
2024.02.14	08:00:00	1989.52	1993.41	1986.05	1992.32	20480	0	6
2024.02.14	12:00:00	1992.31	1993.29	1984.30	1987.93	33432	0	6
2024.02.14	16:00:00	1987.94	1996.15	1987.53	1991.80	25666	0	6
2024.02.14	20:00:00	1991.81	1993.89	1989.70	1993.77	5686	0	6
2024.02.15	00:00:00	1993.80	1994.39	1990.27	1990.83	8613	0	6
2024.02.15	04:00:00	1990.82	1994.72	1990.49	1993.88	8633	0	6
2024.02.15	08:00:00	1993.87	1998.16	1993.53	1997.56	16874	0	6
2024.02.15	12:00:00	1997.54	2008.29	1995.85	2000.82	36874	0	6
2024.02.15	16:00:00	2000.81	2006.50	1998.54	2005.14	23912	0	6
2024.02.15	20:00:00	2005.15	2005.16	2003.48	2003.49	5256	0	6
2024.02.16	00:00:00	2003.57	2005.68	2002.43	2004.34	7856	0	6
2024.02.16	04:00:00	2004.33	2006.50	2002.77	2005.18	8841	0	6
2024.02.16	08:00:00	2005.25	2007.86	2003.92	2007.31	14595	0	6
2024.02.16	12:00:00	2007.30	2011.08	1995.15	2007.97	36537	0	6
2024.02.16	16:00:00	2007.93	2015.19	2007.27	2012.68	23707	0	6
2024.02.16	20:00:00	2012.66	2014.04	2011.28	2013.24	4869	0	6
2024.02.18	20:00:00	2011.87	2016.36	2011.17	2014.01	1962	0	6
2024.02.19	00:00:00	2013.96	2022.90	2013.96	2019.93	13961	0	6
2024.02.19	04:00:00	2019.94	2023.04	2018.36	2021.01	9471	0	6
2024.02.19	08:00:00	2020.99	2021.25	2018.23	2018.38	14273	0	6
2024.02.19	12:00:00	2018.37	2019.34	2014.87	2014.96	17054	0	6
2024.02.19	16:00:00	2014.98	2018.58	2013.31	2017.99	6302	0	6
2024.02.19	20:00:00	2017.19	2017.30	2015.86	2016.24	1241	0	6
2024.02.20	00:00:00	2016.26	2019.22	2015.06	2018.34	11731	0	6
2024.02.20	04:00:00	2018.33	2022.88	2017.79	2021.54	11215	0	6
2024.02.20	08:00:00	2021.52	2027.60	2020.81	2026.92	22022	0	6
2024.02.20	12:00:00	2026.93	2030.89	2025.50	2027.51	28108	0	6
2024.02.20	16:00:00	2027.52	2028.94	2024.82	2025.14	13520	0	6
2024.02.20	20:00:00	2025.18	2025.21	2023.62	2024.28	5142	0	6
2024.02.21	00:00:00	2024.30	2030.91	2022.99	2030.56	11867	0	6
2024.02.21	04:00:00	2030.55	2032.29	2028.44	2028.91	11363	0	6
2024.02.21	08:00:00	2028.90	2030.21	2026.01	2028.31	17053	0	6
2024.02.21	12:00:00	2028.30	2031.58	2024.10	2024.21	27962	0	6
2024.02.21	16:00:00	2024.27	2026.55	2020.10	2026.06	26039	0	6
2024.02.21	20:00:00	2026.02	2027.05	2023.99	2025.76	8374	0	6
2024.02.22	00:00:00	2025.72	2028.61	2025.12	2026.34	10749	0	6
2024.02.22	04:00:00	2026.35	2032.06	2025.57	2031.50	11187	0	6
2024.02.22	08:00:00	2031.51	2034.90	2027.36	2029.03	20114	0	6
2024.02.22	12:00:00	2029.02	2029.92	2020.23	2023.39	33015	0	6
2024.02.22	16:00:00	2023.40	2024.73	2019.68	2023.09	21390	0	6
2024.02.22	20:00:00	2023.10	2026.10	2022.59	2024.79	6620	0	6
2024.02.23	00:00:00	2024.81	2027.41	2022.84	2025.76	9396	0	6
2024.02.23	04:00:00	2025.77	2026.52	2018.21	2021.90	9656	0	6
2024.02.23	08:00:00	2021.96	2023.99	2016.08	2023.92	18584	0	6
2024.02.23	12:00:00	2023.91	2031.14	2023.15	2030.21	30742	0	6
2024.02.23	16:00:00	2030.22	2041.38	2030.22	2037.36	22917	0	6
2024.02.23	20:00:00	2037.40	2037.54	2035.18	2035.54	4459	0	6
2024.02.25	20:00:00	2033.26	2035.01	2033.26	2034.06	1345	0	6
2024.02.26	00:00:00	2034.05	2034.08	2029.97	2032.56	11007	0	6
2024.02.26	04:00:00	2032.54	2035.32	2031.92	2035.10	9129	0	6
2024.02.26	08:00:00	2035.02	2037.06	2030.90	2030.94	18336	0	6
2024.02.26	12:00:00	2030.96	2034.45	2025.13	2029.18	26083	0	6
2024.02.26	16:00:00	2029.21	2030.31	2026.56	2029.76	18050	0	6
2024.02.26	20:00:00	2029.75	2033.66	2029.73	2031.31	5678	0	6
2024.02.27	00:00:00	2031.30	2034.55	2031.09	2033.47	7311	0	6
2024.02.27	04:00:00	2033.46	2036.28	2032.86	2035.46	8417	0	6
2024.02.27	08:00:00	2035.47	2039.49	2034.67	2038.27	16785	0	6
2024.02.27	12:00:00	2038.26	2039.13	2033.13	2033.78	26416	0	6
2024.02.27	16:00:00	2033.80	2036.13	2029.45	2030.27	20128	0	6
2024.02.27	20:00:00	2030.28	2030.93	2028.81	2030.11	4137	0	6
2024.02.28	00:00:00	2030.14	2033.75	2029.20	2030.94	9634	0	6
2024.02.28	04:00:00	2030.95	2032.10	2027.89	2028.11	9282	0	6
2024.02.28	08:00:00	2028.10	2029.30	2024.56	2027.32	18373	0	6
2024.02.28	12:00:00	2027.30	2037.88	2026.98	2031.85	28464	0	6
2024.02.28	16:00:00	2031.84	2035.65	2030.88	2032.22	16658	0	6
2024.02.28	20:00:00	2032.23	2035.36	2032.15	2034.70	5058	0	6
2024.02.29	00:00:00	2034.74	2037.08	2033.99	2036.61	8790	0	6
2024.02.29	04:00:00	2036.58	2037.87	2034.46	2037.34	8937	0	6
2024.02.29	08:00:00	2037.35	2037.50	2028.89	2030.35	17461	0	6
2024.02.29	12:00:00	2030.34	2050.76	2028.14	2048.16	33625	0	6
2024.02.29	16:00:00	2048.21	2048.41	2043.37	2044.51	21887	0	6
2024.02.29	20:00:00	2044.52	2045.50	2042.91	2044.35	5547	0	6
2024.03.01	00:00:00	2044.31	2046.88	2042.90	2046.59	8100	0	6
2024.03.01	04:00:00	2046.57	2048.85	2043.47	2045.42	8529	0	6
2024.03.01	08:00:00	2045.49	2057.51	2039.08	2055.43	24421	0	6
2024.03.01	12:00:00	2055.46	2070.98	2045.63	2069.30	35304	0	6
2024.03.01	16:00:00	2069.32	2088.34	2069.31	2085.27	30978	0	6
2024.03.01	20:00:00	2085.25	2085.38	2082.85	2082.95	5850	0	6
2024.03.03	20:00:00	2082.82	2086.25	2082.72	2083.60	2889	0	6
2024.03.04	00:00:00	2083.61	2084.43	2079.48	2081.48	12227	0	6
2024.03.04	04:00:00	2081.47	2088.30	2080.33	2087.45	9209	0	6
2024.03.04	08:00:00	2087.42	2087.55	2081.91	2082.15	17907	0	6
2024.03.04	12:00:00	2082.13	2109.41	2081.18	2109.17	32849	0	6
2024.03.04	16:00:00	2109.10	2119.93	2107.79	2116.33	30327	0	6
2024.03.04	20:00:00	2116.35	2118.57	2113.72	2114.64	6858	0	6
2024.03.05	00:00:00	2114.63	2116.88	2110.51	2113.03	12433	0	6
2024.03.05	04:00:00	2113.05	2119.76	2112.68	2114.49	13661	0	6
2024.03.05	08:00:00	2114.50	2127.35	2114.50	2124.50	24229	0	6
2024.03.05	12:00:00	2124.55	2141.77	2121.23	2126.66	43972	0	6
2024.03.05	16:00:00	2126.65	2134.75	2123.72	2129.62	27293	0	6
2024.03.05	20:00:00	2129.65	2130.98	2127.07	2128.09	7778	0	6
2024.03.06	00:00:00	2128.11	2128.19	2123.77	2124.84	12395	0	6
2024.03.06	04:00:00	2124.85	2131.59	2124.83	2128.53	10750	0	6
2024.03.06	08:00:00	2128.50	2132.62	2124.38	2132.57	21825	0	6
2024.03.06	12:00:00	2132.60	2149.25	2131.11	2141.05	41306	0	6
2024.03.06	16:00:00	2141.01	2152.24	2139.51	2144.45	34946	0	6
2024.03.06	20:00:00	2144.43	2151.33	2143.27	2147.40	8335	0	6
2024.03.07	00:00:00	2147.39	2152.48	2144.25	2151.79	17079	0	6
2024.03.07	04:00:00	2151.77	2161.47	2151.68	2156.06	22293	0	6
2024.03.07	08:00:00	2156.14	2159.87	2153.33	2156.09	21851	0	6
2024.03.07	12:00:00	2156.08	2164.77	2148.00	2153.73	37166	0	6
2024.03.07	16:00:00	2153.74	2160.90	2149.31	2160.08	22742	0	6
2024.03.07	20:00:00	2160.05	2162.62	2158.04	2162.00	6645	0	6
2024.03.08	00:00:00	2161.99	2163.62	2154.05	2157.68	13369	0	6
2024.03.08	04:00:00	2157.64	2162.09	2156.40	2161.41	13329	0	6
2024.03.08	08:00:00	2161.39	2171.08	2161.17	2168.33	18462	0	6
2024.03.08	12:00:00	2168.35	2185.44	2156.57	2177.25	41127	0	6
2024.03.08	16:00:00	2177.26	2195.17	2168.34	2176.42	37157	0	6
2024.03.08	20:00:00	2176.47	2179.14	2175.75	2179.14	5883	0	6
2024.03.10	20:00:00	2178.24	2183.90	2178.24	2181.67	3118	0	6
2024.03.11	00:00:00	2181.72	2189.02	2176.90	2179.56	17612	0	6
2024.03.11	04:00:00	2179.53	2182.77	2176.92	2182.33	14003	0	6
2024.03.11	08:00:00	2182.32	2183.12	2176.03	2178.99	20342	0	6
2024.03.11	12:00:00	2179.00	2185.71	2174.91	2184.37	33828	0	6
2024.03.11	16:00:00	2184.36	2184.74	2177.23	2181.39	19499	0	6
2024.03.11	20:00:00	2181.40	2184.79	2180.83	2183.68	5282	0	6
2024.03.12	00:00:00	2183.69	2184.55	2176.87	2177.52	13025	0	6
2024.03.12	04:00:00	2177.50	2179.26	2173.73	2177.03	13831	0	6
2024.03.12	08:00:00	2177.00	2179.10	2170.64	2171.96	18083	0	6
2024.03.12	12:00:00	2171.95	2182.04	2152.68	2163.03	46632	0	6
2024.03.12	16:00:00	2163.04	2166.50	2150.65	2157.40	23856	0	6
2024.03.12	20:00:00	2157.41	2161.47	2155.82	2157.02	7030	0	6
2024.03.13	00:00:00	2157.03	2161.60	2156.68	2159.17	13007	0	6
2024.03.13	04:00:00	2159.15	2161.51	2157.25	2159.79	12957	0	6
2024.03.13	08:00:00	2159.82	2164.21	2157.56	2164.02	17755	0	6
2024.03.13	12:00:00	2164.06	2174.56	2161.52	2171.77	35930	0	6
2024.03.13	16:00:00	2171.76	2179.87	2169.63	2172.61	23535	0	6
2024.03.13	20:00:00	2172.63	2176.24	2172.41	2175.51	4793	0	6
2024.03.14	00:00:00	2175.49	2177.00	2171.20	2172.29	13385	0	6
2024.03.14	04:00:00	2172.30	2172.52	2167.48	2168.72	13477	0	6
2024.03.14	08:00:00	2168.68	2172.03	2167.21	2168.55	15803	0	6
2024.03.14	12:00:00	2168.56	2170.39	2152.85	2157.26	42083	0	6
2024.03.14	16:00:00	2157.21	2165.07	2156.74	2163.49	19867	0	6
2024.03.14	20:00:00	2163.48	2163.87	2160.91	2161.65	3090	0	6
2024.03.15	00:00:00	2161.64	2165.98	2160.63	2164.65	11224	0	6
2024.03.15	04:00:00	2164.66	2170.11	2163.58	2167.07	14930	0	6
2024.03.15	08:00:00	2167.04	2172.75	2165.35	2167.01	18621	0	6
2024.03.15	12:00:00	2167.00	2167.37	2156.56	2160.05	37119	0	6
2024.03.15	16:00:00	2160.00	2163.50	2155.23	2156.93	18317	0	6
2024.03.15	20:00:00	2156.96	2158.35	2155.52	2155.76	1385	0	6
2024.03.17	20:00:00	2153.18	2156.94	2153.18	2156.60	4309	0	6
2024.03.18	00:00:00	2156.58	2157.55	2146.14	2146.80	16733	0	6
2024.03.18	04:00:00	2146.78	2152.25	2146.14	2152.22	12129	0	6
2024.03.18	08:00:00	2152.05	2161.29	2150.20	2161.09	21188	0	6
2024.03.18	12:00:00	2161.08	2163.63	2155.57	2158.40	30835	0	6
2024.03.18	16:00:00	2158.41	2161.21	2154.64	2160.22	16850	0	6
2024.03.18	20:00:00	2160.28	2162.64	2159.44	2162.16	3700	0	6
2024.03.19	00:00:00	2162.19	2162.89	2158.61	2161.59	14025	0	6
2024.03.19	04:00:00	2161.58	2162.19	2154.09	2155.81	17049	0	6
2024.03.19	08:00:00	2155.84	2156.74	2147.18	2155.66	23872	0	6
2024.03.19	12:00:00	2155.67	2158.69	2148.43	2154.30	29678	0	6
2024.03.19	16:00:00	2154.36	2157.96	2153.12	2157.82	15748	0	6
2024.03.19	20:00:00	2157.83	2159.69	2157.00	2157.09	3096	0	6
2024.03.20	00:00:00	2157.11	2160.06	2155.25	2159.89	8970	0	6
2024.03.20	04:00:00	2159.94	2160.22	2156.49	2158.28	10938	0	6
2024.03.20	08:00:00	2158.26	2158.39	2152.33	2153.99	15934	0	6
2024.03.20	12:00:00	2154.01	2164.91	2149.63	2155.91	29021	0	6
2024.03.20	16:00:00	2155.92	2188.85	2155.62	2182.84	35896	0	6
2024.03.20	20:00:00	2182.85	2222.90	2182.85	2204.00	16717	0	6
2024.03.21	00:00:00	2204.01	2212.47	2192.53	2202.82	25671	0	6
2024.03.21	04:00:00	2202.95	2210.23	2201.88	2206.57	18416	0	6
2024.03.21	08:00:00	2206.58	2211.79	2196.90	2207.56	30035	0	6
2024.03.21	12:00:00	2207.55	2208.88	2166.45	2174.71	45330	0	6
2024.03.21	16:00:00	2174.72	2184.02	2173.08	2181.50	21622	0	6
2024.03.21	20:00:00	2181.54	2182.63	2180.61	2181.83	2883	0	6
2024.03.22	00:00:00	2181.80	2186.10	2171.82	2173.81	19747	0	6
2024.03.22	04:00:00	2173.82	2176.29	2162.63	2168.48	18573	0	6
2024.03.22	08:00:00	2168.39	2170.14	2164.98	2166.11	23136	0	6
2024.03.22	12:00:00	2166.14	2180.16	2165.51	2166.18	36494	0	6
2024.03.22	16:00:00	2166.17	2167.56	2157.19	2164.02	20790	0	6
2024.03.22	20:00:00	2164.04	2167.27	2163.64	2165.15	2500	0	6
2024.03.24	20:00:00	2166.42	2168.95	2165.25	2168.41	4505	0	6
2024.03.25	00:00:00	2168.44	2178.36	2164.04	2170.62	21982	0	6
2024.03.25	04:00:00	2170.64	2171.69	2163.60	2165.93	16163	0	6
2024.03.25	08:00:00	2165.79	2171.90	2163.88	2170.53	20742	0	6
2024.03.25	12:00:00	2170.52	2181.34	2170.38	2175.49	29632	0	6
2024.03.25	16:00:00	2175.45	2177.91	2170.75	2170.99	16131	0	6
2024.03.25	20:00:00	2171.00	2173.58	2170.76	2172.99	5212	0	6
2024.03.26	00:00:00	2172.98	2174.50	2167.65	2170.37	16545	0	6
2024.03.26	04:00:00	2170.36	2174.25	2169.64	2173.05	13680	0	6
2024.03.26	08:00:00	2173.04	2200.13	2171.61	2196.51	27827	0	6
2024.03.26	12:00:00	2196.52	2197.35	2171.75	2174.34	37004	0	6
2024.03.26	16:00:00	2174.36	2179.23	2174.33	2177.95	18992	0	6
2024.03.26	20:00:00	2177.96	2180.00	2174.73	2179.52	4524	0	6
2024.03.27	00:00:00	2179.53	2181.76	2173.48	2177.79	13983	0	6
2024.03.27	04:00:00	2177.78	2180.83	2175.80	2180.57	11199	0	6
2024.03.27	08:00:00	2180.61	2197.64	2176.56	2188.50	24940	0	6
2024.03.27	12:00:00	2188.40	2195.24	2183.60	2190.51	32237	0	6
2024.03.27	16:00:00	2190.50	2194.31	2189.10	2193.46	17875	0	6
2024.03.27	20:00:00	2193.77	2195.25	2190.25	2190.75	6034	0	6
2024.03.28	00:00:00	2190.79	2196.49	2187.41	2194.85	16228	0	6
2024.03.28	04:00:00	2194.83	2200.69	2192.73	2193.78	15214	0	6
2024.03.28	08:00:00	2193.65	2213.76	2190.89	2210.46	26687	0	6
2024.03.28	12:00:00	2210.41	2217.12	2202.31	2215.94	42240	0	6
2024.03.28	16:00:00	2215.95	2225.53	2213.50	2221.81	26035	0	6
2024.03.28	20:00:00	2221.83	2236.26	2219.66	2232.86	3370	0	6
2024.03.31	20:00:00	2240.22	2247.41	2235.73	2246.10	9676	0	6
2024.04.01	00:00:00	2246.23	2265.19	2243.96	2264.49	24971	0	6
2024.04.01	04:00:00	2264.50	2265.75	2256.94	2257.55	16070	0	6
2024.04.01	08:00:00	2257.51	2260.23	2245.61	2246.86	16877	0	6
2024.04.01	12:00:00	2246.95	2257.91	2228.54	2239.80	40300	0	6
2024.04.01	16:00:00	2239.58	2244.73	2234.81	2244.73	17853	0	6
2024.04.01	20:00:00	2244.70	2255.90	2243.09	2249.05	8188	0	6
2024.04.02	00:00:00	2249.03	2255.33	2246.75	2251.64	20242	0	6
2024.04.02	04:00:00	2251.70	2259.87	2250.49	2256.45	18101	0	6
2024.04.02	08:00:00	2256.44	2266.83	2255.38	2260.66	27221	0	6
2024.04.02	12:00:00	2260.67	2277.02	2250.85	2258.63	46062	0	6
2024.04.02	16:00:00	2258.67	2279.35	2254.27	2277.46	28882	0	6
2024.04.02	20:00:00	2277.49	2283.64	2275.80	2280.01	5577	0	6
2024.04.03	00:00:00	2279.87	2288.03	2276.80	2285.11	21048	0	6
2024.04.03	04:00:00	2285.15	2287.07	2270.50	2271.19	21409	0	6
2024.04.03	08:00:00	2271.11	2276.09	2267.71	2273.80	25595	0	6
2024.04.03	12:00:00	2273.82	2288.32	2265.45	2286.33	45376	0	6
2024.04.03	16:00:00	2286.34	2298.89	2280.89	2297.55	30151	0	6
2024.04.03	20:00:00	2297.60	2301.61	2296.39	2297.58	5677	0	6
2024.04.04	00:00:00	2297.60	2304.87	2297.38	2299.18	15764	0	6
2024.04.04	04:00:00	2299.20	2300.72	2291.90	2293.03	16818	0	6
2024.04.04	08:00:00	2293.06	2295.21	2288.86	2289.33	21401	0	6
2024.04.04	12:00:00	2289.37	2299.41	2282.95	2292.12	40229	0	6
2024.04.04	16:00:00	2292.06	2305.62	2280.09	2285.08	34604	0	6
2024.04.04	20:00:00	2284.97	2291.71	2284.93	2288.79	5901	0	6
2024.04.05	00:00:00	2288.88	2290.38	2267.83	2276.77	23254	0	6
2024.04.05	04:00:00	2276.75	2290.65	2276.61	2289.21	21097	0	6
2024.04.05	08:00:00	2289.23	2296.18	2284.91	2291.21	24169	0	6
2024.04.05	12:00:00	2291.20	2328.43	2280.44	2326.26	51766	0	6
2024.04.05	16:00:00	2326.28	2330.44	2320.79	2323.34	25983	0	6
2024.04.05	20:00:00	2323.25	2330.00	2322.89	2329.70	2647	0	6
2024.04.07	20:00:00	2310.92	2314.42	2309.42	2311.29	4617	0	6
2024.04.08	00:00:00	2311.35	2354.02	2302.98	2345.65	35910	0	6
2024.04.08	04:00:00	2345.66	2345.71	2331.86	2337.86	27487	0	6
2024.04.08	08:00:00	2337.81	2343.60	2333.39	2337.42	28603	0	6
2024.04.08	12:00:00	2337.36	2338.05	2318.77	2327.93	47184	0	6
2024.04.08	16:00:00	2328.03	2342.10	2326.12	2338.45	25370	0	6
2024.04.08	20:00:00	2338.57	2340.46	2337.77	2338.85	3377	0	6
2024.04.09	00:00:00	2338.84	2348.47	2337.90	2344.02	22892	0	6
2024.04.09	04:00:00	2344.03	2356.98	2343.12	2353.98	22377	0	6
2024.04.09	08:00:00	2354.02	2365.37	2349.66	2354.55	32212	0	6
2024.04.09	12:00:00	2354.59	2364.27	2338.29	2340.41	49080	0	6
2024.04.09	16:00:00	2340.40	2351.60	2340.12	2351.22	28880	0	6
2024.04.09	20:00:00	2351.23	2355.01	2350.75	2354.97	3940	0	6
2024.04.10	00:00:00	2354.87	2355.60	2344.81	2351.36	18633	0	6
2024.04.10	04:00:00	2351.35	2360.09	2350.94	2353.12	22337	0	6
2024.04.10	08:00:00	2353.20	2355.96	2344.86	2347.08	24230	0	6
2024.04.10	12:00:00	2347.11	2352.40	2319.43	2337.11	54634	0	6
2024.04.10	16:00:00	2336.97	2345.15	2325.88	2329.68	36976	0	6
2024.04.10	20:00:00	2329.66	2337.32	2329.62	2335.59	4534	0	6
2024.04.11	00:00:00	2335.66	2346.92	2333.39	2343.99	21635	0	6
2024.04.11	04:00:00	2343.90	2346.12	2333.91	2336.48	25687	0	6
2024.04.11	08:00:00	2336.56	2339.69	2325.84	2337.29	30083	0	6
2024.04.11	12:00:00	2337.25	2347.48	2331.81	2344.74	48499	0	6
2024.04.11	16:00:00	2344.80	2374.67	2342.75	2372.85	32823	0	6
2024.04.11	20:00:00	2372.95	2377.71	2371.48	2376.91	7104	0	6
2024.04.12	00:00:00	2377.06	2395.45	2374.65	2384.26	29605	0	6
2024.04.12	04:00:00	2384.25	2400.29	2382.80	2400.00	26689	0	6
2024.04.12	08:00:00	2399.99	2400.68	2390.46	2395.43	31476	0	6
2024.04.12	12:00:00	2395.42	2431.52	2382.51	2395.61	56319	0	6
2024.04.12	16:00:00	2395.52	2395.52	2333.88	2343.35	45454	0	6
2024.04.12	20:00:00	2343.38	2345.13	2341.83	2344.17	3045	0	6
2024.04.14	20:00:00	2358.78	2365.51	2356.82	2364.75	4354	0	6
2024.04.15	00:00:00	2364.77	2365.97	2348.57	2358.61	30652	0	6
2024.04.15	04:00:00	2358.54	2362.49	2350.08	2353.16	27587	0	6
2024.04.15	08:00:00	2353.13	2361.28	2344.85	2358.08	29184	0	6
2024.04.15	12:00:00	2358.09	2361.13	2324.47	2351.63	50686	0	6
2024.04.15	16:00:00	2351.69	2387.60	2346.24	2386.43	39386	0	6
2024.04.15	20:00:00	2386.46	2387.29	2380.11	2381.98	5214	0	6
2024.04.16	00:00:00	2381.99	2389.37	2379.38	2388.10	25182	0	6
2024.04.16	04:00:00	2387.99	2389.10	2363.05	2365.57	28372	0	6
2024.04.16	08:00:00	2365.58	2375.36	2365.20	2374.07	29334	0	6
2024.04.16	12:00:00	2374.08	2393.00	2363.59	2386.18	50349	0	6
2024.04.16	16:00:00	2386.10	2398.30	2379.85	2389.78	38549	0	6
2024.04.16	20:00:00	2389.77	2390.38	2378.56	2382.75	5407	0	6
2024.04.17	00:00:00	2382.82	2386.29	2380.80	2381.79	20380	0	6
2024.04.17	04:00:00	2381.77	2383.31	2372.78	2382.59	23884	0	6
2024.04.17	08:00:00	2382.58	2394.34	2382.58	2387.39	27602	0	6
2024.04.17	12:00:00	2387.51	2395.61	2378.39	2382.27	46984	0	6
2024.04.17	16:00:00	2382.24	2384.45	2361.15	2372.68	38495	0	6
2024.04.17	20:00:00	2372.70	2373.30	2354.54	2367.96	5122	0	6
2024.04.18	00:00:00	2367.97	2375.33	2364.13	2374.86	21860	0	6
2024.04.18	04:00:00	2374.83	2381.02	2373.20	2377.83	22785	0	6
2024.04.18	08:00:00	2377.89	2385.43	2377.31	2380.99	22726	0	6
2024.04.18	12:00:00	2380.98	2392.80	2369.67	2384.16	48840	0	6
2024.04.18	16:00:00	2384.15	2389.35	2378.20	2380.19	27646	0	6
2024.04.18	20:00:00	2380.20	2381.50	2377.05	2379.93	3264	0	6
2024.04.19	00:00:00	2379.83	2417.86	2373.82	2391.39	43278	0	6
2024.04.19	04:00:00	2391.41	2393.91	2378.74	2385.42	31271	0	6
2024.04.19	08:00:00	2385.41	2386.39	2372.95	2376.82	29229	0	6
2024.04.19	12:00:00	2376.85	2396.08	2373.12	2394.91	43813	0	6
2024.04.19	16:00:00	2394.89	2401.97	2386.70	2387.62	25342	0	6
2024.04.19	20:00:00	2387.64	2392.24	2386.73	2392.24	2436	0	6
2024.04.21	20:00:00	2385.61	2387.87	2385.19	2386.57	2958	0	6
2024.04.22	00:00:00	2386.48	2386.48	2362.11	2369.41	25750	0	6
2024.04.22	04:00:00	2369.48	2372.95	2351.60	2361.05	30383	0	6
2024.04.22	08:00:00	2361.04	2363.69	2339.51	2342.19	25806	0	6
2024.04.22	12:00:00	2342.06	2350.36	2331.15	2334.77	40900	0	6
2024.04.22	16:00:00	2334.79	2336.47	2324.85	2329.31	17824	0	6
2024.04.22	20:00:00	2329.30	2333.98	2325.35	2333.86	4068	0	6
2024.04.23	00:00:00	2333.77	2334.47	2295.66	2302.61	30431	0	6
2024.04.23	04:00:00	2302.66	2314.78	2298.92	2309.11	26745	0	6
2024.04.23	08:00:00	2309.15	2309.74	2291.53	2302.18	26259	0	6
2024.04.23	12:00:00	2302.19	2332.13	2301.31	2323.25	45286	0	6
2024.04.23	16:00:00	2323.27	2331.37	2321.33	2322.31	22439	0	6
2024.04.23	20:00:00	2322.36	2324.35	2321.48	2323.35	3005	0	6
2024.04.24	00:00:00	2323.34	2328.21	2315.85	2327.99	18998	0	6
2024.04.24	04:00:00	2327.96	2331.29	2320.74	2320.75	21038	0	6
2024.04.24	08:00:00	2320.74	2321.99	2311.82	2316.19	19948	0	6
2024.04.24	12:00:00	2316.20	2337.29	2312.19	2322.70	41620	0	6
2024.04.24	16:00:00	2322.69	2330.57	2317.86	2319.04	21862	0	6
2024.04.24	20:00:00	2319.10	2319.66	2313.82	2316.30	4684	0	6
2024.04.25	00:00:00	2316.35	2322.11	2305.21	2313.28	17316	0	6
2024.04.25	04:00:00	2313.29	2326.18	2312.41	2325.74	17778	0	6
2024.04.25	08:00:00	2325.73	2330.64	2324.18	2328.58	17078	0	6
2024.04.25	12:00:00	2328.57	2344.87	2312.91	2330.44	48466	0	6
2024.04.25	16:00:00	2330.50	2336.49	2323.15	2332.97	21791	0	6
2024.04.25	20:00:00	2333.00	2333.75	2330.17	2330.68	3330	0	6
2024.04.26	00:00:00	2330.67	2336.29	2326.38	2334.70	14082	0	6
2024.04.26	04:00:00	2334.72	2346.98	2333.64	2345.61	18806	0	6
2024.04.26	08:00:00	2345.60	2352.55	2343.49	2344.94	20910	0	6
2024.04.26	12:00:00	2344.91	2351.57	2328.75	2336.77	43359	0	6
2024.04.26	16:00:00	2336.76	2341.41	2332.74	2340.04	17043	0	6
2024.04.26	20:00:00	2340.05	2340.07	2336.49	2338.03	2716	0	6
2024.04.28	20:00:00	2335.28	2336.88	2334.80	2336.00	1549	0	6
2024.04.29	00:00:00	2335.89	2336.29	2320.04	2328.48	20069	0	6
2024.04.29	04:00:00	2328.40	2337.92	2327.40	2337.36	30997	0	6
2024.04.29	08:00:00	2337.23	2344.38	2335.42	2337.04	20102	0	6
2024.04.29	12:00:00	2337.10	2339.55	2325.66	2337.94	33905	0	6
2024.04.29	16:00:00	2337.93	2346.74	2333.03	2335.77	24510	0	6
2024.04.29	20:00:00	2335.78	2337.21	2332.93	2333.18	3178	0	6
2024.04.30	00:00:00	2333.21	2336.20	2326.91	2329.23	16347	0	6
2024.04.30	04:00:00	2329.24	2329.53	2315.40	2317.57	21078	0	6
2024.04.30	08:00:00	2317.58	2318.51	2309.64	2312.74	20896	0	6
2024.04.30	12:00:00	2312.73	2313.48	2293.27	2295.96	45140	0	6
2024.04.30	16:00:00	2295.95	2299.35	2289.45	2290.91	23447	0	6
2024.04.30	20:00:00	2290.78	2293.54	2285.20	2291.40	5492	0	6
2024.05.01	00:00:00	2291.36	2292.94	2283.11	2284.21	10806	0	6
2024.05.01	04:00:00	2284.15	2289.80	2281.66	2285.90	13023	0	6
2024.05.01	08:00:00	2285.89	2297.13	2283.82	2294.62	17383	0	6
2024.05.01	12:00:00	2294.64	2310.52	2294.29	2307.29	38064	0	6
2024.05.01	16:00:00	2307.36	2328.34	2295.56	2309.86	37510	0	6
2024.05.01	20:00:00	2309.82	2324.86	2307.10	2323.82	10931	0	6
2024.05.02	00:00:00	2323.89	2326.45	2317.43	2319.55	15427	0	6
2024.05.02	04:00:00	2319.58	2321.00	2308.21	2309.29	19236	0	6
2024.05.02	08:00:00	2309.35	2311.10	2295.25	2299.04	24759	0	6
2024.05.02	12:00:00	2299.02	2306.98	2285.53	2299.98	43589	0	6
2024.05.02	16:00:00	2300.01	2309.47	2297.98	2302.92	19489	0	6
2024.05.02	20:00:00	2302.93	2304.32	2300.72	2304.29	3930	0	6
2024.05.03	00:00:00	2304.28	2306.41	2299.99	2302.47	13337	0	6
2024.05.03	04:00:00	2302.48	2308.79	2297.87	2299.29	16741	0	6
2024.05.03	08:00:00	2299.19	2303.20	2296.45	2298.33	17534	0	6
2024.05.03	12:00:00	2298.31	2320.43	2277.32	2293.77	47689	0	6
2024.05.03	16:00:00	2293.79	2303.15	2292.96	2301.43	17433	0	6
2024.05.03	20:00:00	2301.53	2303.48	2300.77	2301.55	2024	0	6
2024.05.05	20:00:00	2301.75	2302.87	2293.39	2293.97	3406	0	6
2024.05.06	00:00:00	2293.98	2315.37	2291.90	2309.33	24589	0	6
2024.05.06	04:00:00	2309.35	2324.24	2308.19	2323.02	20292	0	6
2024.05.06	08:00:00	2322.87	2323.13	2315.66	2318.28	18287	0	6
2024.05.06	12:00:00	2318.27	2332.06	2314.63	2324.96	36213	0	6
2024.05.06	16:00:00	2324.92	2327.48	2317.87	2325.06	19445	0	6
2024.05.06	20:00:00	2325.00	2328.90	2322.25	2326.07	4703	0	6
2024.05.07	00:00:00	2326.08	2329.95	2319.68	2325.00	20234	0	6
2024.05.07	04:00:00	2325.01	2325.17	2317.82	2319.36	19577	0	6
2024.05.07	08:00:00	2319.35	2319.93	2311.79	2312.36	19430	0	6
2024.05.07	12:00:00	2312.33	2323.73	2310.06	2314.82	35174	0	6
2024.05.07	16:00:00	2314.83	2317.48	2311.11	2314.74	17280	0	6
2024.05.07	20:00:00	2314.75	2316.35	2312.86	2315.20	2473	0	6
2024.05.08	00:00:00	2315.27	2318.22	2307.12	2317.09	20145	0	6
2024.05.08	04:00:00	2317.10	2321.49	2305.44	2305.86	17926	0	6
2024.05.08	08:00:00	2305.69	2318.08	2303.73	2314.71	22731	0	6
2024.05.08	12:00:00	2314.70	2320.42	2306.88	2320.42	35951	0	6
2024.05.08	16:00:00	2320.45	2321.15	2308.09	2308.18	15624	0	6
2024.05.08	20:00:00	2308.23	2309.67	2307.93	2308.87	3210	0	6
2024.05.09	00:00:00	2308.93	2313.05	2307.90	2312.40	16447	0	6
2024.05.09	04:00:00	2312.39	2319.82	2307.61	2309.43	20664	0	6
2024.05.09	08:00:00	2309.42	2316.75	2306.75	2315.99	18721	0	6
2024.05.09	12:00:00	2315.96	2338.81	2312.34	2330.43	43474	0	6
2024.05.09	16:00:00	2330.44	2344.03	2329.54	2343.85	17351	0	6
2024.05.09	20:00:00	2343.80	2348.40	2343.25	2346.61	5207	0	6
2024.05.10	00:00:00	2346.62	2355.87	2346.05	2353.44	24207	0	6
2024.05.10	04:00:00	2353.45	2370.32	2351.28	2366.72	23421	0	6
2024.05.10	08:00:00	2366.73	2378.41	2365.95	2372.22	24351	0	6
2024.05.10	12:00:00	2372.18	2375.76	2356.66	2364.89	43951	0	6
2024.05.10	16:00:00	2364.88	2370.97	2361.73	2363.41	18382	0	6
2024.05.10	20:00:00	2363.43	2365.07	2359.81	2360.45	2282	0	6
2024.05.12	20:00:00	2361.75	2362.56	2359.80	2360.44	1678	0	6
2024.05.13	00:00:00	2360.46	2364.52	2354.87	2357.09	23394	0	6
2024.05.13	04:00:00	2357.04	2357.04	2346.62	2348.78	21621	0	6
2024.05.13	08:00:00	2348.76	2350.40	2338.52	2344.60	25032	0	6
2024.05.13	12:00:00	2344.62	2349.83	2332.27	2336.00	40829	0	6
2024.05.13	16:00:00	2336.05	2338.48	2334.51	2337.34	17832	0	6
2024.05.13	20:00:00	2337.29	2339.42	2335.29	2338.46	2637	0	6
2024.05.14	00:00:00	2338.44	2344.48	2334.87	2343.24	19219	0	6
2024.05.14	04:00:00	2343.21	2345.91	2336.12	2339.21	18882	0	6
2024.05.14	08:00:00	2339.28	2348.29	2337.84	2343.60	21229	0	6
2024.05.14	12:00:00	2343.61	2357.00	2337.08	2347.96	44140	0	6
2024.05.14	16:00:00	2347.92	2359.65	2346.45	2356.64	21281	0	6
2024.05.14	20:00:00	2356.66	2358.42	2355.14	2355.86	3191	0	6
2024.05.15	00:00:00	2355.87	2360.99	2354.93	2360.33	19001	0	6
2024.05.15	04:00:00	2360.36	2364.80	2355.78	2362.53	21014	0	6
2024.05.15	08:00:00	2362.51	2374.32	2362.07	2362.76	25150	0	6
2024.05.15	12:00:00	2362.75	2385.79	2351.93	2377.62	51143	0	6
2024.05.15	16:00:00	2377.65	2390.26	2377.12	2386.43	26288	0	6
2024.05.15	20:00:00	2386.41	2391.92	2385.64	2391.87	5322	0	6
2024.05.16	00:00:00	2391.89	2397.41	2386.61	2388.75	32489	0	6
2024.05.16	04:00:00	2388.74	2394.47	2384.88	2389.38	25946	0	6
2024.05.16	08:00:00	2389.37	2391.43	2380.95	2384.65	22928	0	6
2024.05.16	12:00:00	2384.66	2386.34	2371.00	2381.56	42385	0	6
2024.05.16	16:00:00	2381.59	2383.78	2377.85	2378.16	18746	0	6
2024.05.16	20:00:00	2378.18	2379.74	2375.92	2377.91	3146	0	6
2024.05.17	00:00:00	2377.90	2381.28	2374.02	2377.85	18604	0	6
2024.05.17	04:00:00	2377.91	2387.88	2376.61	2383.86	20278	0	6
2024.05.17	08:00:00	2383.88	2390.16	2381.39	2389.79	20961	0	6
2024.05.17	12:00:00	2389.78	2419.10	2386.93	2407.78	45991	0	6
2024.05.17	16:00:00	2407.81	2419.22	2405.79	2416.43	26986	0	6
2024.05.17	20:00:00	2416.46	2422.75	2413.66	2414.73	4062	0	6
2024.05.19	20:00:00	2418.30	2420.66	2417.27	2420.35	3499	0	6
2024.05.20	00:00:00	2420.34	2440.64	2416.58	2437.67	31766	0	6
2024.05.20	04:00:00	2437.67	2450.08	2431.99	2442.32	31089	0	6
2024.05.20	08:00:00	2442.31	2447.18	2427.72	2430.66	28251	0	6
2024.05.20	12:00:00	2430.65	2430.87	2407.43	2424.95	48235	0	6
2024.05.20	16:00:00	2424.96	2437.37	2422.56	2426.75	25892	0	6
2024.05.20	20:00:00	2426.92	2428.63	2423.33	2426.28	5408	0	6
2024.05.21	00:00:00	2426.29	2433.10	2406.45	2413.86	33779	0	6
2024.05.21	04:00:00	2413.81	2422.17	2408.62	2419.30	29324	0	6
2024.05.21	08:00:00	2419.30	2423.79	2412.26	2423.49	26619	0	6
2024.05.21	12:00:00	2423.49	2433.98	2420.13	2423.48	43420	0	6
2024.05.21	16:00:00	2423.43	2425.05	2417.46	2423.34	21950	0	6
2024.05.21	20:00:00	2423.37	2423.45	2420.42	2421.80	3078	0	6
2024.05.22	00:00:00	2421.80	2426.56	2412.62	2414.22	24208	0	6
2024.05.22	04:00:00	2414.22	2418.51	2411.59	2417.34	24478	0	6
2024.05.22	08:00:00	2417.34	2419.38	2404.92	2408.70	27303	0	6
2024.05.22	12:00:00	2408.73	2415.09	2382.31	2392.10	47957	0	6
2024.05.22	16:00:00	2392.02	2395.08	2375.00	2379.25	31807	0	6
2024.05.22	20:00:00	2379.31	2382.80	2377.54	2382.31	6102	0	6
2024.05.23	00:00:00	2382.34	2383.73	2366.78	2372.52	29600	0	6
2024.05.23	04:00:00	2372.52	2374.02	2354.99	2356.15	28989	0	6
2024.05.23	08:00:00	2356.15	2369.45	2355.17	2368.12	26456	0	6
2024.05.23	12:00:00	2368.11	2369.89	2340.42	2346.09	50374	0	6
2024.05.23	16:00:00	2346.12	2350.15	2330.98	2331.58	29844	0	6
2024.05.23	20:00:00	2331.58	2333.69	2327.12	2332.04	5124	0	6
2024.05.24	00:00:00	2332.07	2335.22	2325.44	2330.63	24231	0	6
2024.05.24	04:00:00	2330.65	2340.64	2330.54	2337.73	22685	0	6
2024.05.24	08:00:00	2337.71	2343.92	2336.12	2338.27	22247	0	6
2024.05.24	12:00:00	2338.26	2347.44	2332.43	2334.58	38495	0	6
2024.05.24	16:00:00	2334.57	2336.97	2331.93	2333.83	17478	0	6
2024.05.24	20:00:00	2334.18	2335.17	2333.31	2333.87	1703	0	6
2024.05.26	20:00:00	2339.08	2340.70	2336.64	2337.25	2157	0	6
2024.05.27	00:00:00	2337.25	2347.61	2334.52	2346.09	19660	0	6
2024.05.27	04:00:00	2346.07	2346.13	2338.20	2338.56	17691	0	6
2024.05.27	08:00:00	2338.63	2346.25	2338.22	2345.17	15933	0	6
2024.05.27	12:00:00	2345.18	2358.49	2343.76	2352.49	31991	0	6
2024.05.27	16:00:00	2352.44	2355.66	2352.21	2354.41	5008	0	6
2024.05.27	20:00:00	2351.53	2352.79	2351.13	2352.51	1448	0	6
2024.05.28	00:00:00	2352.53	2356.41	2349.23	2350.93	22616	0	6
2024.05.28	04:00:00	2350.92	2353.75	2341.39	2344.18	23885	0	6
2024.05.28	08:00:00	2344.17	2348.48	2340.32	2347.48	19099	0	6
2024.05.28	12:00:00	2347.46	2364.07	2345.99	2360.38	44929	0	6
2024.05.28	16:00:00	2360.34	2362.24	2352.84	2358.24	24039	0	6
2024.05.28	20:00:00	2358.25	2361.41	2357.96	2359.95	4361	0	6
2024.05.29	00:00:00	2359.95	2361.12	2354.47	2358.24	23221	0	6
2024.05.29	04:00:00	2358.25	2361.35	2350.14	2350.56	24439	0	6
2024.05.29	08:00:00	2350.66	2351.81	2338.61	2341.73	25580	0	6
2024.05.29	12:00:00	2341.69	2347.21	2334.62	2339.12	38407	0	6
2024.05.29	16:00:00	2339.12	2344.36	2336.06	2336.74	18685	0	6
2024.05.29	20:00:00	2336.76	2339.10	2336.01	2338.44	4695	0	6
2024.05.30	00:00:00	2338.44	2339.88	2328.12	2334.41	30251	0	6
2024.05.30	04:00:00	2334.42	2337.73	2322.63	2334.41	28324	0	6
2024.05.30	08:00:00	2334.44	2340.93	2330.64	2335.86	26101	0	6
2024.05.30	12:00:00	2335.84	2351.80	2332.06	2343.86	43595	0	6
2024.05.30	16:00:00	2343.87	2348.89	2339.97	2341.58	19220	0	6
2024.05.30	20:00:00	2341.54	2346.43	2341.54	2344.07	3966	0	6
2024.05.31	00:00:00	2344.05	2347.76	2337.05	2343.72	27457	0	6
2024.05.31	04:00:00	2343.72	2347.10	2339.95	2340.48	23235	0	6
2024.05.31	08:00:00	2340.47	2344.98	2339.75	2343.94	19289	0	6
2024.05.31	12:00:00	2343.90	2359.76	2327.80	2330.10	49134	0	6
2024.05.31	16:00:00	2330.10	2336.73	2320.63	2327.65	28652	0	6
2024.05.31	20:00:00	2327.72	2330.65	2327.15	2327.25	3111	0	6
2024.06.02	20:00:00	2326.13	2326.67	2324.09	2325.94	2199	0	6
2024.06.03	00:00:00	2325.97	2331.06	2320.96	2321.42	26497	0	6
2024.06.03	04:00:00	2321.46	2328.85	2314.78	2326.03	26769	0	5
2024.06.03	08:00:00	2325.99	2333.33	2324.36	2330.02	23377	0	5
2024.06.03	12:00:00	2330.02	2345.74	2325.74	2342.82	41546	0	5
2024.06.03	16:00:00	2342.84	2354.75	2341.42	2347.69	23971	0	5
2024.06.03	20:00:00	2347.70	2351.21	2347.03	2350.62	3768	0	5
2024.06.04	00:00:00	2350.64	2352.85	2343.18	2345.74	22647	0	5
2024.06.04	04:00:00	2345.74	2351.79	2339.17	2339.78	22830	0	5
2024.06.04	08:00:00	2339.79	2339.83	2325.39	2328.04	31430	0	5
2024.06.04	12:00:00	2328.03	2338.00	2315.70	2326.17	44160	0	5
2024.06.04	16:00:00	2326.18	2330.41	2322.61	2327.32	22835	0	5
2024.06.04	20:00:00	2327.42	2329.00	2326.07	2328.87	3033	0	5
2024.06.05	00:00:00	2328.87	2337.91	2325.94	2337.22	20561	0	5
2024.06.05	04:00:00	2337.22	2341.71	2328.10	2331.65	21528	0	5
2024.06.05	08:00:00	2331.64	2335.67	2329.51	2332.53	19586	0	5
2024.06.05	12:00:00	2332.53	2357.42	2332.27	2353.73	44033	0	5
2024.06.05	16:00:00	2353.72	2356.76	2351.46	2354.08	20938	0	5
2024.06.05	20:00:00	2354.15	2357.59	2352.89	2355.07	4085	0	5
2024.06.06	00:00:00	2355.07	2374.94	2354.63	2368.51	28578	0	5
2024.06.06	04:00:00	2368.53	2371.43	2362.29	2362.91	22193	0	5
2024.06.06	08:00:00	2362.91	2363.94	2358.58	2359.81	18410	0	5
2024.06.06	12:00:00	2359.81	2378.53	2353.57	2374.22	44138	0	5
2024.06.06	16:00:00	2374.22	2376.97	2369.00	2372.57	24238	0	5
2024.06.06	20:00:00	2372.56	2378.21	2372.35	2376.92	3789	0	5
2024.06.07	00:00:00	2376.91	2381.99	2369.45	2380.21	24684	0	5
2024.06.07	04:00:00	2380.21	2387.73	2372.87	2373.60	24955	0	5
2024.06.07	08:00:00	2373.60	2373.97	2330.94	2336.66	33772	0	5
2024.06.07	12:00:00	2336.63	2339.38	2304.56	2305.07	48569	0	5
2024.06.07	16:00:00	2305.07	2314.52	2287.72	2288.22	26681	0	5
2024.06.07	20:00:00	2288.32	2294.36	2286.83	2293.82	3848	0	5
2024.06.09	20:00:00	2297.10	2300.11	2296.58	2298.57	2685	0	5
2024.06.10	00:00:00	2298.63	2301.34	2293.96	2295.34	16369	0	5
2024.06.10	04:00:00	2295.34	2297.33	2287.79	2296.59	21273	0	5
2024.06.10	08:00:00	2296.61	2305.32	2291.91	2305.12	21054	0	5
2024.06.10	12:00:00	2305.12	2308.76	2300.43	2307.43	32273	0	5
2024.06.10	16:00:00	2307.57	2313.79	2307.12	2308.84	16807	0	5
2024.06.10	20:00:00	2308.84	2311.12	2308.52	2310.00	2917	0	5
2024.06.11	00:00:00	2309.97	2312.02	2298.87	2303.72	26886	0	5
2024.06.11	04:00:00	2303.73	2305.42	2297.81	2304.55	20353	0	5
2024.06.11	08:00:00	2304.55	2308.88	2301.66	2307.65	19871	0	5
2024.06.11	12:00:00	2307.65	2319.93	2307.63	2310.18	37106	0	5
2024.06.11	16:00:00	2310.17	2315.75	2305.93	2315.36	17913	0	5
2024.06.11	20:00:00	2315.38	2316.99	2313.96	2315.20	3614	0	5
2024.06.12	00:00:00	2315.20	2316.78	2310.77	2313.99	20697	0	5
2024.06.12	04:00:00	2314.02	2317.78	2311.19	2314.57	16497	0	5
2024.06.12	08:00:00	2314.57	2315.79	2310.87	2312.95	15438	0	5
2024.06.12	12:00:00	2312.83	2341.67	2311.67	2335.63	44749	0	5
2024.06.12	16:00:00	2335.63	2339.60	2315.90	2321.29	35828	0	5
2024.06.12	20:00:00	2321.34	2324.97	2320.35	2320.63	4912	0	5
2024.06.13	00:00:00	2320.63	2322.98	2308.22	2314.30	25392	0	5
2024.06.13	04:00:00	2314.30	2318.65	2309.04	2317.11	20120	0	5
2024.06.13	08:00:00	2317.11	2320.01	2304.00	2307.05	19825	0	5
2024.06.13	12:00:00	2307.06	2326.68	2297.84	2299.01	43766	0	5
2024.06.13	16:00:00	2299.01	2305.00	2295.63	2303.47	21336	0	5
2024.06.13	20:00:00	2303.49	2304.36	2301.79	2302.36	2658	0	5
2024.06.14	00:00:00	2302.36	2308.67	2301.58	2305.55	22005	0	5
2024.06.14	04:00:00	2305.53	2316.70	2303.57	2315.38	22632	0	5
2024.06.14	08:00:00	2315.38	2336.65	2314.89	2332.04	28926	0	5
2024.06.14	12:00:00	2332.04	2335.50	2324.09	2326.12	38487	0	5
2024.06.14	16:00:00	2326.13	2335.61	2325.45	2332.50	20322	0	5
2024.06.14	20:00:00	2332.71	2333.02	2331.04	2332.66	1788	0	5
2024.06.16	20:00:00	2328.83	2329.73	2327.45	2329.00	2068	0	5
2024.06.17	00:00:00	2328.95	2329.00	2321.58	2324.44	22216	0	5
2024.06.17	04:00:00	2324.44	2326.27	2315.53	2316.97	20462	0	5
2024.06.17	08:00:00	2316.98	2322.65	2316.47	2318.21	19712	0	5
2024.06.17	12:00:00	2318.21	2327.60	2310.07	2312.60	32474	0	5
2024.06.17	16:00:00	2312.67	2320.63	2312.67	2320.26	17590	0	5
2024.06.17	20:00:00	2320.25	2321.03	2318.51	2320.78	2784	0	5
2024.06.18	00:00:00	2320.78	2325.70	2319.28	2324.50	20866	0	5
2024.06.18	04:00:00	2324.50	2324.84	2315.07	2315.55	17925	0	5
2024.06.18	08:00:00	2315.53	2315.53	2306.64	2313.47	20730	0	5
2024.06.18	12:00:00	2313.47	2329.81	2311.56	2326.89	37710	0	5
2024.06.18	16:00:00	2326.95	2333.15	2326.56	2329.39	16556	0	5
2024.06.18	20:00:00	2329.68	2330.66	2328.03	2328.35	2306	0	5
2024.06.19	00:00:00	2328.38	2331.80	2326.56	2328.34	13764	0	5
2024.06.19	04:00:00	2328.25	2332.73	2326.90	2331.90	14039	0	5
2024.06.19	08:00:00	2331.96	2335.03	2325.85	2330.50	15140	0	5
2024.06.19	12:00:00	2330.50	2332.92	2323.88	2329.88	19480	0	5
2024.06.19	16:00:00	2329.88	2331.40	2328.93	2330.48	2970	0	5
2024.06.19	20:00:00	2329.99	2330.18	2328.76	2329.43	1233	0	5
2024.06.20	00:00:00	2329.43	2339.04	2327.79	2333.97	19385	0	5
2024.06.20	04:00:00	2333.98	2345.69	2333.81	2338.64	22582	0	5
2024.06.20	08:00:00	2338.59	2341.38	2331.68	2339.30	18659	0	5
2024.06.20	12:00:00	2339.29	2365.49	2335.46	2353.71	38067	0	5
2024.06.20	16:00:00	2353.71	2361.05	2352.88	2358.94	15029	0	5
2024.06.20	20:00:00	2359.13	2361.15	2358.29	2360.89	3257	0	5
2024.06.21	00:00:00	2360.91	2364.85	2357.16	2362.20	19814	0	5
2024.06.21	04:00:00	2362.20	2365.67	2355.18	2363.03	19052	0	5
2024.06.21	08:00:00	2363.03	2368.75	2361.40	2366.30	19410	0	5
2024.06.21	12:00:00	2366.31	2368.12	2323.38	2327.94	39685	0	5
2024.06.21	16:00:00	2327.95	2329.33	2316.79	2322.19	19950	0	5
2024.06.21	20:00:00	2322.38	2322.70	2320.84	2321.69	1909	0	5
2024.06.23	20:00:00	2321.33	2321.38	2317.76	2319.25	2126	0	5
2024.06.24	00:00:00	2319.25	2326.70	2318.02	2325.48	22692	0	5
2024.06.24	04:00:00	2325.49	2331.82	2321.48	2331.09	17256	0	5
2024.06.24	08:00:00	2331.64	2332.83	2320.94	2326.26	20179	0	5
2024.06.24	12:00:00	2326.26	2333.91	2323.34	2327.67	29267	0	5
2024.06.24	16:00:00	2327.67	2334.70	2326.93	2331.78	13229	0	5
2024.06.24	20:00:00	2331.89	2334.35	2330.28	2330.89	2975	0	5
2024.06.25	00:00:00	2330.97	2331.00	2323.26	2324.18	18964	0	5
2024.06.25	04:00:00	2324.18	2330.16	2322.79	2324.83	17094	0	5
2024.06.25	08:00:00	2324.83	2337.09	2322.97	2330.21	19968	0	5
2024.06.25	12:00:00	2330.21	2330.51	2315.75	2324.80	32510	0	5
2024.06.25	16:00:00	2324.80	2325.06	2315.55	2319.87	14927	0	5
2024.06.25	20:00:00	2319.83	2321.48	2318.01	2320.07	3091	0	5
2024.06.26	00:00:00	2320.07	2324.07	2310.66	2317.30	22700	0	5
2024.06.26	04:00:00	2317.29	2318.23	2309.71	2316.13	19246	0	5
2024.06.26	08:00:00	2316.13	2318.46	2304.40	2313.08	22385	0	5
2024.06.26	12:00:00	2313.08	2317.86	2293.69	2300.07	35891	0	5
2024.06.26	16:00:00	2300.07	2303.00	2297.05	2298.75	14629	0	5
2024.06.26	20:00:00	2298.74	2299.24	2296.83	2298.43	2997	0	5
2024.06.27	00:00:00	2298.43	2300.18	2296.89	2299.04	16472	0	5
2024.06.27	04:00:00	2299.04	2303.45	2296.57	2302.35	15456	0	5
2024.06.27	08:00:00	2302.35	2317.90	2302.07	2317.12	19184	0	5
2024.06.27	12:00:00	2317.12	2330.96	2316.22	2327.58	35671	0	5
2024.06.27	16:00:00	2327.58	2328.33	2322.52	2326.14	14110	0	5
2024.06.27	20:00:00	2326.12	2328.59	2325.57	2327.76	2315	0	5
2024.06.28	00:00:00	2327.76	2328.29	2319.15	2321.82	21788	0	5
2024.06.28	04:00:00	2321.82	2328.87	2319.79	2327.22	17068	0	5
2024.06.28	08:00:00	2327.23	2337.17	2326.54	2333.98	18828	0	5
2024.06.28	12:00:00	2333.98	2339.82	2322.92	2328.64	35640	0	5
2024.06.28	16:00:00	2328.66	2332.74	2323.04	2325.10	15185	0	5
2024.06.28	20:00:00	2325.05	2326.84	2322.94	2326.52	1997	0	5
2024.06.30	20:00:00	2323.38	2326.03	2323.02	2324.61	1172	0	5
2024.07.01	00:00:00	2324.61	2328.61	2322.24	2326.67	16808	0	5
2024.07.01	04:00:00	2326.67	2329.05	2318.57	2326.53	18162	0	5
2024.07.01	08:00:00	2326.53	2332.63	2321.98	2332.61	20164	0	5
2024.07.01	12:00:00	2332.61	2338.56	2319.36	2324.10	33120	0	3
2024.07.01	16:00:00	2324.13	2331.90	2323.13	2329.94	18464	0	4
2024.07.01	20:00:00	2329.95	2332.45	2329.03	2331.87	4490	0	4
2024.07.02	00:00:00	2331.89	2334.39	2331.27	2332.37	12555	0	4
2024.07.02	04:00:00	2332.37	2332.75	2324.98	2330.84	14668	0	4
2024.07.02	08:00:00	2330.45	2332.52	2322.95	2324.59	19982	0	3
2024.07.02	12:00:00	2324.60	2336.82	2319.15	2326.68	32738	0	3
2024.07.02	16:00:00	2326.68	2330.50	2321.02	2328.40	18187	0	1
2024.07.02	20:00:00	2328.39	2331.37	2328.19	2330.11	4861	0	2
2024.07.03	00:00:00	2330.09	2332.23	2326.91	2328.95	11950	0	1
2024.07.03	04:00:00	2328.95	2341.30	2328.09	2340.22	15363	0	3
2024.07.03	08:00:00	2340.23	2349.54	2338.95	2347.04	22333	0	2
2024.07.03	12:00:00	2347.04	2364.99	2342.48	2362.50	36455	0	3
2024.07.03	16:00:00	2362.50	2364.08	2353.92	2356.40	19528	0	4
2024.07.03	20:00:00	2356.38	2359.29	2353.79	2358.90	3778	0	2
2024.07.04	00:00:00	2358.90	2362.52	2356.53	2359.33	12362	0	1
2024.07.04	04:00:00	2359.33	2360.39	2350.61	2356.39	14198	0	3
2024.07.04	08:00:00	2356.35	2359.66	2353.71	2358.09	12695	0	0
2024.07.04	12:00:00	2358.09	2361.87	2357.01	2358.97	15234	0	3
2024.07.04	16:00:00	2358.98	2360.70	2355.60	2357.41	7599	0	3
2024.07.04	20:00:00	2356.92	2357.50	2354.32	2357.50	2127	0	3
2024.07.05	00:00:00	2357.50	2363.15	2356.09	2360.56	14667	0	2
2024.07.05	04:00:00	2360.56	2366.37	2359.62	2364.06	16448	0	2
2024.07.05	08:00:00	2364.06	2368.14	2361.94	2365.07	17359	0	2
2024.07.05	12:00:00	2365.04	2385.16	2352.65	2380.77	37025	0	3
2024.07.05	16:00:00	2380.77	2392.57	2378.61	2391.10	24890	0	4
2024.07.05	20:00:00	2391.10	2392.96	2388.16	2391.36	5269	0	2
2024.07.07	20:00:00	2389.60	2390.25	2385.02	2385.42	1784	0	4
2024.07.08	00:00:00	2385.40	2391.16	2381.55	2383.00	19054	0	2
2024.07.08	04:00:00	2383.00	2386.83	2376.77	2376.97	18595	0	3
2024.07.08	08:00:00	2376.97	2381.15	2368.36	2374.17	21356	0	3
2024.07.08	12:00:00	2374.17	2379.60	2370.38	2373.29	28702	0	4
2024.07.08	16:00:00	2373.29	2375.04	2351.18	2356.64	23555	0	0
2024.07.08	20:00:00	2356.65	2359.89	2356.21	2359.86	4595	0	1
2024.07.09	00:00:00	2359.86	2366.74	2359.86	2364.07	17037	0	1
2024.07.09	04:00:00	2364.07	2368.83	2362.82	2364.16	16951	0	4
2024.07.09	08:00:00	2364.20	2365.63	2358.32	2363.13	16839	0	2
2024.07.09	12:00:00	2363.14	2371.55	2354.18	2354.98	31653	0	2
2024.07.09	16:00:00	2354.99	2365.40	2349.52	2364.55	23957	0	3
2024.07.09	20:00:00	2364.63	2365.67	2362.81	2364.48	4661	0	2
2024.07.10	00:00:00	2364.47	2370.39	2363.36	2369.39	14311	0	3
2024.07.10	04:00:00	2369.39	2372.84	2366.51	2371.99	15264	0	4
2024.07.10	08:00:00	2372.00	2375.39	2371.48	2372.56	15202	0	4
2024.07.10	12:00:00	2372.56	2386.73	2372.56	2374.97	28023	0	4
2024.07.10	16:00:00	2374.97	2381.39	2369.99	2372.70	19939	0	4
2024.07.10	20:00:00	2372.71	2372.91	2370.61	2372.86	4924	0	2
2024.07.11	00:00:00	2372.86	2377.84	2371.53	2377.48	13609	0	4
2024.07.11	04:00:00	2377.48	2383.30	2376.95	2381.91	14633	0	1
2024.07.11	08:00:00	2381.89	2384.64	2378.91	2382.39	16071	0	4
2024.07.11	12:00:00	2382.39	2418.00	2377.40	2417.82	41289	0	1
2024.07.11	16:00:00	2417.80	2424.61	2410.11	2416.51	27063	0	3
2024.07.11	20:00:00	2416.48	2418.70	2411.23	2414.13	7180	0	0
2024.07.12	00:00:00	2414.07	2416.34	2406.69	2409.66	19153	0	4
2024.07.12	04:00:00	2409.60	2410.26	2402.27	2404.20	16053	0	4
2024.07.12	08:00:00	2404.18	2408.35	2399.88	2400.23	19310	0	3
2024.07.12	12:00:00	2400.24	2410.94	2391.52	2409.03	36581	0	3
2024.07.12	16:00:00	2409.03	2418.33	2408.12	2414.26	19242	0	2
2024.07.12	20:00:00	2414.26	2414.82	2410.68	2411.11	4629	0	4
2024.07.14	20:00:00	2411.27	2412.24	2406.98	2407.65	3151	0	1
2024.07.15	00:00:00	2407.65	2411.01	2405.03	2409.22	18637	0	1
2024.07.15	04:00:00	2409.22	2413.97	2402.10	2403.29	14931	0	4
2024.07.15	08:00:00	2403.29	2415.87	2401.40	2414.87	20581	0	1
2024.07.15	12:00:00	2414.81	2431.95	2411.54	2431.65	33317	0	3
2024.07.15	16:00:00	2431.63	2439.66	2419.85	2422.49	29002	0	2
2024.07.15	20:00:00	2422.48	2423.30	2420.30	2421.05	6216	0	1
2024.07.16	00:00:00	2421.05	2430.35	2420.08	2430.26	14923	0	1
2024.07.16	04:00:00	2430.27	2433.93	2425.21	2433.93	17845	0	2
2024.07.16	08:00:00	2433.93	2443.39	2432.67	2440.12	25954	0	1
2024.07.16	12:00:00	2440.16	2454.13	2429.52	2452.14	36863	0	2
2024.07.16	16:00:00	2452.14	2466.61	2452.02	2465.44	27116	0	1
2024.07.16	20:00:00	2465.45	2470.01	2463.27	2469.08	7614	0	1
2024.07.17	00:00:00	2469.08	2482.41	2466.28	2474.66	24807	0	3
2024.07.17	04:00:00	2474.66	2474.66	2461.90	2466.45	26482	0	3
2024.07.17	08:00:00	2466.46	2478.93	2464.19	2467.90	33331	0	2
2024.07.17	12:00:00	2467.90	2483.72	2461.17	2463.72	39722	0	0
2024.07.17	16:00:00	2463.72	2465.96	2451.56	2458.01	28716	0	4
2024.07.17	20:00:00	2458.02	2460.44	2457.13	2459.28	6697	0	2
2024.07.18	00:00:00	2459.31	2466.05	2457.48	2465.69	20639	0	2
2024.07.18	04:00:00	2465.69	2472.19	2464.68	2471.54	22779	0	1
2024.07.18	08:00:00	2471.57	2474.98	2461.65	2464.27	23601	0	1
2024.07.18	12:00:00	2464.27	2469.91	2457.66	2468.48	33803	0	2
2024.07.18	16:00:00	2468.49	2469.11	2450.93	2451.53	24788	0	3
2024.07.18	20:00:00	2451.52	2451.83	2440.40	2444.45	9454	0	3
2024.07.19	00:00:00	2444.45	2445.24	2420.56	2428.43	27246	0	0
2024.07.19	04:00:00	2428.42	2429.58	2414.46	2420.00	24832	0	1
2024.07.19	08:00:00	2420.04	2422.28	2410.77	2412.52	26483	0	0
2024.07.19	12:00:00	2412.52	2414.42	2393.88	2398.05	38489	0	0
2024.07.19	16:00:00	2398.05	2408.47	2395.74	2398.63	23006	0	4
2024.07.19	20:00:00	2398.63	2400.76	2397.14	2400.69	5211	0	4
2024.07.21	20:00:00	2403.75	2411.73	2402.57	2411.42	2539	0	0
2024.07.22	00:00:00	2411.38	2412.19	2403.36	2406.60	22015	0	0
2024.07.22	04:00:00	2406.60	2409.57	2399.09	2402.53	22447	0	0
2024.07.22	08:00:00	2402.56	2408.45	2399.78	2406.93	21900	0	4
2024.07.22	12:00:00	2406.93	2407.67	2383.89	2387.26	35300	0	0
2024.07.22	16:00:00	2387.26	2396.50	2384.33	2395.79	20384	0	4
2024.07.22	20:00:00	2395.79	2400.09	2395.23	2395.24	4694	0	1
2024.07.23	00:00:00	2395.24	2404.03	2394.86	2399.73	19794	0	2
2024.07.23	04:00:00	2399.74	2400.83	2388.33	2390.50	23054	0	4
2024.07.23	08:00:00	2390.45	2408.33	2390.06	2407.75	26061	0	4
2024.07.23	12:00:00	2407.74	2412.06	2399.61	2403.03	31231	0	3
2024.07.23	16:00:00	2403.02	2408.27	2402.18	2405.74	18453	0	2
2024.07.23	20:00:00	2405.75	2410.03	2405.44	2409.45	5732	0	1
2024.07.24	00:00:00	2409.42	2415.93	2405.06	2414.21	19157	0	3
2024.07.24	04:00:00	2414.21	2419.24	2413.12	2417.58	23726	0	4
2024.07.24	08:00:00	2417.57	2417.90	2409.87	2413.70	23659	0	1
2024.07.24	12:00:00	2413.70	2432.03	2410.66	2430.34	34219	0	0
2024.07.24	16:00:00	2430.40	2431.41	2405.71	2408.30	26663	0	2
2024.07.24	20:00:00	2408.25	2408.77	2393.12	2397.91	11748	0	1
2024.07.25	00:00:00	2397.91	2401.26	2369.97	2372.68	33197	0	2
2024.07.25	04:00:00	2372.66	2378.81	2366.88	2372.10	30262	0	0
2024.07.25	08:00:00	2372.11	2382.57	2365.94	2381.31	29651	0	1
2024.07.25	12:00:00	2381.31	2381.80	2358.09	2366.72	44596	0	0
2024.07.25	16:00:00	2366.71	2368.46	2353.22	2357.24	29992	0	0
2024.07.25	20:00:00	2357.08	2365.48	2356.19	2363.36	9640	0	1
2024.07.26	00:00:00	2363.35	2379.50	2355.89	2374.32	24849	0	3
2024.07.26	04:00:00	2374.33	2378.42	2365.31	2369.71	24950	0	4
2024.07.26	08:00:00	2369.71	2375.37	2367.74	2372.80	22325	0	0
2024.07.26	12:00:00	2372.80	2390.82	2370.34	2382.00	36365	0	0
2024.07.26	16:00:00	2381.98	2390.42	2380.04	2384.45	22774	0	2
2024.07.26	20:00:00	2384.45	2388.79	2382.76	2387.10	6199	0	0
2024.07.28	20:00:00	2387.99	2403.22	2387.94	2395.84	4456	0	2
2024.07.29	00:00:00	2395.84	2402.56	2388.77	2393.31	26943	0	2
2024.07.29	04:00:00	2393.28	2396.25	2390.32	2391.80	24404	0	1
2024.07.29	08:00:00	2391.81	2395.44	2387.00	2392.64	24526	0	2
2024.07.29	12:00:00	2392.60	2396.79	2380.16	2381.42	32549	0	0
2024.07.29	16:00:00	2381.28	2383.44	2369.76	2379.61	27158	0	3
2024.07.29	20:00:00	2379.61	2385.47	2378.39	2384.12	7348	0	3
2024.07.30	00:00:00	2384.12	2384.34	2376.59	2381.91	19654	0	1
2024.07.30	04:00:00	2381.91	2391.06	2381.50	2390.37	22041	0	2
2024.07.30	08:00:00	2390.39	2392.43	2387.86	2391.60	20452	0	3
2024.07.30	12:00:00	2391.68	2397.80	2385.78	2391.74	33066	0	0
2024.07.30	16:00:00	2391.69	2410.90	2383.48	2404.93	31300	0	1
2024.07.30	20:00:00	2404.95	2412.75	2403.92	2409.26	10256	0	0
2024.07.31	00:00:00	2409.26	2412.26	2403.70	2407.47	21917	0	2
2024.07.31	04:00:00	2407.46	2425.55	2407.27	2421.41	28421	0	1
2024.07.31	08:00:00	2421.39	2422.92	2415.46	2418.55	26833	0	0
2024.07.31	12:00:00	2418.54	2429.05	2417.40	2422.58	35080	0	1
2024.07.31	16:00:00	2422.54	2435.29	2420.13	2433.77	31383	0	3
2024.07.31	20:00:00	2433.87	2450.95	2431.15	2447.66	16598	0	1
2024.08.01	00:00:00	2447.66	2458.41	2437.40	2441.36	30747	0	1
2024.08.01	04:00:00	2441.35	2448.90	2439.47	2444.81	26843	0	3
2024.08.01	08:00:00	2444.83	2444.94	2430.29	2435.21	28511	0	3
2024.08.01	12:00:00	2435.20	2462.33	2434.40	2448.74	42258	0	2
2024.08.01	16:00:00	2448.68	2451.80	2435.00	2439.67	37630	0	2
2024.08.01	20:00:00	2439.69	2447.61	2438.42	2445.23	12138	0	1
2024.08.02	00:00:00	2445.23	2455.67	2435.06	2455.63	28923	0	2
2024.08.02	04:00:00	2455.63	2468.51	2451.78	2465.59	28041	0	2
2024.08.02	08:00:00	2465.63	2466.79	2460.27	2463.56	27706	0	1
2024.08.02	12:00:00	2463.58	2477.54	2428.50	2431.67	48893	0	0
2024.08.02	16:00:00	2431.85	2439.27	2411.07	2429.07	40322	0	0
2024.08.02	20:00:00	2429.06	2442.44	2425.72	2441.84	9438	0	1
2024.08.04	20:00:00	2440.18	2446.37	2437.68	2441.46	4496	0	2
2024.08.05	00:00:00	2441.49	2446.25	2414.11	2442.88	39358	0	2
2024.08.05	04:00:00	2442.87	2458.83	2422.32	2428.69	41163	0	0
2024.08.05	08:00:00	2428.68	2445.56	2408.16	2408.60	42556	0	0
2024.08.05	12:00:00	2408.60	2408.60	2364.37	2396.66	56500	0	0
2024.08.05	16:00:00	2396.60	2412.20	2396.53	2405.01	45271	0	1
2024.08.05	20:00:00	2405.01	2413.08	2404.70	2409.01	15257	0	1
2024.08.06	00:00:00	2409.03	2418.41	2404.48	2407.54	33270	0	2
2024.08.06	04:00:00	2407.54	2412.66	2394.91	2401.65	34158	0	1
2024.08.06	08:00:00	2401.65	2416.37	2401.59	2412.46	31219	0	3
2024.08.06	12:00:00	2412.46	2415.37	2386.42	2388.42	44521	0	1
2024.08.06	16:00:00	2388.42	2396.05	2381.84	2392.93	34222	0	4
2024.08.06	20:00:00	2392.94	2393.09	2386.52	2388.69	13001	0	1
2024.08.07	00:00:00	2388.68	2389.71	2379.11	2384.28	31204	0	1
2024.08.07	04:00:00	2384.35	2397.63	2383.29	2394.81	29084	0	0
2024.08.07	08:00:00	2394.78	2398.17	2388.10	2397.57	24812	0	2
2024.08.07	12:00:00	2397.54	2407.08	2394.40	2399.10	35324	0	2
2024.08.07	16:00:00	2399.10	2401.83	2383.93	2386.29	31445	0	0
2024.08.07	20:00:00	2386.29	2390.54	2381.06	2383.78	11641	0	0
2024.08.08	00:00:00	2383.80	2391.44	2382.88	2390.52	29974	0	1
2024.08.08	04:00:00	2390.52	2400.79	2388.78	2397.83	30208	0	1
2024.08.08	08:00:00	2397.81	2406.46	2392.93	2405.35	23989	0	1
2024.08.08	12:00:00	2405.24	2424.38	2402.37	2413.80	43911	0	0
2024.08.08	16:00:00	2413.78	2426.36	2412.07	2424.04	27793	0	2
2024.08.08	20:00:00	2424.04	2427.60	2421.66	2425.88	9922	0	0
2024.08.09	00:00:00	2425.87	2428.95	2420.03	2422.54	22627	0	1
2024.08.09	04:00:00	2422.54	2424.53	2416.95	2420.84	23149	0	1
2024.08.09	08:00:00	2420.82	2431.54	2420.41	2430.53	21363	0	1
2024.08.09	12:00:00	2430.54	2436.00	2421.21	2428.74	36292	0	0
2024.08.09	16:00:00	2428.74	2437.08	2426.62	2429.90	24193	0	1
2024.08.09	20:00:00	2429.91	2431.17	2427.45	2430.87	5920	0	1
2024.08.11	20:00:00	2428.37	2433.53	2427.40	2430.55	2748	0	0
2024.08.12	00:00:00	2430.56	2430.73	2423.92	2426.28	17104	0	0
2024.08.12	04:00:00	2426.28	2437.29	2425.79	2436.89	18826	0	0
2024.08.12	08:00:00	2436.89	2445.10	2435.64	2443.87	21056	0	0
2024.08.12	12:00:00	2443.86	2457.56	2439.73	2453.41	32268	0	0
2024.08.12	16:00:00	2453.41	2471.02	2453.00	2470.34	27879	0	2
2024.08.12	20:00:00	2470.33	2474.09	2469.81	2473.81	7967	0	0
2024.08.13	00:00:00	2473.81	2476.96	2460.89	2461.54	25547	0	2
2024.08.13	04:00:00	2461.55	2465.05	2458.52	2463.36	24381	0	1
2024.08.13	08:00:00	2463.31	2466.15	2458.98	2462.23	24038	0	0
2024.08.13	12:00:00	2462.23	2475.52	2459.03	2471.42	35514	0	0
2024.08.13	16:00:00	2471.60	2473.07	2466.03	2467.87	21537	0	1
2024.08.13	20:00:00	2467.82	2468.85	2462.30	2465.59	7349	0	0
2024.08.14	00:00:00	2465.59	2472.59	2455.37	2459.98	24326	0	0
2024.08.14	04:00:00	2459.96	2467.79	2458.85	2467.48	23105	0	0
2024.08.14	08:00:00	2467.48	2478.61	2466.42	2475.04	24344	0	0
2024.08.14	12:00:00	2475.04	2479.80	2447.09	2450.28	41363	0	0
2024.08.14	16:00:00	2450.27	2452.24	2438.15	2447.78	28525	0	0
2024.08.14	20:00:00	2447.78	2448.69	2444.42	2447.97	7252	0	0
2024.08.15	00:00:00	2447.96	2454.32	2447.28	2451.54	22363	0	0
2024.08.15	04:00:00	2451.54	2458.95	2450.43	2456.09	19886	0	4
2024.08.15	08:00:00	2456.03	2460.33	2453.64	2458.22	19019	0	0
2024.08.15	12:00:00	2458.23	2470.11	2432.24	2452.30	43388	0	0
2024.08.15	16:00:00	2452.32	2459.94	2450.59	2458.30	24802	0	0
2024.08.15	20:00:00	2458.30	2461.64	2454.21	2454.91	8770	0	0
2024.08.16	00:00:00	2454.94	2460.09	2453.70	2455.01	20743	0	0
2024.08.16	04:00:00	2455.00	2457.90	2450.83	2455.04	20700	0	0
2024.08.16	08:00:00	2455.05	2468.27	2451.20	2464.66	22540	0	0
2024.08.16	12:00:00	2464.66	2500.07	2464.66	2487.23	41613	0	0
2024.08.16	16:00:00	2487.27	2505.63	2485.70	2503.35	27798	0	0
2024.08.16	20:00:00	2503.35	2509.75	2501.79	2507.73	8246	0	0
2024.08.18	20:00:00	2505.92	2506.18	2502.21	2504.94	3551	0	4
2024.08.19	00:00:00	2504.96	2506.87	2495.03	2503.55	20578	0	4
2024.08.19	04:00:00	2503.59	2505.89	2498.90	2502.19	22441	0	4
2024.08.19	08:00:00	2502.15	2507.18	2489.60	2489.85	19275	0	4
2024.08.19	12:00:00	2489.84	2504.86	2485.72	2501.33	28245	0	4
2024.08.19	16:00:00	2501.30	2507.55	2500.00	2504.31	19272	0	4
2024.08.19	20:00:00	2504.28	2505.87	2502.20	2504.35	5362	0	4
2024.08.20	00:00:00	2504.38	2508.28	2498.76	2499.71	17818	0	4
2024.08.20	04:00:00	2499.69	2505.76	2497.38	2502.59	16575	0	4
2024.08.20	08:00:00	2502.50	2525.23	2501.26	2522.94	22984	0	4
2024.08.20	12:00:00	2522.93	2531.69	2519.96	2523.90	27904	0	4
2024.08.20	16:00:00	2523.86	2524.04	2500.97	2513.39	22865	0	4
2024.08.20	20:00:00	2513.40	2516.94	2510.98	2514.81	5931	0	4
2024.08.21	00:00:00	2514.82	2519.98	2510.98	2519.46	17841	0	4
2024.08.21	04:00:00	2519.40	2519.62	2511.89	2514.47	17462	0	4
2024.08.21	08:00:00	2514.53	2517.03	2504.52	2509.44	17945	0	4
2024.08.21	12:00:00	2509.46	2513.72	2494.10	2501.49	27971	0	4
2024.08.21	16:00:00	2501.52	2519.15	2501.49	2516.07	22440	0	4
2024.08.21	20:00:00	2516.12	2516.40	2509.81	2514.04	7429	0	4
2024.08.22	00:00:00	2514.05	2514.70	2500.01	2502.23	18333	0	4
2024.08.22	04:00:00	2502.33	2510.63	2499.39	2507.54	19764	0	4
2024.08.22	08:00:00	2507.58	2509.83	2501.22	2505.39	19299	0	4
2024.08.22	12:00:00	2505.40	2506.03	2470.85	2480.14	30612	0	4
2024.08.22	16:00:00	2480.12	2486.05	2475.08	2482.23	21940	0	4
2024.08.22	20:00:00	2482.25	2485.68	2478.63	2485.20	6638	0	4
2024.08.23	00:00:00	2485.20	2492.30	2485.02	2489.93	17135	0	4
2024.08.23	04:00:00	2489.97	2495.80	2489.57	2492.93	17490	0	4
2024.08.23	08:00:00	2492.94	2501.88	2491.77	2499.07	17993	0	4
2024.08.23	12:00:00	2499.08	2517.86	2494.49	2509.18	28393	0	4
2024.08.23	16:00:00	2509.24	2518.37	2501.92	2509.77	26244	0	4
2024.08.23	20:00:00	2509.77	2512.82	2508.00	2512.49	5820	0	4
2024.08.25	20:00:00	2512.08	2514.63	2511.13	2513.08	1816	0	4
2024.08.26	00:00:00	2513.10	2516.96	2510.68	2511.97	21747	0	4
2024.08.26	04:00:00	2511.99	2515.34	2508.80	2515.06	19322	0	4
2024.08.26	08:00:00	2515.10	2526.66	2514.20	2524.97	19019	0	4
2024.08.26	12:00:00	2524.97	2526.86	2510.70	2516.97	27666	0	4
2024.08.26	16:00:00	2516.91	2523.41	2511.47	2516.94	19727	0	4
2024.08.26	20:00:00	2516.96	2520.99	2516.89	2517.36	6061	0	4
2024.08.27	00:00:00	2517.39	2517.73	2505.92	2508.81	16429	0	4
2024.08.27	04:00:00	2508.78	2517.42	2505.91	2515.00	18213	0	4
2024.08.27	08:00:00	2514.97	2517.59	2503.60	2509.02	21318	0	4
2024.08.27	12:00:00	2509.05	2518.15	2503.64	2514.78	26802	0	4
2024.08.27	16:00:00	2514.79	2526.01	2509.98	2524.49	21351	0	4
2024.08.27	20:00:00	2524.50	2526.04	2523.14	2525.67	6710	0	4
2024.08.28	00:00:00	2525.68	2529.06	2513.47	2516.39	15299	0	4
2024.08.28	04:00:00	2516.39	2517.17	2503.42	2508.60	18836	0	4
2024.08.28	08:00:00	2508.56	2511.41	2502.72	2505.43	18191	0	4
2024.08.28	12:00:00	2505.41	2510.59	2493.73	2507.65	27253	0	4
2024.08.28	16:00:00	2507.61	2510.27	2496.52	2508.04	21004	0	4
2024.08.28	20:00:00	2508.05	2509.64	2502.94	2507.30	8857	0	4
2024.08.29	00:00:00	2507.23	2515.40	2506.55	2512.93	14328	0	4
2024.08.29	04:00:00	2512.88	2521.25	2512.47	2516.99	16595	0	4
2024.08.29	08:00:00	2516.97	2524.43	2515.18	2523.19	18487	0	4
2024.08.29	12:00:00	2523.17	2523.42	2503.69	2522.17	28807	0	4
2024.08.29	16:00:00	2522.25	2528.70	2517.50	2523.13	24092	0	4
2024.08.29	20:00:00	2523.12	2524.88	2520.57	2520.98	7310	0	4
2024.08.30	00:00:00	2521.00	2521.01	2514.29	2516.13	16061	0	4
2024.08.30	04:00:00	2516.12	2524.13	2512.28	2517.90	20626	0	4
2024.08.30	08:00:00	2517.91	2526.86	2515.22	2515.31	20164	0	4
2024.08.30	12:00:00	2515.35	2524.79	2506.49	2509.13	37276	0	4
2024.08.30	16:00:00	2509.14	2509.59	2494.29	2502.43	30899	0	4
2024.08.30	20:00:00	2502.37	2504.11	2498.34	2503.23	7016	0	4
2024.09.01	20:00:00	2502.76	2504.89	2502.60	2503.51	1295	0	4
2024.09.02	00:00:00	2503.52	2505.03	2490.16	2492.01	18573	0	4
2024.09.02	04:00:00	2492.00	2501.49	2491.53	2497.68	18906	0	4
2024.09.02	08:00:00	2497.67	2507.33	2496.26	2499.28	20053	0	4
2024.09.02	12:00:00	2499.28	2503.28	2497.17	2502.08	20652	0	4
2024.09.02	16:00:00	2502.11	2502.49	2498.72	2500.01	6469	0	4
2024.09.02	20:00:00	2499.50	2499.74	2497.60	2497.81	1015	0	4
2024.09.03	00:00:00	2497.81	2498.54	2489.91	2495.36	20108	0	4
2024.09.03	04:00:00	2495.32	2498.94	2492.82	2497.94	20635	0	4
2024.09.03	08:00:00	2497.92	2506.34	2492.78	2497.36	25852	0	4
2024.09.03	12:00:00	2497.32	2502.19	2473.60	2478.33	44305	0	4
2024.09.03	16:00:00	2478.38	2492.05	2477.25	2489.39	24988	0	4
2024.09.03	20:00:00	2489.36	2494.48	2489.03	2493.14	7773	0	4
2024.09.04	00:00:00	2493.15	2496.92	2491.39	2495.33	18016	0	4
2024.09.04	04:00:00	2495.32	2496.78	2483.78	2484.34	17927	0	4
2024.09.04	08:00:00	2484.32	2490.01	2471.96	2489.05	27947	0	4
2024.09.04	12:00:00	2489.06	2500.28	2482.18	2496.29	37930	0	4
2024.09.04	16:00:00	2496.27	2498.41	2492.56	2494.74	22335	0	4
2024.09.04	20:00:00	2494.79	2496.97	2491.56	2495.43	7262	0	4
2024.09.05	00:00:00	2495.44	2499.33	2494.54	2498.17	15766	0	4
2024.09.05	04:00:00	2498.13	2506.98	2493.89	2504.46	19588	0	4
2024.09.05	08:00:00	2504.41	2517.31	2503.06	2516.32	24582	0	4
2024.09.05	12:00:00	2516.33	2523.50	2507.75	2508.79	38762	0	4
2024.09.05	16:00:00	2508.84	2516.87	2504.02	2515.64	23756	0	4
2024.09.05	20:00:00	2515.64	2516.90	2513.70	2516.24	6023	0	4
2024.09.06	00:00:00	2516.23	2518.12	2513.08	2517.81	15014	0	4
2024.09.06	04:00:00	2517.82	2521.90	2516.70	2519.26	16820	0	4
2024.09.06	08:00:00	2519.20	2519.94	2515.59	2518.99	18347	0	4
2024.09.06	12:00:00	2519.00	2529.18	2500.61	2506.80	45766	0	4
2024.09.06	16:00:00	2506.85	2518.49	2485.21	2494.66	40395	0	4
2024.09.06	20:00:00	2494.65	2497.86	2490.75	2497.37	6787	0	4
2024.09.08	20:00:00	2497.06	2498.04	2496.22	2497.93	1499	0	4
2024.09.09	00:00:00	2497.98	2499.19	2494.78	2497.28	20822	0	4
2024.09.09	04:00:00	2497.27	2500.47	2485.60	2489.84	23610	0	4
2024.09.09	08:00:00	2489.85	2499.22	2488.95	2494.46	27030	0	4
2024.09.09	12:00:00	2494.48	2505.33	2493.31	2496.92	31912	0	4
2024.09.09	16:00:00	2496.93	2506.58	2493.66	2504.77	20440	0	4
2024.09.09	20:00:00	2504.78	2507.24	2502.67	2507.11	6133	0	4
2024.09.10	00:00:00	2507.02	2507.71	2501.85	2503.06	16246	0	4
2024.09.10	04:00:00	2503.00	2506.63	2500.84	2505.16	16757	0	4
2024.09.10	08:00:00	2504.96	2509.71	2500.21	2505.71	22794	0	4
2024.09.10	12:00:00	2505.72	2515.38	2500.91	2509.13	35116	0	4
2024.09.10	16:00:00	2509.19	2518.47	2508.31	2516.36	22390	0	4
2024.09.10	20:00:00	2516.37	2517.52	2514.17	2516.54	6695	0	4
2024.09.11	00:00:00	2516.57	2522.65	2515.04	2518.80	18774	0	4
2024.09.11	04:00:00	2518.81	2529.10	2516.89	2526.64	22655	0	4
2024.09.11	08:00:00	2526.65	2527.79	2519.84	2521.79	19391	0	4
2024.09.11	12:00:00	2521.80	2524.22	2488.00	2509.51	50024	0	4
2024.09.11	16:00:00	2509.54	2520.07	2508.78	2511.55	27913	0	4
2024.09.11	20:00:00	2511.53	2513.94	2509.85	2512.94	6526	0	4
2024.09.12	00:00:00	2512.93	2515.28	2511.09	2512.28	16471	0	4
2024.09.12	04:00:00	2512.29	2522.30	2512.25	2516.95	19864	0	4
2024.09.12	08:00:00	2516.97	2521.10	2513.24	2513.27	27563	0	4
2024.09.12	12:00:00	2513.26	2554.82	2513.10	2553.41	73935	0	4
2024.09.12	16:00:00	2553.43	2558.81	2544.91	2555.93	49231	0	4
2024.09.12	20:00:00	2555.94	2560.09	2554.60	2557.48	15625	0	4
2024.09.13	00:00:00	2557.51	2568.07	2556.72	2565.42	32322	0	4
2024.09.13	04:00:00	2565.41	2570.31	2563.17	2567.16	34074	0	4
2024.09.13	08:00:00	2567.18	2572.96	2563.96	2567.12	37832	0	4
2024.09.13	12:00:00	2567.13	2583.41	2563.73	2578.39	56571	0	4
2024.09.13	16:00:00	2578.40	2586.09	2573.77	2582.38	40336	0	4
2024.09.13	20:00:00	2582.37	2582.98	2577.10	2578.88	8005	0	4
2024.09.15	20:00:00	2578.22	2580.49	2577.71	2580.12	2924	0	4
2024.09.16	00:00:00	2580.15	2586.00	2578.33	2585.43	15965	0	4
2024.09.16	04:00:00	2585.44	2589.69	2583.92	2585.33	21102	0	4
2024.09.16	08:00:00	2585.35	2588.54	2575.34	2579.86	35532	0	4
2024.09.16	12:00:00	2579.86	2589.37	2576.20	2580.29	48612	0	4
2024.09.16	16:00:00	2580.28	2584.18	2577.74	2581.08	28872	0	4
2024.09.16	20:00:00	2581.08	2583.61	2579.68	2582.96	7248	0	4
2024.09.17	00:00:00	2583.03	2586.36	2578.46	2581.62	17657	0	4
2024.09.17	04:00:00	2581.60	2586.97	2574.64	2584.40	24870	0	4
2024.09.17	08:00:00	2584.39	2585.71	2569.82	2573.06	32837	0	4
2024.09.17	12:00:00	2573.12	2582.24	2568.47	2576.50	58963	0	4
2024.09.17	16:00:00	2576.51	2577.16	2560.84	2570.21	41001	0	4
2024.09.17	20:00:00	2570.18	2571.45	2567.04	2570.80	9599	0	4
2024.09.18	00:00:00	2570.78	2576.52	2570.12	2573.86	28256	0	4
2024.09.18	04:00:00	2573.85	2576.49	2565.79	2569.12	28704	0	4
2024.09.18	08:00:00	2569.15	2578.16	2568.03	2576.19	27070	0	4
2024.09.18	12:00:00	2576.19	2580.76	2568.10	2571.70	45085	0	3
2024.09.18	16:00:00	2571.71	2600.19	2566.38	2576.08	55408	0	4
2024.09.18	20:00:00	2576.09	2576.21	2547.02	2559.36	40077	0	4
2024.09.19	00:00:00	2559.35	2566.75	2551.29	2564.18	40667	0	4
2024.09.19	04:00:00	2564.17	2578.83	2559.64	2575.88	40254	0	4
2024.09.19	08:00:00	2575.87	2594.92	2575.09	2588.68	44780	0	4
2024.09.19	12:00:00	2588.69	2591.32	2569.87	2581.30	72625	0	4
2024.09.19	16:00:00	2581.32	2592.70	2580.50	2588.25	38217	0	4
2024.09.19	20:00:00	2588.22	2589.74	2586.00	2587.80	8799	0	4
2024.09.20	00:00:00	2587.72	2592.59	2584.87	2591.63	25259	0	4
2024.09.20	04:00:00	2591.61	2607.03	2591.04	2605.49	31240	0	4
2024.09.20	08:00:00	2605.52	2614.24	2602.55	2613.19	39209	0	4
2024.09.20	12:00:00	2613.24	2619.39	2602.70	2614.05	62849	0	4
2024.09.20	16:00:00	2614.12	2625.80	2611.32	2621.75	50713	0	4
2024.09.20	20:00:00	2621.74	2623.40	2619.09	2622.17	9565	0	4
2024.09.22	20:00:00	2621.06	2622.07	2619.78	2620.48	1510	0	4
2024.09.23	00:00:00	2620.48	2626.27	2616.14	2625.44	22949	0	4
2024.09.23	04:00:00	2625.44	2631.41	2624.51	2624.51	26198	0	4
2024.09.23	08:00:00	2624.50	2625.09	2613.91	2621.54	41445	0	4
2024.09.23	12:00:00	2621.57	2634.89	2620.11	2630.47	51849	0	4
2024.09.23	16:00:00	2630.48	2632.01	2625.81	2627.41	36800	0	4
2024.09.23	20:00:00	2627.42	2628.60	2625.74	2627.58	8465	0	4
2024.09.24	00:00:00	2627.55	2630.26	2623.87	2629.01	28020	0	4
2024.09.24	04:00:00	2628.98	2640.17	2624.59	2628.76	42411	0	4
2024.09.24	08:00:00	2628.77	2636.17	2622.72	2633.43	36745	0	4
2024.09.24	12:00:00	2633.42	2647.18	2623.44	2643.59	52678	0	4
2024.09.24	16:00:00	2643.59	2657.74	2639.83	2657.33	35788	0	4
2024.09.24	20:00:00	2657.29	2664.40	2656.44	2659.23	10183	0	4
2024.09.25	00:00:00	2659.19	2670.62	2655.58	2670.21	23965	0	4
2024.09.25	04:00:00	2670.20	2670.33	2653.61	2654.80	24836	0	4
2024.09.25	08:00:00	2654.85	2658.62	2651.54	2655.66	23341	0	4
2024.09.25	12:00:00	2655.66	2667.50	2653.99	2659.03	37363	0	4
2024.09.25	16:00:00	2659.13	2663.02	2649.82	2660.44	27764	0	4
2024.09.25	20:00:00	2660.37	2661.67	2656.33	2658.36	7317	0	4
2024.09.26	00:00:00	2658.31	2661.65	2655.47	2658.24	16558	0	4
2024.09.26	04:00:00	2658.18	2663.47	2657.90	2661.78	20365	0	4
2024.09.26	08:00:00	2661.77	2675.69	2659.55	2672.73	26698	0	4
2024.09.26	12:00:00	2672.64	2685.63	2654.88	2665.92	79907	0	4
2024.09.26	16:00:00	2665.91	2677.14	2662.56	2675.96	47193	0	4
2024.09.26	20:00:00	2675.98	2677.89	2670.86	2672.41	10562	0	4
2024.09.27	00:00:00	2672.46	2673.31	2666.31	2669.05	33608	0	4
2024.09.27	04:00:00	2669.04	2674.04	2662.40	2665.83	40058	0	4
2024.09.27	08:00:00	2665.84	2668.30	2658.40	2664.38	43733	0	4
2024.09.27	12:00:00	2664.37	2674.31	2649.49	2649.60	62998	0	4
2024.09.27	16:00:00	2649.57	2656.39	2643.15	2648.04	53525	0	4
2024.09.27	20:00:00	2648.05	2660.26	2645.70	2658.29	11170	0	4
2024.09.29	20:00:00	2662.10	2663.57	2659.89	2662.81	4769	0	4
2024.09.30	00:00:00	2662.78	2665.99	2647.42	2652.69	42631	0	4
2024.09.30	04:00:00	2652.68	2660.17	2652.21	2657.88	30680	0	4
2024.09.30	08:00:00	2657.90	2660.68	2635.86	2636.99	40892	0	4
2024.09.30	12:00:00	2636.97	2644.24	2628.87	2633.33	61756	0	4
2024.09.30	16:00:00	2633.34	2641.90	2624.72	2631.56	51490	0	4
2024.09.30	20:00:00	2631.55	2635.18	2626.44	2635.04	14445	0	4
2024.10.01	00:00:00	2635.07	2640.06	2634.00	2636.48	16114	0	4
2024.10.01	04:00:00	2636.47	2645.59	2634.60	2645.34	21426	0	4
2024.10.01	08:00:00	2645.38	2650.55	2641.77	2650.39	36303	0	4
2024.10.01	12:00:00	2650.40	2671.69	2646.93	2659.33	63421	0	4
2024.10.01	16:00:00	2659.30	2673.12	2653.91	2661.14	57257	0	4
2024.10.01	20:00:00	2661.15	2664.34	2657.93	2662.14	10794	0	4
2024.10.02	00:00:00	2662.15	2662.31	2656.33	2660.20	20862	0	4
2024.10.02	04:00:00	2660.18	2661.58	2644.59	2649.83	28292	0	4
2024.10.02	08:00:00	2649.74	2655.88	2648.68	2649.19	31541	0	4
2024.10.02	12:00:00	2649.16	2663.28	2643.87	2648.14	57731	0	4
2024.10.02	16:00:00	2648.15	2655.99	2641.18	2654.11	36724	0	4
2024.10.02	20:00:00	2654.12	2660.39	2653.74	2659.53	10329	0	4
2024.10.03	00:00:00	2659.54	2662.93	2655.08	2655.86	22595	0	4
2024.10.03	04:00:00	2655.84	2657.97	2651.34	2655.91	26281	0	4
2024.10.03	08:00:00	2655.90	2656.24	2641.03	2646.80	37953	0	4
2024.10.03	12:00:00	2646.84	2654.51	2639.66	2650.25	63222	0	4
2024.10.03	16:00:00	2650.26	2662.15	2648.01	2657.58	36876	0	4
2024.10.03	20:00:00	2657.59	2659.53	2654.47	2656.10	9816	0	4
2024.10.04	00:00:00	2656.09	2663.57	2654.39	2662.09	17749	0	4
2024.10.04	04:00:00	2662.10	2667.87	2659.75	2660.29	21183	0	4
2024.10.04	08:00:00	2660.27	2663.20	2656.92	2658.33	26499	0	4
2024.10.04	12:00:00	2658.32	2662.60	2632.04	2658.42	68426	0	4
2024.10.04	16:00:00	2658.41	2670.21	2641.90	2645.65	53440	0	4
2024.10.04	20:00:00	2645.63	2654.04	2642.80	2653.70	9946	0	4
2024.10.06	20:00:00	2651.26	2652.26	2650.06	2650.87	2733	0	4
2024.10.07	00:00:00	2650.88	2652.48	2643.93	2645.31	22214	0	4
2024.10.07	04:00:00	2645.30	2648.65	2639.76	2643.26	22275	0	4
2024.10.07	08:00:00	2643.25	2658.54	2642.10	2655.43	34637	0	4
2024.10.07	12:00:00	2655.41	2659.72	2637.80	2640.89	57222	0	4
2024.10.07	16:00:00	2640.89	2650.18	2639.18	2640.86	29127	0	4
2024.10.07	20:00:00	2640.85	2649.18	2640.43	2644.26	11241	0	4
2024.10.08	00:00:00	2644.27	2648.28	2633.83	2635.78	40959	0	4
2024.10.08	04:00:00	2635.62	2646.49	2635.30	2636.46	34893	0	4
2024.10.08	08:00:00	2636.45	2647.47	2628.61	2646.35	37133	0	4
2024.10.08	12:00:00	2646.39	2653.03	2619.94	2621.02	52130	0	4
2024.10.08	16:00:00	2621.05	2621.21	2604.81	2615.77	40136	0	4
2024.10.08	20:00:00	2615.76	2623.70	2614.97	2622.02	10724	0	4
2024.10.09	00:00:00	2622.05	2624.26	2616.93	2618.47	26411	0	4
2024.10.09	04:00:00	2618.46	2624.37	2610.68	2612.80	27152	0	4
2024.10.09	08:00:00	2612.76	2621.51	2609.21	2621.16	27822	0	4
2024.10.09	12:00:00	2621.11	2622.43	2605.32	2609.89	41185	0	4
2024.10.09	16:00:00	2609.87	2617.92	2605.22	2606.44	29422	0	4
2024.10.09	20:00:00	2606.45	2610.27	2606.37	2608.92	7644	0	4
2024.10.10	00:00:00	2608.88	2615.64	2605.99	2615.29	23597	0	4
2024.10.10	04:00:00	2615.28	2616.93	2610.68	2612.53	24438	0	4
2024.10.10	08:00:00	2612.34	2618.48	2610.28	2618.00	21798	0	4
2024.10.10	12:00:00	2618.01	2629.77	2603.36	2625.49	55518	0	4
2024.10.10	16:00:00	2625.48	2629.16	2616.59	2626.50	40235	0	4
2024.10.10	20:00:00	2626.49	2631.51	2626.03	2628.30	9569	0	4
2024.10.11	00:00:00	2628.32	2644.16	2628.32	2642.42	28628	0	4
2024.10.11	04:00:00	2642.40	2647.22	2638.10	2639.56	23975	0	4
2024.10.11	08:00:00	2639.52	2646.24	2636.31	2641.68	23718	0	4
2024.10.11	12:00:00	2641.67	2655.30	2638.75	2653.13	45256	0	4
2024.10.11	16:00:00	2653.11	2661.45	2653.11	2658.69	29335	0	4
2024.10.11	20:00:00	2658.70	2658.93	2654.77	2657.00	6702	0	4
2024.10.13	20:00:00	2651.03	2652.55	2646.95	2650.35	3646	0	4
2024.10.14	00:00:00	2650.36	2655.50	2643.23	2655.21	27232	0	4
2024.10.14	04:00:00	2655.20	2666.82	2653.79	2664.10	20821	0	4
2024.10.14	08:00:00	2664.09	2665.25	2655.87	2655.88	23412	0	4
2024.10.14	12:00:00	2655.90	2661.19	2644.81	2645.72	41106	0	4
2024.10.14	16:00:00	2645.72	2650.95	2644.07	2649.26	20646	0	4
2024.10.14	20:00:00	2649.25	2653.37	2646.18	2650.07	8741	0	4
2024.10.15	00:00:00	2650.09	2652.78	2647.32	2651.68	20903	0	4
2024.10.15	04:00:00	2651.71	2651.71	2638.19	2648.53	29867	0	4
2024.10.15	08:00:00	2648.65	2656.82	2647.97	2653.04	28882	0	4
2024.10.15	12:00:00	2653.06	2664.19	2645.69	2659.82	48364	0	4
2024.10.15	16:00:00	2659.83	2668.93	2657.30	2665.12	33514	0	4
2024.10.15	20:00:00	2665.03	2666.48	2659.48	2662.21	9300	0	4
2024.10.16	00:00:00	2662.22	2670.13	2658.76	2668.10	24571	0	4
2024.10.16	04:00:00	2668.12	2677.75	2665.38	2677.31	27782	0	4
2024.10.16	08:00:00	2677.30	2682.77	2673.27	2674.36	29469	0	4
2024.10.16	12:00:00	2674.37	2685.37	2670.11	2672.19	46581	0	4
2024.10.16	16:00:00	2672.24	2676.72	2666.81	2675.00	27463	0	4
2024.10.16	20:00:00	2674.93	2675.06	2672.85	2673.81	6852	0	4
2024.10.17	00:00:00	2673.80	2684.93	2673.50	2682.02	25985	0	4
2024.10.17	04:00:00	2681.96	2685.77	2674.62	2681.21	31703	0	4
2024.10.17	08:00:00	2681.20	2688.79	2677.02	2687.45	28472	0	4
2024.10.17	12:00:00	2687.46	2696.44	2673.21	2695.74	50906	0	4
2024.10.17	16:00:00	2695.71	2696.77	2683.98	2689.58	33218	0	4
2024.10.17	20:00:00	2689.57	2693.40	2688.96	2692.67	6161	0	4
2024.10.18	00:00:00	2692.72	2711.96	2692.38	2708.19	29872	0	4
2024.10.18	04:00:00	2708.18	2714.10	2702.74	2707.52	32079	0	4
2024.10.18	08:00:00	2707.45	2713.21	2701.73	2712.56	29511	0	4
2024.10.18	12:00:00	2712.57	2720.17	2705.02	2717.43	47769	0	4
2024.10.18	16:00:00	2717.44	2721.29	2713.68	2720.27	30814	0	4
2024.10.18	20:00:00	2720.29	2722.58	2718.07	2721.68	8282	0	4
2024.10.20	20:00:00	2723.13	2723.89	2720.44	2723.68	2530	0	4
2024.10.21	00:00:00	2723.65	2731.45	2721.14	2730.81	33326	0	4
2024.10.21	04:00:00	2730.72	2732.84	2723.65	2730.36	28603	0	4
2024.10.21	08:00:00	2730.25	2736.89	2725.41	2733.41	32431	0	4
2024.10.21	12:00:00	2733.40	2740.59	2722.35	2725.26	50788	0	4
2024.10.21	16:00:00	2725.26	2727.19	2715.37	2716.37	34362	0	4
2024.10.21	20:00:00	2716.42	2721.81	2714.23	2720.77	10866	0	4
2024.10.22	00:00:00	2720.78	2730.69	2720.48	2728.88	23696	0	4
2024.10.22	04:00:00	2728.85	2737.16	2728.73	2735.14	27052	0	4
2024.10.22	08:00:00	2735.03	2739.39	2729.88	2738.97	28918	0	4
2024.10.22	12:00:00	2738.97	2743.21	2729.57	2741.93	47551	0	4
2024.10.22	16:00:00	2741.93	2748.38	2736.92	2744.66	34007	0	4
2024.10.22	20:00:00	2744.63	2748.90	2743.88	2747.39	9721	0	4
2024.10.23	00:00:00	2747.40	2748.13	2737.99	2738.99	23443	0	4
2024.10.23	04:00:00	2738.96	2753.25	2738.36	2750.53	30889	0	4
2024.10.23	08:00:00	2750.54	2758.49	2749.35	2750.82	28093	0	4
2024.10.23	12:00:00	2750.83	2752.95	2716.52	2717.76	52708	0	4
2024.10.23	16:00:00	2717.75	2723.34	2708.75	2714.13	40337	0	4
2024.10.23	20:00:00	2714.12	2718.34	2713.27	2718.06	10328	0	4
2024.10.24	00:00:00	2718.07	2726.79	2717.91	2723.40	27017	0	4
2024.10.24	04:00:00	2723.38	2736.51	2721.47	2735.25	25730	0	4
2024.10.24	08:00:00	2735.20	2739.20	2732.23	2736.93	28518	0	4
2024.10.24	12:00:00	2736.88	2743.30	2722.51	2732.47	47988	0	4
2024.10.24	16:00:00	2732.43	2737.81	2725.87	2735.59	33553	0	4
2024.10.24	20:00:00	2735.64	2737.09	2733.50	2734.68	7659	0	4
2024.10.25	00:00:00	2734.69	2735.56	2726.24	2728.43	21526	0	4
2024.10.25	04:00:00	2728.42	2732.61	2723.99	2732.27	23915	0	4
2024.10.25	08:00:00	2732.25	2732.25	2717.08	2722.30	27827	0	4
2024.10.25	12:00:00	2722.29	2740.60	2721.26	2738.54	42691	0	4
2024.10.25	16:00:00	2738.55	2745.09	2734.08	2742.12	30003	0	4
2024.10.25	20:00:00	2742.13	2747.74	2740.42	2747.03	8467	0	4
2024.10.27	20:00:00	2736.69	2740.27	2734.81	2735.85	4348	0	4
2024.10.28	00:00:00	2735.86	2736.33	2724.76	2729.73	28214	0	4
2024.10.28	04:00:00	2729.74	2744.58	2729.24	2738.96	25779	0	4
2024.10.28	08:00:00	2738.99	2740.90	2727.92	2732.32	26338	0	4
2024.10.28	12:00:00	2732.33	2745.99	2731.29	2740.78	41829	0	4
2024.10.28	16:00:00	2740.77	2745.03	2740.07	2742.54	21897	0	4
2024.10.28	20:00:00	2742.53	2744.52	2741.28	2744.51	3843	0	4
2024.10.29	00:00:00	2744.50	2757.76	2743.34	2751.78	29314	0	4
2024.10.29	04:00:00	2751.79	2756.87	2749.03	2752.52	22934	0	4
2024.10.29	08:00:00	2752.53	2756.63	2746.37	2751.89	29921	0	4
2024.10.29	12:00:00	2751.82	2771.75	2748.30	2764.29	51184	0	4
2024.10.29	16:00:00	2764.28	2774.83	2764.23	2772.23	28839	0	4
2024.10.29	20:00:00	2772.21	2775.21	2771.91	2775.07	4019	0	4
2024.10.30	00:00:00	2775.10	2782.19	2774.91	2779.04	29356	0	4
2024.10.30	04:00:00	2779.03	2789.82	2777.46	2782.30	25667	0	4
2024.10.30	08:00:00	2782.32	2786.51	2778.34	2778.61	25025	0	4
2024.10.30	12:00:00	2778.60	2787.54	2770.93	2784.75	54171	0	4
2024.10.30	16:00:00	2784.72	2790.03	2783.08	2787.41	26766	0	4
2024.10.30	20:00:00	2787.36	2788.16	2784.80	2785.49	4515	0	4
2024.10.31	00:00:00	2785.50	2790.12	2783.64	2784.61	22191	0	4
2024.10.31	04:00:00	2784.70	2786.67	2778.23	2782.09	24435	0	4
2024.10.31	08:00:00	2782.08	2783.13	2773.39	2779.56	26897	0	4
2024.10.31	12:00:00	2779.57	2782.00	2731.58	2740.67	60091	0	4
2024.10.31	16:00:00	2740.75	2749.78	2738.09	2746.57	32273	0	4
2024.10.31	20:00:00	2746.56	2748.21	2743.35	2746.78	5171	0	4
2024.11.01	00:00:00	2746.82	2751.99	2744.92	2751.80	27959	0	4
2024.11.01	04:00:00	2751.78	2757.71	2747.21	2749.70	23342	0	4
2024.11.01	08:00:00	2749.69	2755.49	2744.87	2753.00	26961	0	4
2024.11.01	12:00:00	2753.09	2762.27	2739.77	2744.74	58995	0	4
2024.11.01	16:00:00	2744.76	2746.13	2733.26	2734.16	31222	0	4
2024.11.01	20:00:00	2734.19	2736.85	2733.32	2736.63	3104	0	4
2024.11.03	20:00:00	2733.02	2740.40	2732.62	2738.43	4172	0	4
2024.11.04	00:00:00	2738.42	2742.47	2735.42	2741.05	26982	0	4
2024.11.04	04:00:00	2741.06	2744.79	2735.15	2735.86	24251	0	4
2024.11.04	08:00:00	2735.84	2745.26	2731.93	2740.65	27372	0	4
2024.11.04	12:00:00	2740.63	2748.22	2737.73	2738.59	42293	0	4
2024.11.04	16:00:00	2738.53	2739.70	2731.83	2738.36	28533	0	4
2024.11.04	20:00:00	2738.37	2738.67	2735.95	2736.07	7509	0	4
2024.11.05	00:00:00	2736.08	2736.70	2724.75	2735.31	28232	0	4
2024.11.05	04:00:00	2735.30	2741.38	2731.80	2736.52	24295	0	4
2024.11.05	08:00:00	2736.53	2745.07	2732.15	2741.76	26873	0	4
2024.11.05	12:00:00	2741.75	2750.00	2733.11	2742.06	42374	0	4
2024.11.05	16:00:00	2742.07	2744.53	2736.39	2740.49	25989	0	4
2024.11.05	20:00:00	2740.53	2746.42	2739.72	2745.70	8938	0	4
2024.11.06	00:00:00	2745.68	2749.75	2730.76	2734.22	53416	0	4
2024.11.06	04:00:00	2734.21	2743.67	2701.54	2725.91	54332	0	4
2024.11.06	08:00:00	2725.82	2733.80	2696.25	2699.42	43672	0	4
2024.11.06	12:00:00	2699.21	2708.04	2652.51	2675.82	68987	0	4
2024.11.06	16:00:00	2675.80	2678.15	2661.67	2667.14	39078	0	4
2024.11.06	20:00:00	2667.12	2667.82	2659.09	2664.09	11323	0	4
2024.11.07	00:00:00	2664.07	2664.29	2643.41	2659.29	35681	0	4
2024.11.07	04:00:00	2659.30	2667.69	2652.85	2663.32	29465	0	4
2024.11.07	08:00:00	2663.34	2668.44	2657.45	2666.32	29247	0	4
2024.11.07	12:00:00	2666.35	2700.16	2664.37	2698.86	53572	0	4
2024.11.07	16:00:00	2698.84	2700.39	2687.74	2694.35	42467	0	4
2024.11.07	20:00:00	2694.34	2710.21	2692.92	2706.93	17783	0	4
2024.11.08	00:00:00	2706.92	2710.41	2694.13	2695.24	43397	0	4
2024.11.08	04:00:00	2695.23	2696.36	2680.36	2687.46	39948	0	4
2024.11.08	08:00:00	2687.45	2695.00	2682.00	2691.92	53558	0	4
2024.11.08	12:00:00	2691.93	2704.14	2683.49	2687.57	85508	0	4
2024.11.08	16:00:00	2687.58	2689.34	2682.97	2687.18	45123	0	4
2024.11.08	20:00:00	2687.16	2688.62	2682.92	2684.75	9798	0	4
2024.11.10	20:00:00	2682.61	2685.76	2681.61	2685.67	4583	0	4
2024.11.11	00:00:00	2685.66	2686.17	2666.55	2670.30	42856	0	4
2024.11.11	04:00:00	2670.29	2674.35	2667.02	2669.62	39673	0	4
2024.11.11	08:00:00	2669.60	2675.36	2659.06	2662.65	47110	0	4
2024.11.11	12:00:00	2662.64	2663.20	2613.46	2614.60	84201	0	4
2024.11.11	16:00:00	2614.59	2620.74	2610.69	2619.32	40292	0	4
2024.11.11	20:00:00	2619.33	2626.25	2619.33	2624.01	7462	0	4
2024.11.12	00:00:00	2624.02	2627.17	2618.88	2619.02	38271	0	4
2024.11.12	04:00:00	2618.98	2619.14	2595.31	2598.32	51876	0	4
2024.11.12	08:00:00	2598.33	2606.57	2589.69	2597.92	51383	0	4
2024.11.12	12:00:00	2597.96	2617.05	2597.46	2598.54	81556	0	4
2024.11.12	16:00:00	2598.57	2604.18	2592.53	2598.26	47676	0	4
2024.11.12	20:00:00	2598.25	2601.40	2595.23	2598.97	8476	0	4
2024.11.13	00:00:00	2598.98	2613.28	2598.10	2611.57	42495	0	4
2024.11.13	04:00:00	2611.56	2612.37	2603.63	2606.25	31903	0	4
2024.11.13	08:00:00	2606.22	2611.71	2601.11	2610.81	33254	0	4
2024.11.13	12:00:00	2610.85	2618.75	2593.76	2605.48	85597	0	4
2024.11.13	16:00:00	2605.46	2606.03	2577.68	2580.99	56251	0	4
2024.11.13	20:00:00	2580.98	2581.49	2569.40	2570.94	16647	0	4
2024.11.14	00:00:00	2570.93	2574.75	2558.97	2560.75	44043	0	4
2024.11.14	04:00:00	2560.74	2565.27	2550.48	2557.00	43753	0	4
2024.11.14	08:00:00	2557.01	2559.85	2536.86	2553.70	59588	0	4
2024.11.14	12:00:00	2553.71	2572.99	2550.16	2570.35	85752	0	4
2024.11.14	16:00:00	2570.32	2577.51	2567.20	2576.05	46054	0	4
2024.11.14	20:00:00	2576.09	2576.21	2563.98	2566.98	19217	0	4
2024.11.15	00:00:00	2566.97	2571.73	2563.15	2567.80	33182	0	4
2024.11.15	04:00:00	2567.79	2569.57	2554.47	2563.83	31996	0	4
2024.11.15	08:00:00	2563.82	2573.35	2560.90	2570.76	42516	0	4
2024.11.15	12:00:00	2570.80	2575.98	2561.32	2570.87	89336	0	4
2024.11.15	16:00:00	2570.88	2573.36	2559.50	2563.87	49737	0	4
2024.11.15	20:00:00	2563.88	2563.96	2559.86	2561.75	7351	0	4
2024.11.17	20:00:00	2568.37	2575.55	2568.37	2571.46	6585	0	4
2024.11.18	00:00:00	2571.41	2597.25	2569.89	2589.94	50327	0	4
2024.11.18	04:00:00	2589.92	2593.17	2580.46	2582.91	37832	0	4
2024.11.18	08:00:00	2582.92	2597.32	2582.08	2594.44	46685	0	4
2024.11.18	12:00:00	2594.40	2613.41	2590.44	2613.00	69428	0	4
2024.11.18	16:00:00	2613.03	2615.11	2607.38	2609.86	38352	0	4
2024.11.18	20:00:00	2609.85	2613.09	2608.28	2612.64	8068	0	4
2024.11.19	00:00:00	2612.66	2625.56	2611.13	2624.52	40826	0	4
2024.11.19	04:00:00	2624.53	2626.71	2617.83	2619.15	37539	0	4
2024.11.19	08:00:00	2619.14	2636.52	2618.74	2629.59	55272	0	4
2024.11.19	12:00:00	2629.62	2639.48	2621.05	2624.51	83494	0	4
2024.11.19	16:00:00	2624.50	2633.16	2622.37	2630.75	43074	0	4
2024.11.19	20:00:00	2630.76	2635.53	2630.53	2635.19	9320	0	4
2024.11.20	00:00:00	2635.17	2641.85	2634.75	2638.01	34705	0	4
2024.11.20	04:00:00	2638.02	2638.83	2621.24	2621.61	36715	0	4
2024.11.20	08:00:00	2621.58	2628.20	2618.89	2628.14	41906	0	4
2024.11.20	12:00:00	2628.13	2648.93	2627.11	2648.93	63076	0	4
2024.11.20	16:00:00	2648.92	2655.45	2645.49	2650.94	43020	0	4
2024.11.20	20:00:00	2650.93	2652.97	2647.29	2652.21	10349	0	4
2024.11.21	00:00:00	2652.24	2660.43	2650.46	2656.96	34514	0	4
2024.11.21	04:00:00	2656.94	2664.62	2654.66	2663.16	32621	0	4
2024.11.21	08:00:00	2663.15	2673.53	2662.02	2671.52	38931	0	4
2024.11.21	12:00:00	2671.57	2671.82	2660.49	2667.77	72301	0	4
2024.11.21	16:00:00	2667.75	2673.54	2661.37	2669.69	47610	0	4
2024.11.21	20:00:00	2669.72	2671.88	2668.14	2669.19	9699	0	4
2024.11.22	00:00:00	2669.20	2690.54	2668.89	2686.26	30888	0	4
2024.11.22	04:00:00	2686.25	2699.04	2683.06	2696.49	41083	0	4
2024.11.22	08:00:00	2696.51	2710.17	2693.61	2698.89	56627	0	3
2024.11.22	12:00:00	2698.88	2705.11	2684.50	2703.67	83167	0	4
2024.11.22	16:00:00	2703.71	2711.48	2700.86	2708.22	44262	0	4
2024.11.22	20:00:00	2708.15	2715.33	2705.14	2714.60	8199	0	4
2024.11.24	20:00:00	2712.34	2721.40	2710.71	2719.88	9007	0	4
2024.11.25	00:00:00	2719.87	2720.21	2659.57	2672.35	72639	0	4
2024.11.25	04:00:00	2672.32	2676.38	2658.33	2667.87	65514	0	4
2024.11.25	08:00:00	2667.89	2688.79	2667.21	2686.84	49728	0	4
2024.11.25	12:00:00	2686.87	2687.94	2626.29	2628.32	98556	0	4
2024.11.25	16:00:00	2628.33	2639.46	2615.63	2625.80	58155	0	4
2024.11.25	20:00:00	2625.81	2628.80	2605.27	2610.48	18401	0	4
2024.11.26	00:00:00	2610.51	2632.21	2608.69	2630.44	60710	0	4
2024.11.26	04:00:00	2630.43	2631.44	2610.90	2614.12	42752	0	4
2024.11.26	08:00:00	2614.14	2633.29	2612.50	2633.28	50938	0	4
2024.11.26	12:00:00	2633.29	2641.96	2616.83	2629.51	83538	0	4
2024.11.26	16:00:00	2629.52	2631.45	2619.62	2628.11	46604	0	4
2024.11.26	20:00:00	2628.16	2634.19	2627.59	2632.30	10327	0	4
2024.11.27	00:00:00	2632.31	2640.53	2627.13	2637.83	39200	0	4
2024.11.27	04:00:00	2637.82	2648.52	2636.71	2646.64	36595	0	4
2024.11.27	08:00:00	2646.61	2653.83	2643.41	2651.17	41908	0	4
2024.11.27	12:00:00	2651.18	2658.24	2635.56	2642.74	76940	0	4
2024.11.27	16:00:00	2642.75	2644.34	2633.91	2634.80	42155	0	4
2024.11.27	20:00:00	2634.78	2639.04	2634.28	2637.13	8169	0	4
2024.11.28	00:00:00	2637.18	2638.46	2620.98	2630.35	45081	0	4
2024.11.28	04:00:00	2630.36	2639.63	2629.43	2637.38	28912	0	4
2024.11.28	08:00:00	2637.35	2649.70	2635.78	2646.93	29528	0	4
2024.11.28	12:00:00	2646.93	2647.96	2636.27	2638.20	40831	0	4
2024.11.28	16:00:00	2638.19	2642.52	2637.45	2637.86	12075	0	4
2024.11.28	20:00:00	2638.96	2639.30	2637.25	2638.83	1975	0	4
2024.11.29	00:00:00	2638.82	2662.78	2634.10	2660.06	49243	0	4
2024.11.29	04:00:00	2660.06	2666.32	2658.43	2660.62	37509	0	4
2024.11.29	08:00:00	2660.61	2665.89	2654.58	2659.65	39000	0	4
2024.11.29	12:00:00	2659.69	2665.01	2650.65	2658.93	65593	0	4
2024.11.29	16:00:00	2658.96	2662.31	2654.98	2655.31	30301	0	4
2024.12.01	20:00:00	2649.16	2650.37	2643.15	2645.76	5962	0	4
2024.12.02	00:00:00	2645.77	2647.72	2622.98	2629.42	64874	0	4
2024.12.02	04:00:00	2629.41	2633.64	2621.93	2629.91	47422	0	4
2024.12.02	08:00:00	2629.90	2646.32	2626.64	2641.88	50714	0	4
2024.12.02	12:00:00	2641.87	2651.74	2637.13	2642.35	70375	0	4
2024.12.02	16:00:00	2642.36	2644.38	2633.60	2637.68	37282	0	4
2024.12.02	20:00:00	2637.65	2644.27	2635.35	2642.27	10998	0	4
2024.12.03	00:00:00	2642.31	2645.30	2634.15	2640.55	36188	0	4
2024.12.03	04:00:00	2640.52	2650.09	2637.21	2644.69	30934	0	4
2024.12.03	08:00:00	2644.65	2648.12	2639.30	2643.68	35701	0	4
2024.12.03	12:00:00	2643.69	2655.65	2635.25	2640.49	62043	0	4
2024.12.03	16:00:00	2640.48	2649.21	2638.98	2641.00	32215	0	4
2024.12.03	20:00:00	2640.99	2644.25	2640.74	2642.82	7317	0	4
2024.12.04	00:00:00	2642.81	2648.16	2637.73	2644.53	28155	0	4
2024.12.04	04:00:00	2644.52	2651.44	2640.40	2641.58	26953	0	4
2024.12.04	08:00:00	2641.53	2647.76	2636.75	2646.24	31598	0	4
2024.12.04	12:00:00	2646.25	2657.21	2632.50	2655.03	62418	0	4
2024.12.04	16:00:00	2655.04	2655.59	2646.95	2651.72	40141	0	4
2024.12.04	20:00:00	2651.75	2651.95	2648.08	2650.41	8813	0	4
2024.12.05	00:00:00	2650.40	2650.75	2644.72	2648.95	26902	0	4
2024.12.05	04:00:00	2648.94	2655.56	2645.45	2648.77	28397	0	4
2024.12.05	08:00:00	2648.70	2652.74	2641.98	2651.42	27410	0	4
2024.12.05	12:00:00	2651.41	2654.55	2631.94	2640.30	56651	0	4
2024.12.05	16:00:00	2640.29	2643.42	2623.57	2629.86	38781	0	4
2024.12.05	20:00:00	2629.84	2633.91	2628.04	2633.84	7634	0	4
2024.12.06	00:00:00	2633.85	2642.60	2613.68	2640.91	38084	0	4
2024.12.06	04:00:00	2640.87	2644.52	2635.38	2639.78	28488	0	4
2024.12.06	08:00:00	2639.78	2645.66	2632.54	2638.52	30429	0	4
2024.12.06	12:00:00	2638.51	2643.35	2624.10	2637.65	68504	0	4
2024.12.06	16:00:00	2637.66	2641.67	2633.05	2634.86	32678	0	4
2024.12.06	20:00:00	2634.93	2636.41	2631.13	2633.13	5603	0	4
2024.12.08	20:00:00	2643.24	2648.34	2636.40	2640.15	5350	0	4
2024.12.09	00:00:00	2640.14	2650.59	2627.57	2638.83	41259	0	4
2024.12.09	04:00:00	2638.88	2651.24	2634.75	2650.61	33221	0	4
2024.12.09	08:00:00	2650.62	2660.51	2646.11	2656.34	33979	0	4
2024.12.09	12:00:00	2656.31	2676.43	2653.35	2668.39	58617	0	4
2024.12.09	16:00:00	2668.38	2670.59	2658.94	2660.20	34181	0	4
2024.12.09	20:00:00	2660.18	2661.69	2656.78	2660.57	8342	0	4
2024.12.10	00:00:00	2660.56	2671.76	2658.00	2670.02	36209	0	4
2024.12.10	04:00:00	2670.04	2673.82	2663.70	2664.65	30152	0	4
2024.12.10	08:00:00	2664.66	2676.79	2661.29	2674.59	36599	0	4
2024.12.10	12:00:00	2674.60	2691.82	2672.35	2687.44	54934	0	4
2024.12.10	16:00:00	2687.47	2695.60	2684.82	2691.98	30447	0	4
2024.12.10	20:00:00	2691.97	2698.40	2690.99	2696.05	8686	0	4
2024.12.11	00:00:00	2696.06	2704.42	2693.60	2695.53	37998	0	4
2024.12.11	04:00:00	2695.49	2698.18	2675.78	2690.32	29717	0	4
2024.12.11	08:00:00	2690.33	2699.91	2686.47	2696.52	41351	0	4
2024.12.11	12:00:00	2696.57	2715.98	2690.67	2713.22	65573	0	4
2024.12.11	16:00:00	2713.16	2721.14	2711.13	2718.09	45653	0	4
2024.12.11	20:00:00	2718.13	2720.46	2716.09	2720.13	10033	0	4
2024.12.12	00:00:00	2720.12	2726.20	2700.44	2710.36	32004	0	4
2024.12.12	04:00:00	2710.30	2720.49	2709.88	2716.30	26595	0	4
2024.12.12	08:00:00	2716.34	2719.49	2707.45	2710.90	44039	0	4
2024.12.12	12:00:00	2710.94	2712.47	2675.24	2679.69	75299	0	4
2024.12.12	16:00:00	2679.70	2687.09	2677.53	2683.06	44995	0	4
2024.12.12	20:00:00	2683.04	2683.59	2679.45	2680.75	11347	0	4
2024.12.13	00:00:00	2680.74	2692.82	2679.01	2688.24	40485	0	4
2024.12.13	04:00:00	2688.21	2690.60	2681.16	2683.25	33968	0	4
2024.12.13	08:00:00	2683.22	2684.85	2664.39	2665.05	44075	0	4
2024.12.13	12:00:00	2665.02	2673.02	2654.75	2660.04	64096	0	4
2024.12.13	16:00:00	2659.99	2664.60	2652.26	2653.03	40688	0	4
2024.12.13	20:00:00	2653.02	2653.53	2646.16	2648.75	9985	0	4
2024.12.15	20:00:00	2649.41	2653.09	2648.79	2651.56	3373	0	4
2024.12.16	00:00:00	2651.55	2655.69	2643.63	2653.87	31384	0	4
2024.12.16	04:00:00	2653.87	2655.90	2649.59	2653.82	23907	0	4
2024.12.16	08:00:00	2653.78	2664.17	2652.36	2663.59	32008	0	4
2024.12.16	12:00:00	2663.63	2664.42	2650.91	2654.43	48237	0	4
2024.12.16	16:00:00	2654.42	2655.82	2648.65	2653.31	31416	0	4
2024.12.16	20:00:00	2653.32	2653.65	2651.58	2651.79	8393	0	4
2024.12.17	00:00:00	2651.78	2658.70	2651.21	2653.62	26125	0	4
2024.12.17	04:00:00	2653.64	2657.11	2646.53	2653.80	29271	0	4
2024.12.17	08:00:00	2653.73	2653.74	2636.25	2642.22	38435	0	4
2024.12.17	12:00:00	2642.25	2646.91	2633.16	2640.20	54415	0	4
2024.12.17	16:00:00	2640.22	2649.06	2636.77	2645.39	33001	0	4
2024.12.17	20:00:00	2645.38	2647.73	2643.15	2647.49	8577	0	4
2024.12.18	00:00:00	2647.50	2651.76	2645.37	2645.73	27143	0	4
2024.12.18	04:00:00	2645.72	2649.54	2642.78	2644.80	26339	0	4
2024.12.18	08:00:00	2644.79	2649.70	2642.15	2646.17	28113	0	4
2024.12.18	12:00:00	2646.16	2647.79	2633.86	2638.26	45965	0	4
2024.12.18	16:00:00	2638.25	2640.02	2604.24	2604.64	45314	0	4
2024.12.18	20:00:00	2604.54	2609.28	2583.94	2587.99	26802	0	4
2024.12.19	00:00:00	2588.01	2618.17	2587.94	2610.46	38456	0	4
2024.12.19	04:00:00	2610.45	2622.67	2603.37	2616.57	29470	0	4
2024.12.19	08:00:00	2616.60	2626.46	2613.25	2616.82	38810	0	4
2024.12.19	12:00:00	2616.89	2616.89	2587.05	2588.59	71520	0	4
2024.12.19	16:00:00	2588.52	2601.09	2587.27	2596.79	46335	0	4
2024.12.19	20:00:00	2596.78	2600.38	2592.40	2593.59	11379	0	4
2024.12.20	00:00:00	2593.59	2604.03	2589.68	2598.52	30862	0	4
2024.12.20	04:00:00	2598.53	2607.58	2596.54	2606.29	25196	0	4
2024.12.20	08:00:00	2606.32	2607.77	2600.22	2603.72	33341	0	4
2024.12.20	12:00:00	2603.71	2631.16	2600.54	2630.44	60618	0	4
2024.12.20	16:00:00	2630.45	2631.94	2622.29	2627.96	45194	0	4
2024.12.20	20:00:00	2627.95	2628.14	2619.39	2622.67	9494	0	4
2024.12.22	20:00:00	2622.69	2624.85	2621.79	2624.30	2273	0	4
2024.12.23	00:00:00	2624.38	2627.47	2617.65	2624.06	23641	0	4
2024.12.23	04:00:00	2624.05	2633.29	2623.84	2630.30	18791	0	4
2024.12.23	08:00:00	2630.33	2632.14	2613.00	2616.27	24378	0	4
2024.12.23	12:00:00	2616.30	2619.82	2609.37	2609.80	37658	0	4
2024.12.23	16:00:00	2609.82	2616.65	2608.23	2611.17	24901	0	4
2024.12.23	20:00:00	2611.19	2617.12	2609.28	2615.48	6787	0	4
2024.12.24	00:00:00	2615.51	2619.90	2613.54	2618.71	17292	0	4
2024.12.24	04:00:00	2618.72	2621.53	2616.50	2618.54	15509	0	4
2024.12.24	08:00:00	2618.60	2619.99	2612.37	2615.28	16053	0	4
2024.12.24	12:00:00	2615.29	2617.49	2610.11	2611.86	28169	0	4
2024.12.24	16:00:00	2611.80	2619.50	2611.72	2618.75	9719	0	4
2024.12.25	20:00:00	2615.95	2620.19	2615.34	2618.63	1517	0	4
2024.12.26	00:00:00	2618.62	2629.16	2618.61	2626.90	15166	0	4
2024.12.26	04:00:00	2626.89	2629.50	2623.73	2625.41	12609	0	4
2024.12.26	08:00:00	2625.51	2630.09	2625.22	2627.92	11365	0	4
2024.12.26	12:00:00	2627.91	2639.18	2621.70	2636.52	29518	0	4
2024.12.26	16:00:00	2636.65	2636.86	2628.13	2634.93	21206	0	4
2024.12.26	20:00:00	2634.92	2636.24	2631.83	2632.51	7349	0	4
2024.12.27	00:00:00	2632.53	2635.49	2628.93	2633.79	18186	0	4
2024.12.27	04:00:00	2633.78	2638.36	2631.31	2633.73	15002	0	4
2024.12.27	08:00:00	2633.71	2633.71	2623.60	2628.71	17576	0	4
2024.12.27	12:00:00	2628.77	2631.63	2611.62	2618.20	39585	0	4
2024.12.27	16:00:00	2618.23	2621.50	2614.28	2620.75	20756	0	4
2024.12.27	20:00:00	2620.80	2621.74	2612.81	2621.69	6632	0	4
2024.12.29	20:00:00	2621.85	2626.25	2621.74	2624.29	2463	0	4
2024.12.30	00:00:00	2624.30	2628.21	2621.53	2626.77	16320	0	4
2024.12.30	04:00:00	2626.72	2626.75	2615.94	2617.02	15878	0	4
2024.12.30	08:00:00	2617.01	2618.77	2609.26	2616.35	21823	0	4
2024.12.30	12:00:00	2616.34	2622.73	2599.63	2601.54	41130	0	4
2024.12.30	16:00:00	2601.53	2608.37	2596.12	2607.25	28932	0	4
2024.12.30	20:00:00	2607.26	2609.63	2603.93	2606.76	6245	0	4
2024.12.31	00:00:00	2606.73	2611.67	2603.56	2604.71	12809	0	4
2024.12.31	04:00:00	2604.70	2614.23	2602.53	2613.95	14512	0	4
2024.12.31	08:00:00	2613.82	2617.84	2609.90	2611.15	19950	0	4
2024.12.31	12:00:00	2611.12	2626.80	2605.37	2626.48	33449	0	4
2024.12.31	16:00:00	2626.58	2627.57	2622.34	2623.86	26700	0	4
2024.12.31	20:00:00	2623.83	2625.17	2622.33	2624.22	4800	0	4
2025.01.01	20:00:00	2625.14	2625.85	2621.64	2623.77	1848	0	4
2025.01.02	00:00:00	2623.79	2636.41	2622.88	2633.60	23853	0	4
2025.01.02	04:00:00	2633.59	2636.56	2631.28	2635.99	17368	0	4
2025.01.02	08:00:00	2636.00	2646.55	2631.15	2642.08	26525	0	4
2025.01.02	12:00:00	2642.05	2656.00	2636.02	2654.15	48619	0	4
2025.01.02	16:00:00	2654.09	2660.56	2650.07	2654.76	35698	0	4
2025.01.02	20:00:00	2654.85	2660.44	2654.21	2658.34	8768	0	4
2025.01.03	00:00:00	2658.36	2665.42	2656.22	2662.31	18834	0	4
2025.01.03	04:00:00	2662.26	2664.43	2651.94	2654.40	20040	0	4
2025.01.03	08:00:00	2654.31	2659.36	2649.95	2657.64	28894	0	4
2025.01.03	12:00:00	2657.63	2658.34	2641.04	2644.01	53397	0	4
2025.01.03	16:00:00	2643.97	2647.33	2639.16	2639.59	34959	0	4
2025.01.03	20:00:00	2639.58	2640.93	2636.77	2639.67	8280	0	4
2025.01.05	20:00:00	2639.77	2642.47	2639.73	2641.08	2494	0	4
2025.01.06	00:00:00	2641.03	2647.46	2638.67	2640.24	27062	0	4
2025.01.06	04:00:00	2640.21	2640.87	2625.24	2627.02	22687	0	4
2025.01.06	08:00:00	2627.01	2649.32	2625.88	2646.76	28208	0	4
2025.01.06	12:00:00	2644.59	2648.91	2616.47	2634.43	66778	0	4
2025.01.06	16:00:00	2634.47	2641.32	2632.64	2634.43	32809	0	4
2025.01.06	20:00:00	2634.45	2637.06	2633.26	2634.67	8123	0	4
2025.01.07	00:00:00	2634.69	2641.20	2633.02	2639.66	22589	0	4
2025.01.07	04:00:00	2639.58	2646.85	2637.14	2640.57	25996	0	4
2025.01.07	08:00:00	2640.58	2648.73	2640.17	2648.49	26281	0	4
2025.01.07	12:00:00	2648.48	2664.33	2641.98	2647.83	62049	0	4
2025.01.07	16:00:00	2647.81	2656.20	2646.55	2649.37	47827	0	4
2025.01.07	20:00:00	2649.35	2651.53	2647.27	2649.81	10880	0	4
2025.01.08	00:00:00	2649.69	2651.58	2645.70	2646.83	22471	0	4
2025.01.08	04:00:00	2646.82	2654.48	2645.35	2652.70	21966	0	4
2025.01.08	08:00:00	2652.72	2655.21	2647.65	2650.76	30005	0	4
2025.01.08	12:00:00	2650.92	2667.80	2645.88	2665.85	56337	0	4
2025.01.08	16:00:00	2665.83	2670.12	2649.37	2658.34	42912	0	4
2025.01.08	20:00:00	2658.39	2664.15	2658.37	2662.64	10975	0	4
2025.01.09	00:00:00	2662.62	2662.83	2656.41	2659.42	19021	0	4
2025.01.09	04:00:00	2659.41	2666.91	2655.60	2662.41	20885	0	4
2025.01.09	08:00:00	2662.42	2673.33	2660.50	2670.23	28442	0	4
2025.01.09	12:00:00	2670.22	2678.35	2667.39	2668.40	39760	0	4
2025.01.09	16:00:00	2668.39	2672.58	2662.82	2670.25	30332	0	4
2025.01.09	20:00:00	2670.24	2671.33	2668.56	2670.06	5806	0	4
2025.01.10	00:00:00	2670.05	2674.85	2669.00	2673.76	21410	0	4
2025.01.10	04:00:00	2673.77	2678.77	2671.64	2676.20	21813	0	4
2025.01.10	08:00:00	2676.22	2683.05	2675.77	2681.39	37944	0	4
2025.01.10	12:00:00	2681.36	2697.93	2663.68	2692.72	79041	0	4
2025.01.10	16:00:00	2692.71	2697.77	2684.66	2685.93	57431	0	4
2025.01.10	20:00:00	2685.97	2693.29	2684.42	2689.37	7817	0	4
2025.01.12	20:00:00	2689.55	2691.31	2687.47	2691.19	3345	0	4
2025.01.13	00:00:00	2691.17	2693.44	2679.43	2688.07	34760	0	4
2025.01.13	04:00:00	2688.08	2691.28	2683.38	2685.37	35842	0	4
2025.01.13	08:00:00	2685.36	2689.71	2675.54	2676.02	47045	0	4
2025.01.13	12:00:00	2675.99	2677.19	2661.11	2661.76	68357	0	4
2025.01.13	16:00:00	2661.71	2668.00	2656.95	2658.94	39995	0	4
2025.01.13	20:00:00	2658.98	2669.43	2658.75	2668.02	10849	0	4
2025.01.14	00:00:00	2668.12	2672.29	2666.49	2669.88	32358	0	4
2025.01.14	04:00:00	2669.87	2675.31	2667.29	2669.28	28589	0	4
2025.01.14	08:00:00	2669.23	2674.49	2664.72	2669.28	37718	0	4
2025.01.14	12:00:00	2669.29	2674.57	2659.96	2671.73	62390	0	4
2025.01.14	16:00:00	2671.74	2676.30	2666.83	2674.34	38564	0	4
2025.01.14	20:00:00	2674.33	2678.24	2671.99	2675.64	12067	0	4
2025.01.15	00:00:00	2675.64	2676.38	2669.36	2676.20	18763	0	4
2025.01.15	04:00:00	2676.21	2684.21	2674.27	2681.39	25296	0	4
2025.01.15	08:00:00	2681.41	2689.10	2681.24	2686.86	36806	0	4
2025.01.15	12:00:00	2686.87	2695.96	2676.76	2678.47	71521	0	4
2025.01.15	16:00:00	2678.53	2695.17	2676.99	2694.09	43142	0	4
2025.01.15	20:00:00	2694.08	2697.53	2693.24	2694.93	9898	0	4
2025.01.16	00:00:00	2695.04	2702.29	2692.88	2697.24	33142	0	4
2025.01.16	04:00:00	2697.19	2699.96	2690.05	2698.36	28627	0	4
2025.01.16	08:00:00	2698.49	2711.30	2697.26	2706.39	36504	0	4
2025.01.16	12:00:00	2706.42	2719.61	2700.35	2716.96	66389	0	4
2025.01.16	16:00:00	2716.95	2724.80	2714.88	2715.29	40099	0	4
2025.01.16	20:00:00	2715.30	2717.04	2712.46	2714.65	9499	0	4
2025.01.17	00:00:00	2714.64	2717.34	2709.96	2715.50	27154	0	4
2025.01.17	04:00:00	2715.48	2716.57	2708.76	2710.58	27160	0	4
2025.01.17	08:00:00	2710.60	2712.99	2702.81	2708.07	31885	0	4
2025.01.17	12:00:00	2708.08	2715.19	2702.89	2714.36	58868	0	4
2025.01.17	16:00:00	2714.32	2717.35	2702.84	2703.13	34726	0	4
2025.01.17	20:00:00	2703.15	2704.25	2699.08	2702.69	10578	0	4
2025.01.19	20:00:00	2701.20	2703.20	2691.13	2696.72	4039	0	4
2025.01.20	00:00:00	2696.62	2704.01	2689.45	2703.54	31871	0	4
2025.01.20	04:00:00	2703.53	2713.80	2702.27	2703.60	30439	0	4
2025.01.20	08:00:00	2703.72	2712.44	2702.95	2708.48	30415	0	4
2025.01.20	12:00:00	2708.47	2712.22	2701.13	2707.11	55973	0	4
2025.01.20	16:00:00	2707.10	2711.10	2703.51	2709.29	17720	0	4
2025.01.20	20:00:00	2707.66	2711.19	2706.63	2710.37	2029	0	4
2025.01.21	00:00:00	2710.38	2727.01	2702.51	2724.27	31165	0	4
2025.01.21	04:00:00	2724.31	2732.93	2722.64	2729.84	25015	0	4
2025.01.21	08:00:00	2729.82	2729.82	2716.57	2724.07	31915	0	4
2025.01.21	12:00:00	2724.08	2740.50	2721.94	2738.84	40035	0	4
2025.01.21	16:00:00	2738.83	2746.03	2737.81	2742.78	27675	0	4
2025.01.21	20:00:00	2742.80	2745.92	2740.06	2744.40	8288	0	4
2025.01.22	00:00:00	2744.49	2751.18	2742.64	2750.43	22932	0	4
2025.01.22	04:00:00	2750.41	2758.62	2745.66	2748.79	28412	0	4
2025.01.22	08:00:00	2748.78	2763.47	2746.95	2756.66	26424	0	4
2025.01.22	12:00:00	2756.64	2761.73	2750.49	2759.43	43946	0	4
2025.01.22	16:00:00	2759.42	2760.21	2754.98	2755.38	26083	0	4
2025.01.22	20:00:00	2755.40	2757.26	2753.87	2755.45	8100	0	4
2025.01.23	00:00:00	2755.44	2756.30	2749.63	2750.14	24453	0	4
2025.01.23	04:00:00	2750.15	2755.60	2750.00	2752.94	22002	0	4
2025.01.23	08:00:00	2752.88	2754.89	2741.02	2751.95	32340	0	4
2025.01.23	12:00:00	2751.90	2753.33	2735.95	2746.64	47428	0	4
2025.01.23	16:00:00	2746.55	2758.92	2744.26	2754.21	36605	0	4
2025.01.23	20:00:00	2754.22	2755.69	2751.46	2754.57	11638	0	4
2025.01.24	00:00:00	2754.54	2777.34	2754.39	2772.49	38893	0	4
2025.01.24	04:00:00	2772.48	2778.33	2770.64	2772.66	35169	0	4
2025.01.24	08:00:00	2772.69	2780.13	2770.05	2776.72	29307	0	4
2025.01.24	12:00:00	2776.62	2785.98	2773.84	2775.89	50814	0	4
2025.01.24	16:00:00	2775.92	2777.61	2769.95	2774.67	36494	0	4
2025.01.24	20:00:00	2774.66	2774.84	2770.63	2771.23	8714	0	4
2025.01.26	20:00:00	2765.77	2768.98	2764.09	2767.64	2972	0	4
2025.01.27	00:00:00	2767.51	2772.70	2754.02	2761.22	35846	0	4
2025.01.27	04:00:00	2761.21	2761.22	2747.36	2749.32	38430	0	4
2025.01.27	08:00:00	2749.42	2772.03	2749.33	2771.40	37183	0	4
2025.01.27	12:00:00	2771.38	2771.78	2739.55	2742.14	54522	0	4
2025.01.27	16:00:00	2742.10	2743.15	2730.58	2739.39	50583	0	4
2025.01.27	20:00:00	2739.44	2745.46	2738.24	2741.73	12916	0	4
2025.01.28	00:00:00	2741.76	2745.23	2737.96	2738.90	26125	0	4
2025.01.28	04:00:00	2738.88	2744.97	2738.41	2738.69	25474	0	4
2025.01.28	08:00:00	2738.87	2745.26	2734.83	2742.77	35226	0	4
2025.01.28	12:00:00	2742.71	2757.20	2741.37	2755.34	52317	0	4
2025.01.28	16:00:00	2755.33	2764.95	2755.29	2764.86	38614	0	4
2025.01.28	20:00:00	2764.84	2765.01	2762.41	2762.64	9784	0	4
2025.01.29	00:00:00	2762.69	2766.31	2762.26	2762.83	22048	0	4
2025.01.29	04:00:00	2762.74	2764.19	2757.46	2759.22	28615	0	4
2025.01.29	08:00:00	2759.24	2766.20	2757.20	2759.10	34815	0	4
2025.01.29	12:00:00	2759.09	2761.24	2748.58	2754.21	55779	0	4
2025.01.29	16:00:00	2754.27	2757.80	2744.91	2755.21	49971	0	4
2025.01.29	20:00:00	2755.19	2760.71	2752.68	2760.33	15350	0	4
2025.01.30	00:00:00	2760.27	2762.63	2759.01	2761.88	20137	0	4
2025.01.30	04:00:00	2761.79	2769.55	2758.89	2769.18	25519	0	4
2025.01.30	08:00:00	2769.19	2779.45	2768.79	2777.71	35750	0	4
2025.01.30	12:00:00	2777.74	2796.76	2776.23	2795.44	68378	0	4
2025.01.30	16:00:00	2795.43	2798.44	2788.72	2793.49	54526	0	4
2025.01.30	20:00:00	2793.48	2798.59	2789.75	2796.44	20484	0	4
2025.01.31	00:00:00	2796.51	2799.60	2794.50	2796.42	27047	0	4
2025.01.31	04:00:00	2796.43	2801.11	2792.27	2798.40	27448	0	4
2025.01.31	08:00:00	2798.47	2800.75	2791.11	2800.29	38432	0	4
2025.01.31	12:00:00	2800.28	2817.23	2800.00	2809.16	59120	0	4
2025.01.31	16:00:00	2809.24	2816.33	2795.37	2796.44	64744	0	4
2025.01.31	20:00:00	2796.38	2802.41	2794.26	2797.98	19532	0	4
2025.02.02	20:00:00	2801.66	2804.29	2784.21	2794.08	5836	0	4
2025.02.03	00:00:00	2795.32	2796.16	2772.19	2774.55	47815	0	4
2025.02.03	04:00:00	2774.54	2789.90	2774.27	2789.36	42256	0	4
2025.02.03	08:00:00	2789.37	2804.27	2786.98	2801.28	45865	0	4
2025.02.03	12:00:00	2801.34	2831.08	2800.62	2817.52	64552	0	4
2025.02.03	16:00:00	2817.50	2825.26	2813.11	2818.33	47865	0	4
2025.02.03	20:00:00	2818.31	2819.52	2812.20	2813.67	16267	0	4
2025.02.04	00:00:00	2813.92	2824.62	2812.32	2821.43	29638	0	4
2025.02.04	04:00:00	2821.42	2821.54	2807.07	2812.71	45312	0	4
2025.02.04	08:00:00	2812.73	2822.00	2810.27	2815.53	49783	0	4
2025.02.04	12:00:00	2815.56	2845.38	2814.61	2835.97	67759	0	4
2025.02.04	16:00:00	2835.98	2845.08	2832.67	2843.15	45336	0	4
2025.02.04	20:00:00	2843.17	2844.88	2840.76	2841.45	13754	0	4
2025.02.05	00:00:00	2841.43	2854.61	2839.75	2852.38	36860	0	4
2025.02.05	04:00:00	2852.32	2864.37	2851.89	2864.32	26560	0	4
2025.02.05	08:00:00	2864.30	2877.10	2863.73	2868.65	38108	0	4
2025.02.05	12:00:00	2868.73	2882.31	2858.63	2880.15	61971	0	4
2025.02.05	16:00:00	2880.18	2881.03	2862.95	2863.58	47314	0	4
2025.02.05	20:00:00	2863.57	2870.89	2860.01	2869.44	15819	0	4
2025.02.06	00:00:00	2869.42	2873.31	2863.84	2869.36	32184	0	4
2025.02.06	04:00:00	2869.40	2872.41	2855.19	2855.75	34236	0	4
2025.02.06	08:00:00	2855.96	2867.42	2848.92	2866.02	41341	0	4
2025.02.06	12:00:00	2866.05	2870.43	2834.32	2850.68	65919	0	4
2025.02.06	16:00:00	2850.67	2854.71	2848.18	2853.90	39865	0	4
2025.02.06	20:00:00	2853.88	2858.63	2853.72	2858.18	13290	0	4
2025.02.07	00:00:00	2858.17	2870.50	2857.92	2867.27	26695	0	4
2025.02.07	04:00:00	2867.26	2869.58	2859.07	2864.17	29552	0	4
2025.02.07	08:00:00	2864.21	2870.80	2863.30	2867.78	34405	0	4
2025.02.07	12:00:00	2867.84	2886.83	2852.60	2880.58	67870	0	4
2025.02.07	16:00:00	2880.50	2881.58	2853.46	2860.32	46104	0	4
2025.02.07	20:00:00	2860.19	2863.80	2859.34	2860.96	10476	0	4
2025.02.09	20:00:00	2861.32	2870.39	2860.17	2867.75	3413	0	4
2025.02.10	00:00:00	2867.80	2876.66	2865.94	2875.49	30834	0	4
2025.02.10	04:00:00	2875.50	2896.53	2874.43	2895.58	31830	0	4
2025.02.10	08:00:00	2895.56	2906.25	2892.33	2904.75	38687	0	4
2025.02.10	12:00:00	2904.73	2911.91	2896.22	2909.02	55771	0	4
2025.02.10	16:00:00	2909.05	2910.34	2896.72	2904.40	38476	0	4
2025.02.10	20:00:00	2904.39	2921.51	2903.00	2917.93	15587	0	4
2025.02.11	00:00:00	2917.86	2942.86	2905.51	2919.61	43380	0	4
2025.02.11	04:00:00	2919.44	2929.59	2907.22	2913.34	37734	0	4
2025.02.11	08:00:00	2913.25	2915.44	2901.85	2903.95	45856	0	4
2025.02.11	12:00:00	2903.94	2906.59	2881.74	2904.88	69948	0	4
2025.02.11	16:00:00	2904.86	2908.77	2899.71	2900.22	40488	0	4
2025.02.11	20:00:00	2900.23	2900.87	2894.13	2898.66	15501	0	4
2025.02.12	00:00:00	2898.69	2898.99	2883.80	2888.93	33404	0	4
2025.02.12	04:00:00	2888.98	2895.83	2883.97	2892.82	28905	0	4
2025.02.12	08:00:00	2892.84	2894.06	2879.44	2879.79	33112	0	4
2025.02.12	12:00:00	2879.80	2898.06	2863.95	2894.78	56731	0	4
2025.02.12	16:00:00	2894.75	2909.09	2892.22	2897.94	41480	0	4
2025.02.12	20:00:00	2897.95	2906.55	2895.56	2905.84	14033	0	4
2025.02.13	00:00:00	2905.79	2918.12	2901.47	2916.53	26006	0	4
2025.02.13	04:00:00	2916.51	2922.82	2912.78	2914.52	29772	0	4
2025.02.13	08:00:00	2914.60	2919.42	2909.57	2917.94	32003	0	4
2025.02.13	12:00:00	2917.96	2921.40	2906.04	2920.32	51650	0	4
2025.02.13	16:00:00	2920.27	2927.34	2913.01	2926.93	35415	0	4
2025.02.13	20:00:00	2926.91	2932.30	2924.99	2931.19	13951	0	4
2025.02.14	00:00:00	2931.16	2933.86	2923.28	2924.43	28232	0	4
2025.02.14	04:00:00	2924.40	2936.86	2923.85	2931.91	30247	0	4
2025.02.14	08:00:00	2931.88	2940.00	2929.40	2931.07	34250	0	4
2025.02.14	12:00:00	2931.06	2933.16	2892.96	2901.94	66720	0	4
2025.02.14	16:00:00	2901.93	2903.93	2878.85	2880.65	51936	0	4
2025.02.14	20:00:00	2880.57	2886.32	2877.09	2882.66	13097	0	4
2025.02.16	20:00:00	2893.60	2893.79	2878.68	2879.36	7193	0	4
2025.02.17	00:00:00	2879.63	2904.62	2879.57	2903.64	30287	0	4
2025.02.17	04:00:00	2903.60	2905.02	2888.16	2902.50	26832	0	4
2025.02.17	08:00:00	2902.60	2906.47	2895.16	2901.05	29430	0	4
2025.02.17	12:00:00	2901.09	2904.20	2895.55	2899.30	36144	0	4
2025.02.17	16:00:00	2899.29	2901.25	2896.61	2897.42	13492	0	4
2025.02.17	20:00:00	2898.98	2899.55	2897.35	2899.32	1113	0	4
2025.02.18	00:00:00	2899.37	2910.83	2892.07	2908.96	24972	0	4
2025.02.18	04:00:00	2908.98	2915.72	2907.29	2911.53	21431	0	4
2025.02.18	08:00:00	2911.52	2914.94	2907.19	2914.38	21030	0	4
2025.02.18	12:00:00	2914.39	2929.71	2912.25	2927.28	41761	0	4
2025.02.18	16:00:00	2927.20	2936.94	2924.32	2935.74	31271	0	4
2025.02.18	20:00:00	2935.76	2936.72	2932.48	2934.04	9037	0	4
2025.02.19	00:00:00	2934.02	2939.79	2924.12	2928.95	23888	0	4
2025.02.19	04:00:00	2928.92	2935.92	2926.71	2934.26	22708	0	4
2025.02.19	08:00:00	2934.24	2946.97	2933.77	2935.12	33992	0	4
2025.02.19	12:00:00	2935.11	2941.64	2925.51	2925.59	64303	0	4
2025.02.19	16:00:00	2925.74	2932.36	2918.67	2931.80	49762	0	4
2025.02.19	20:00:00	2931.78	2937.54	2931.52	2935.45	15215	0	4
2025.02.20	00:00:00	2935.42	2944.09	2933.99	2941.91	28220	0	4
2025.02.20	04:00:00	2941.92	2954.35	2939.41	2948.87	22330	0	4
2025.02.20	08:00:00	2948.98	2954.89	2947.35	2948.88	27150	0	4
2025.02.20	12:00:00	2948.87	2950.75	2924.14	2938.53	64314	0	4
2025.02.20	16:00:00	2938.54	2947.02	2933.55	2937.98	41066	0	4
2025.02.20	20:00:00	2938.01	2943.44	2935.59	2941.61	12876	0	4
2025.02.21	00:00:00	2941.63	2949.80	2926.44	2931.21	40415	0	4
2025.02.21	04:00:00	2931.20	2934.16	2924.13	2929.98	27575	0	4
2025.02.21	08:00:00	2930.00	2936.18	2916.79	2928.39	28682	0	4
2025.02.21	12:00:00	2928.40	2939.13	2921.56	2928.82	56057	0	4
2025.02.21	16:00:00	2928.75	2942.87	2927.39	2933.52	39303	0	4
2025.02.21	20:00:00	2933.50	2938.38	2932.18	2936.23	14167	0	4
2025.02.23	20:00:00	2939.77	2940.67	2936.54	2936.92	4485	0	4
2025.02.24	00:00:00	2936.93	2944.70	2921.32	2941.25	49662	0	4
2025.02.24	04:00:00	2941.26	2945.02	2935.28	2943.96	31557	0	4
2025.02.24	08:00:00	2943.93	2948.85	2934.99	2947.69	32821	0	4
2025.02.24	12:00:00	2947.68	2956.25	2930.76	2936.59	68236	0	4
2025.02.24	16:00:00	2936.61	2949.96	2936.56	2949.26	37713	0	4
2025.02.24	20:00:00	2949.25	2953.39	2947.04	2950.08	13222	0	4
2025.02.25	00:00:00	2950.14	2952.53	2937.59	2939.56	36176	0	4
2025.02.25	04:00:00	2939.54	2941.00	2930.74	2931.64	33112	0	4
2025.02.25	08:00:00	2931.65	2942.32	2929.63	2938.72	39265	0	4
2025.02.25	12:00:00	2938.73	2944.85	2900.58	2905.93	91683	0	4
2025.02.25	16:00:00	2906.00	2913.90	2888.30	2912.11	58891	0	4
2025.02.25	20:00:00	2912.12	2918.92	2910.88	2918.59	15728	0	4
2025.02.26	00:00:00	2918.56	2930.11	2914.78	2917.15	32670	0	4
2025.02.26	04:00:00	2917.31	2920.90	2905.92	2915.46	29511	0	4
2025.02.26	08:00:00	2915.44	2919.09	2909.68	2913.84	32344	0	4
2025.02.26	12:00:00	2913.82	2915.59	2890.84	2913.39	59638	0	4
2025.02.26	16:00:00	2913.50	2916.72	2909.89	2913.94	35155	0	4
2025.02.26	20:00:00	2913.95	2920.81	2912.08	2919.31	12411	0	4
2025.02.27	00:00:00	2919.33	2919.33	2904.39	2905.74	32069	0	4
2025.02.27	04:00:00	2905.75	2906.58	2887.94	2892.01	48277	0	4
2025.02.27	08:00:00	2892.06	2895.10	2877.15	2884.00	51101	0	4
2025.02.27	12:00:00	2884.02	2892.41	2867.87	2872.31	89869	0	4
2025.02.27	16:00:00	2872.29	2887.74	2872.01	2879.27	45563	0	4
2025.02.27	20:00:00	2879.26	2879.40	2871.33	2875.91	19080	0	4
2025.02.28	00:00:00	2875.90	2885.20	2863.67	2865.85	40526	0	4
2025.02.28	04:00:00	2865.84	2867.20	2856.95	2858.73	39213	0	4
2025.02.28	08:00:00	2858.75	2864.97	2851.14	2862.34	32179	0	4
2025.02.28	12:00:00	2862.38	2864.97	2832.71	2850.09	79743	0	4
2025.02.28	16:00:00	2850.19	2854.02	2838.15	2849.68	45998	0	4
2025.02.28	20:00:00	2849.64	2859.64	2847.83	2857.72	13135	0	4
2025.03.02	20:00:00	2873.15	2876.96	2864.46	2870.99	8707	0	4
2025.03.03	00:00:00	2871.03	2872.08	2859.47	2864.94	39014	0	4
2025.03.03	04:00:00	2864.92	2868.59	2860.22	2863.30	30591	0	4
2025.03.03	08:00:00	2863.39	2875.59	2858.99	2874.41	39555	0	4
2025.03.03	12:00:00	2874.37	2890.44	2868.92	2887.89	64518	0	4
2025.03.03	16:00:00	2887.93	2893.12	2879.86	2881.63	47645	0	4
2025.03.03	20:00:00	2881.62	2895.20	2878.45	2890.90	22668	0	4
2025.03.04	00:00:00	2890.86	2893.83	2881.85	2888.73	33507	0	4
2025.03.04	04:00:00	2888.59	2901.35	2884.48	2900.03	31747	0	4
2025.03.04	08:00:00	2900.01	2921.84	2896.87	2920.02	45249	0	4
2025.03.04	12:00:00	2920.03	2927.86	2900.47	2906.05	81922	0	4
2025.03.04	16:00:00	2906.02	2916.54	2903.82	2916.14	48391	0	4
2025.03.04	20:00:00	2916.05	2920.58	2913.36	2914.33	18147	0	4
2025.03.05	00:00:00	2914.34	2917.47	2902.21	2908.82	38639	0	4
2025.03.05	04:00:00	2908.83	2921.86	2908.68	2918.07	27713	0	4
2025.03.05	08:00:00	2918.06	2922.73	2909.08	2913.30	45044	0	4
2025.03.05	12:00:00	2913.51	2923.89	2894.30	2917.20	87848	0	4
2025.03.05	16:00:00	2917.17	2929.95	2911.72	2920.58	51731	0	4
2025.03.05	20:00:00	2920.60	2923.08	2916.83	2918.28	11509	0	4
2025.03.06	00:00:00	2918.27	2926.71	2915.95	2921.29	26478	0	4
2025.03.06	04:00:00	2921.28	2923.05	2909.83	2909.90	29901	0	4
2025.03.06	08:00:00	2909.98	2911.41	2891.31	2905.88	58447	0	4
2025.03.06	12:00:00	2905.86	2922.73	2899.37	2914.53	79634	0	4
2025.03.06	16:00:00	2914.56	2921.56	2912.41	2914.08	46937	0	4
2025.03.06	20:00:00	2914.04	2916.59	2908.47	2910.41	15233	0	4
2025.03.07	00:00:00	2910.39	2910.39	2896.67	2905.43	38085	0	4
2025.03.07	04:00:00	2905.42	2917.38	2904.88	2917.20	29867	0	4
2025.03.07	08:00:00	2917.19	2922.97	2915.21	2918.84	36336	0	4
2025.03.07	12:00:00	2918.87	2930.28	2903.91	2915.81	87245	0	4
2025.03.07	16:00:00	2915.83	2919.41	2902.12	2905.37	57108	0	4
2025.03.07	20:00:00	2905.30	2912.61	2904.80	2911.15	8701	0	4
2025.03.09	20:00:00	2911.69	2917.03	2909.88	2916.32	7636	0	4
2025.03.10	00:00:00	2916.38	2918.43	2908.26	2911.00	28189	0	4
2025.03.10	04:00:00	2910.99	2915.55	2904.39	2908.49	27201	0	4
2025.03.10	08:00:00	2908.50	2915.45	2895.61	2904.17	55612	0	4
2025.03.10	12:00:00	2904.16	2910.64	2897.70	2904.57	76612	0	4
2025.03.10	16:00:00	2904.56	2906.85	2880.29	2885.33	60753	0	4
2025.03.10	20:00:00	2885.40	2890.26	2882.37	2884.84	9356	0	4
2025.03.11	00:00:00	2884.85	2900.47	2880.20	2896.94	34391	0	4
2025.03.11	04:00:00	2896.95	2903.62	2892.70	2901.12	27551	0	4
2025.03.11	08:00:00	2901.15	2915.37	2900.54	2913.54	37573	0	4
2025.03.11	12:00:00	2913.55	2922.21	2907.00	2916.84	66892	0	4
2025.03.11	16:00:00	2916.85	2921.42	2914.17	2918.40	35103	0	4
2025.03.11	20:00:00	2918.37	2919.82	2914.40	2915.53	8562	0	4
2025.03.12	00:00:00	2915.56	2920.13	2910.88	2914.98	20165	0	4
2025.03.12	04:00:00	2915.01	2921.13	2909.03	2914.57	28191	0	4
2025.03.12	08:00:00	2914.58	2925.39	2912.74	2915.34	37723	0	4
2025.03.12	12:00:00	2915.29	2929.29	2906.14	2928.42	77214	0	4
2025.03.12	16:00:00	2928.44	2940.55	2927.94	2931.30	50304	0	4
2025.03.12	20:00:00	2931.29	2939.44	2930.87	2938.20	8376	0	4
2025.03.13	00:00:00	2938.24	2947.19	2936.62	2945.73	23721	0	4
2025.03.13	04:00:00	2945.70	2946.28	2933.02	2935.37	25709	0	4
2025.03.13	08:00:00	2935.33	2948.88	2934.91	2946.38	32943	0	4
2025.03.13	12:00:00	2946.37	2978.39	2939.14	2977.88	90292	0	4
2025.03.13	16:00:00	2977.90	2985.49	2976.41	2982.94	55225	0	4
2025.03.13	20:00:00	2982.95	2990.00	2981.31	2986.40	10144	0	4
2025.03.14	00:00:00	2986.39	2992.89	2981.62	2992.73	36337	0	4
2025.03.14	04:00:00	2992.69	2993.95	2980.93	2986.98	31147	0	4
2025.03.14	08:00:00	2986.87	3005.01	2985.29	2993.55	41870	0	4
2025.03.14	12:00:00	2993.50	2999.71	2978.54	2984.58	77943	0	4
2025.03.14	16:00:00	2984.55	2990.50	2982.31	2984.08	39992	0	4
2025.03.14	20:00:00	2984.07	2989.01	2981.85	2986.26	2761	0	4
2025.03.16	20:00:00	2985.04	2994.31	2983.01	2989.96	6976	0	4
2025.03.17	00:00:00	2989.95	2993.23	2985.35	2986.96	22963	0	4
2025.03.17	04:00:00	2987.01	2990.78	2982.36	2985.64	20743	0	4
2025.03.17	08:00:00	2985.59	3001.21	2983.19	2997.56	25591	0	4
2025.03.17	12:00:00	2997.57	3000.54	2984.97	2997.21	66757	0	4
2025.03.17	16:00:00	2997.23	3000.91	2993.05	3000.36	32490	0	4
2025.03.17	20:00:00	3000.37	3002.85	2999.68	2999.86	6146	0	4
2025.03.18	00:00:00	2999.83	3015.22	2999.46	3011.56	30260	0	4
2025.03.18	04:00:00	3011.59	3019.00	3006.18	3016.60	31421	0	4
2025.03.18	08:00:00	3016.61	3029.62	3016.41	3026.91	40604	0	4
2025.03.18	12:00:00	3026.89	3038.29	3024.79	3031.73	78321	0	4
2025.03.18	16:00:00	3031.72	3038.08	3029.81	3035.46	38593	0	4
2025.03.18	20:00:00	3035.63	3036.10	3031.47	3031.79	10401	0	4
2025.03.19	00:00:00	3031.75	3039.01	3027.46	3036.35	22516	0	4
2025.03.19	04:00:00	3036.36	3045.37	3034.35	3036.00	30819	0	4
2025.03.19	08:00:00	3036.03	3039.98	3022.81	3038.96	32446	0	4
2025.03.19	12:00:00	3038.94	3041.11	3026.06	3031.56	50281	0	4
2025.03.19	16:00:00	3031.57	3051.94	3029.48	3047.96	48441	0	4
2025.03.19	20:00:00	3047.99	3051.19	3044.34	3050.08	7291	0	4
2025.03.20	00:00:00	3050.09	3056.21	3045.04	3050.01	30381	0	4
2025.03.20	04:00:00	3050.00	3057.44	3041.85	3042.32	32177	0	4
2025.03.20	08:00:00	3042.38	3046.38	3025.79	3034.49	41766	0	4
2025.03.20	12:00:00	3034.52	3042.31	3030.00	3040.75	55502	0	4
2025.03.20	16:00:00	3040.86	3046.02	3034.05	3044.73	31523	0	4
2025.03.20	20:00:00	3044.69	3046.74	3043.38	3046.56	5616	0	4
2025.03.21	00:00:00	3046.55	3047.58	3030.09	3030.58	27654	0	4
2025.03.21	04:00:00	3030.57	3034.04	3021.84	3032.11	27384	0	4
2025.03.21	08:00:00	3032.15	3037.72	3027.19	3034.32	28793	0	4
2025.03.21	12:00:00	3034.30	3038.22	2999.47	3011.12	72890	0	4
2025.03.21	16:00:00	3011.11	3022.03	3010.64	3019.94	33554	0	4
2025.03.21	20:00:00	3019.95	3024.39	3019.94	3023.30	2848	0	4
2025.03.23	20:00:00	3021.14	3026.45	3020.69	3024.80	5813	0	4
2025.03.24	00:00:00	3024.67	3025.64	3013.76	3016.97	33011	0	4
2025.03.24	04:00:00	3016.93	3028.89	3016.54	3022.48	26132	0	4
2025.03.24	08:00:00	3022.49	3033.33	3021.94	3024.66	41521	0	4
2025.03.24	12:00:00	3024.63	3028.69	3005.90	3014.16	63040	0	4
2025.03.24	16:00:00	3014.17	3015.66	3002.51	3006.14	40968	0	4
2025.03.24	20:00:00	3006.12	3014.68	3005.65	3009.92	7679	0	4
2025.03.25	00:00:00	3010.08	3016.24	3007.39	3015.33	23297	0	4
2025.03.25	04:00:00	3015.34	3021.06	3010.67	3011.30	21059	0	4
2025.03.25	08:00:00	3011.35	3026.54	3010.74	3020.80	32116	0	4
2025.03.25	12:00:00	3020.81	3036.04	3014.22	3021.61	58641	0	4
2025.03.25	16:00:00	3021.65	3025.57	3017.93	3019.68	21767	0	4
2025.03.25	20:00:00	3019.72	3022.42	3018.87	3021.03	4720	0	4
2025.03.26	00:00:00	3021.04	3027.15	3016.45	3017.65	25313	0	4
2025.03.26	04:00:00	3017.66	3030.86	3013.46	3030.49	24827	0	4
2025.03.26	08:00:00	3030.48	3032.06	3017.05	3027.60	33715	0	4
2025.03.26	12:00:00	3027.59	3030.13	3012.34	3015.93	53094	0	4
2025.03.26	16:00:00	3015.98	3020.84	3015.26	3017.31	30025	0	4
2025.03.26	20:00:00	3017.37	3021.82	3017.29	3021.74	8609	0	4
2025.03.27	00:00:00	3021.70	3034.31	3021.66	3033.63	26068	0	4
2025.03.27	04:00:00	3033.59	3038.63	3026.78	3035.91	31770	0	4
2025.03.27	08:00:00	3035.95	3055.83	3033.88	3054.70	43918	0	4
2025.03.27	12:00:00	3054.74	3059.64	3033.56	3052.23	83688	0	4
2025.03.27	16:00:00	3052.24	3057.87	3047.91	3057.49	49618	0	4
2025.03.27	20:00:00	3057.50	3057.79	3054.15	3055.77	6106	0	4
2025.03.28	00:00:00	3055.74	3077.67	3055.05	3075.24	34975	0	4
2025.03.28	04:00:00	3075.22	3086.02	3072.60	3079.35	30325	0	4
2025.03.28	08:00:00	3079.34	3081.25	3066.18	3076.36	37763	0	4
2025.03.28	12:00:00	3076.37	3086.87	3067.49	3083.80	84302	0	4
2025.03.28	16:00:00	3083.77	3086.73	3073.63	3080.77	42267	0	4
2025.03.28	20:00:00	3080.73	3085.90	3080.73	3084.69	3519	0	4
2025.03.30	20:00:00	3092.51	3097.60	3088.67	3090.04	3450	0	4
2025.03.31	00:00:00	3090.02	3107.25	3076.77	3106.78	26811	0	4
2025.03.31	04:00:00	3106.79	3128.11	3105.20	3119.52	27286	0	4
2025.03.31	08:00:00	3119.38	3127.21	3111.94	3118.46	29532	0	4
2025.03.31	12:00:00	3118.50	3126.61	3099.93	3123.22	41836	0	4
2025.03.31	16:00:00	3123.21	3127.25	3111.62	3121.49	28699	0	4
2025.03.31	20:00:00	3121.48	3125.45	3120.92	3122.89	5954	0	4
2025.04.01	00:00:00	3122.90	3145.58	3120.08	3145.27	24224	0	4
2025.04.01	04:00:00	3145.25	3149.01	3126.72	3133.77	28471	0	4
2025.04.01	08:00:00	3133.82	3139.07	3124.19	3132.39	28376	0	4
2025.04.01	12:00:00	3132.38	3137.20	3123.90	3128.71	37997	0	4
2025.04.01	16:00:00	3128.72	3133.08	3100.95	3114.18	33841	0	4
2025.04.01	20:00:00	3114.12	3118.42	3107.79	3111.39	7508	0	4
2025.04.02	00:00:00	3111.47	3135.69	3111.21	3128.70	30336	0	4
2025.04.02	04:00:00	3128.61	3132.15	3108.59	3116.59	28078	0	4
2025.04.02	08:00:00	3116.64	3133.85	3110.22	3114.69	36860	0	4
2025.04.02	12:00:00	3114.67	3132.16	3114.50	3124.93	61093	0	4
2025.04.02	16:00:00	3124.92	3134.36	3118.79	3121.92	51144	0	4
2025.04.02	20:00:00	3121.95	3147.57	3121.58	3145.93	20488	0	4
2025.04.03	00:00:00	3146.01	3167.86	3140.72	3145.23	72033	0	4
2025.04.03	04:00:00	3145.24	3152.25	3116.57	3127.77	56134	0	4
2025.04.03	08:00:00	3127.86	3132.12	3089.32	3095.49	67151	0	4
2025.04.03	12:00:00	3095.51	3135.61	3054.14	3128.98	109811	0	4
2025.04.03	16:00:00	3128.97	3129.54	3100.12	3111.66	69195	0	4
2025.04.03	20:00:00	3111.64	3116.74	3101.63	3115.37	12087	0	4
2025.04.04	00:00:00	3115.38	3116.43	3091.23	3096.82	33966	0	4
2025.04.04	04:00:00	3096.79	3110.00	3087.17	3101.15	37733	0	4
2025.04.04	08:00:00	3101.13	3116.16	3078.57	3110.37	70977	0	4
2025.04.04	12:00:00	3110.33	3136.76	3027.16	3038.47	118783	0	4
2025.04.04	16:00:00	3038.45	3050.41	3015.75	3025.68	82419	0	4
2025.04.04	20:00:00	3025.75	3040.86	3022.18	3036.65	14425	0	4
2025.04.06	20:00:00	3028.90	3028.90	3000.19	3009.71	6325	0	4
2025.04.07	00:00:00	3009.68	3055.67	2971.17	3026.30	76717	0	4
2025.04.07	04:00:00	3026.13	3044.65	3016.70	3029.47	53419	0	4
2025.04.07	08:00:00	3029.48	3036.52	3013.48	3031.41	85040	0	4
2025.04.07	12:00:00	3031.42	3046.18	2996.52	2999.15	119445	0	4
2025.04.07	16:00:00	2999.19	3004.63	2956.67	2965.85	88281	0	4
2025.04.07	20:00:00	2965.83	2988.70	2965.39	2986.69	16557	0	4
2025.04.08	00:00:00	2986.68	3004.93	2978.68	3000.93	42678	0	4
2025.04.08	04:00:00	3000.94	3015.83	2990.94	3013.33	38607	0	4
2025.04.08	08:00:00	3013.40	3013.90	2994.96	3009.00	49328	0	4
2025.04.08	12:00:00	3008.99	3022.67	3002.47	3006.24	88734	0	4
2025.04.08	16:00:00	3006.23	3012.45	2974.79	2983.68	78789	0	4
2025.04.08	20:00:00	2983.64	2987.58	2976.70	2981.85	18258	0	4
2025.04.09	00:00:00	2982.05	3011.15	2970.05	3003.03	66949	0	4
2025.04.09	04:00:00	3003.04	3040.97	2999.84	3038.94	65360	0	4
2025.04.09	08:00:00	3038.97	3052.42	3034.38	3042.85	67705	0	4
2025.04.09	12:00:00	3042.90	3084.66	3036.06	3070.62	119133	0	4
2025.04.09	16:00:00	3070.63	3098.90	3048.61	3067.26	76348	0	4
2025.04.09	20:00:00	3067.28	3099.66	3064.30	3080.19	24819	0	4
2025.04.10	00:00:00	3080.37	3120.46	3078.57	3119.69	45526	0	4
2025.04.10	04:00:00	3119.64	3132.50	3112.87	3122.21	34471	0	4
2025.04.10	08:00:00	3122.20	3123.54	3103.47	3119.80	44501	0	4
2025.04.10	12:00:00	3119.81	3154.76	3113.31	3154.63	66264	0	4
2025.04.10	16:00:00	3154.65	3175.64	3151.67	3173.38	59776	0	4
2025.04.10	20:00:00	3173.37	3190.07	3167.98	3189.11	18560	0	4
2025.04.11	00:00:00	3189.15	3219.77	3183.19	3217.53	50638	0	4
2025.04.11	04:00:00	3217.47	3219.97	3187.20	3196.76	47192	0	4
2025.04.11	08:00:00	3196.71	3237.90	3193.97	3212.74	51886	0	4
2025.04.11	12:00:00	3212.70	3244.34	3211.19	3230.24	65573	0	4
2025.04.11	16:00:00	3230.22	3245.43	3219.81	3235.98	46413	0	4
2025.04.11	20:00:00	3235.93	3238.91	3227.54	3237.38	13486	0	4
2025.04.13	20:00:00	3218.28	3224.55	3217.28	3223.94	7018	0	4
2025.04.14	00:00:00	3223.89	3245.72	3215.43	3232.52	57291	0	4
2025.04.14	04:00:00	3232.53	3238.21	3221.43	3228.02	45143	0	4
2025.04.14	08:00:00	3228.03	3231.79	3206.39	3223.48	53051	0	4
2025.04.14	12:00:00	3223.43	3227.79	3193.70	3198.13	93473	0	4
2025.04.14	16:00:00	3198.24	3216.55	3197.84	3212.72	45509	0	4
2025.04.14	20:00:00	3212.75	3214.17	3207.44	3212.66	6305	0	4
2025.04.15	00:00:00	3212.66	3229.01	3210.13	3228.40	38099	0	4
2025.04.15	04:00:00	3228.41	3232.64	3217.36	3225.69	38164	0	4
2025.04.15	08:00:00	3225.73	3232.21	3216.75	3219.98	38265	0	4
2025.04.15	12:00:00	3220.06	3227.01	3211.63	3221.31	85122	0	4
2025.04.15	16:00:00	3221.33	3231.86	3219.55	3229.82	44199	0	4
2025.04.15	20:00:00	3229.85	3251.92	3226.58	3251.90	11069	0	4
2025.04.16	00:00:00	3251.92	3281.79	3251.68	3281.53	59326	0	4
2025.04.16	04:00:00	3281.56	3300.61	3269.43	3300.41	51162	0	4
2025.04.16	08:00:00	3300.44	3317.74	3288.64	3306.92	59685	0	4
2025.04.16	12:00:00	3306.90	3328.24	3296.96	3325.40	73218	0	4
2025.04.16	16:00:00	3325.42	3342.53	3321.46	3336.67	53699	0	4
2025.04.16	20:00:00	3336.72	3352.71	3334.48	3350.08	11263	0	4
2025.04.17	00:00:00	3350.05	3356.28	3320.89	3344.65	71353	0	4
2025.04.17	04:00:00	3344.41	3345.47	3314.37	3323.47	57276	0	4
2025.04.17	08:00:00	3323.50	3334.02	3312.83	3327.46	44148	0	4
2025.04.17	12:00:00	3327.45	3342.29	3284.00	3296.37	104629	0	4
2025.04.17	16:00:00	3296.38	3322.59	3294.88	3320.79	50072	0	4
2025.04.17	20:00:00	3320.78	3328.95	3318.13	3327.31	4875	0	4
2025.04.20	20:00:00	3349.08	3351.87	3343.97	3348.16	8684	0	4
2025.04.21	00:00:00	3348.15	3385.32	3347.56	3382.39	70458	0	4
2025.04.21	04:00:00	3382.43	3396.08	3369.59	3385.34	64832	0	4
2025.04.21	08:00:00	3385.33	3405.95	3383.85	3404.46	57183	0	4
2025.04.21	12:00:00	3404.43	3430.34	3398.12	3423.07	97187	0	4
2025.04.21	16:00:00	3423.08	3430.63	3406.26	3423.54	68332	0	4
2025.04.21	20:00:00	3423.57	3444.47	3419.73	3434.62	16777	0	4
2025.04.22	00:00:00	3434.57	3494.88	3412.25	3487.85	85115	0	4
2025.04.22	04:00:00	3487.83	3500.14	3460.93	3468.72	85559	0	4
2025.04.22	08:00:00	3468.75	3472.71	3443.09	3456.81	74729	0	4
2025.04.22	12:00:00	3456.85	3464.93	3408.76	3417.76	112879	0	4
2025.04.22	16:00:00	3417.79	3421.05	3366.85	3374.73	101646	0	4
2025.04.22	20:00:00	3374.81	3382.80	3332.13	3336.75	19146	0	4
2025.04.23	00:00:00	3336.71	3386.67	3329.21	3339.07	92259	0	4
2025.04.23	04:00:00	3339.04	3349.45	3291.64	3319.27	79948	0	4
2025.04.23	08:00:00	3319.30	3340.59	3305.84	3324.68	57911	0	4
2025.04.23	12:00:00	3324.71	3333.49	3260.19	3280.45	133059	0	4
2025.04.23	16:00:00	3280.58	3305.69	3277.81	3293.99	66965	0	4
2025.04.23	20:00:00	3293.96	3316.87	3283.96	3316.45	10626	0	4
2025.04.24	00:00:00	3316.43	3367.48	3313.38	3327.10	88686	0	4
2025.04.24	04:00:00	3327.07	3339.85	3314.84	3333.81	62978	0	4
2025.04.24	08:00:00	3333.90	3344.02	3325.44	3336.98	57357	0	4
2025.04.24	12:00:00	3337.03	3344.73	3306.70	3329.51	99062	0	4
2025.04.24	16:00:00	3329.60	3347.02	3322.59	3342.30	50229	0	4
2025.04.24	20:00:00	3342.21	3362.60	3338.12	3348.89	14831	0	4
2025.04.25	00:00:00	3348.91	3363.17	3322.74	3323.75	59228	0	4
2025.04.25	04:00:00	3323.76	3327.85	3287.11	3307.37	74898	0	4
2025.04.25	08:00:00	3307.39	3308.87	3288.06	3293.56	56833	0	4
2025.04.25	12:00:00	3293.52	3303.12	3265.25	3283.01	87909	0	4
2025.04.25	16:00:00	3283.10	3312.63	3280.45	3304.91	41946	0	4
2025.04.25	20:00:00	3304.86	3319.29	3304.68	3319.04	5183	0	4
2025.04.27	20:00:00	3312.28	3318.12	3298.62	3302.74	10237	0	4
2025.04.28	00:00:00	3302.79	3316.04	3268.10	3290.98	62433	0	4
2025.04.28	04:00:00	3290.84	3301.08	3277.68	3287.50	45954	0	4
2025.04.28	08:00:00	3287.48	3297.27	3273.21	3294.19	56364	0	4
2025.04.28	12:00:00	3294.16	3336.11	3286.92	3325.11	112104	0	4
2025.04.28	16:00:00	3325.10	3353.00	3324.63	3352.14	61095	0	4
2025.04.28	20:00:00	3352.15	3352.37	3333.87	3337.76	9642	0	4
2025.04.29	00:00:00	3337.82	3340.13	3308.14	3316.09	54859	0	4
2025.04.29	04:00:00	3316.12	3323.93	3305.17	3322.87	41700	0	4
2025.04.29	08:00:00	3322.91	3324.93	3306.31	3309.44	38948	0	4
2025.04.29	12:00:00	3309.43	3321.34	3299.80	3312.44	88992	0	4
2025.04.29	16:00:00	3312.43	3330.03	3312.28	3320.56	44759	0	4
2025.04.29	20:00:00	3320.55	3323.58	3311.08	3317.08	7391	0	4
2025.04.30	00:00:00	3317.09	3328.05	3303.80	3304.80	44701	0	4
2025.04.30	04:00:00	3304.79	3314.73	3301.35	3307.18	40651	0	4
2025.04.30	08:00:00	3307.21	3307.68	3268.37	3272.33	68224	0	4
2025.04.30	12:00:00	3272.42	3319.74	3266.95	3308.14	105256	0	4
2025.04.30	16:00:00	3308.16	3314.34	3292.17	3295.84	41212	0	4
2025.04.30	20:00:00	3295.86	3298.03	3269.83	3272.99	14130	0	4
2025.05.01	00:00:00	3273.07	3276.35	3228.97	3229.41	51964	0	4
2025.05.01	04:00:00	3229.42	3243.24	3221.29	3230.24	42339	0	4
2025.05.01	08:00:00	3230.28	3236.84	3203.42	3205.58	50235	0	4
2025.05.01	12:00:00	3205.61	3233.32	3201.99	3216.53	103679	0	4
2025.05.01	16:00:00	3216.54	3229.83	3208.98	3228.26	47443	0	4
2025.05.01	20:00:00	3228.27	3241.33	3228.11	3237.39	10348	0	4
2025.05.02	00:00:00	3237.46	3258.75	3227.48	3255.03	44700	0	4
2025.05.02	04:00:00	3254.98	3263.37	3246.44	3259.02	41440	0	4
2025.05.02	08:00:00	3259.03	3269.33	3255.22	3262.78	50855	0	4
2025.05.02	12:00:00	3262.76	3265.08	3230.39	3231.62	117729	0	4
2025.05.02	16:00:00	3231.61	3239.89	3222.90	3233.62	87742	0	4
2025.05.02	20:00:00	3233.66	3241.37	3232.78	3241.29	4790	0	4
2025.05.04	20:00:00	3241.61	3252.43	3238.92	3248.09	7700	0	4
2025.05.05	00:00:00	3248.12	3272.38	3241.28	3254.70	49967	0	4
2025.05.05	04:00:00	3254.68	3267.91	3253.77	3264.86	42155	0	4
2025.05.05	08:00:00	3264.84	3319.03	3263.19	3312.85	66298	0	4
2025.05.05	12:00:00	3312.78	3328.89	3309.13	3312.12	79843	0	4
2025.05.05	16:00:00	3312.09	3337.65	3305.71	3328.82	44587	0	4
2025.05.05	20:00:00	3328.71	3335.47	3328.71	3334.16	10019	0	4
2025.05.06	00:00:00	3334.15	3387.13	3323.39	3360.62	80738	0	4
2025.05.06	04:00:00	3360.63	3379.60	3350.32	3371.25	58505	0	4
2025.05.06	08:00:00	3371.26	3385.09	3368.62	3379.17	55312	0	4
2025.05.06	12:00:00	3379.22	3399.89	3373.28	3395.17	90705	0	4
2025.05.06	16:00:00	3395.19	3424.18	3394.81	3423.16	52682	0	4
2025.05.06	20:00:00	3423.15	3434.98	3379.80	3400.81	22594	0	4
2025.05.07	00:00:00	3400.80	3401.59	3360.30	3375.46	79961	0	4
2025.05.07	04:00:00	3375.50	3397.42	3375.13	3388.16	49222	0	4
2025.05.07	08:00:00	3388.17	3393.47	3369.31	3387.05	52687	0	4
2025.05.07	12:00:00	3387.06	3398.10	3375.74	3385.24	81580	0	4
2025.05.07	16:00:00	3385.23	3397.98	3363.79	3372.03	67749	0	4
2025.05.07	20:00:00	3372.04	3377.17	3363.82	3376.44	11380	0	4
2025.05.08	00:00:00	3376.50	3414.83	3373.80	3396.92	62556	0	4
2025.05.08	04:00:00	3396.88	3399.33	3320.42	3343.10	82702	0	4
2025.05.08	08:00:00	3343.11	3346.77	3330.54	3344.47	51826	0	4
2025.05.08	12:00:00	3344.43	3369.53	3327.01	3330.70	90274	0	4
2025.05.08	16:00:00	3330.57	3330.57	3288.83	3306.51	71488	0	4
2025.05.08	20:00:00	3306.55	3321.87	3303.96	3316.50	11192	0	4
2025.05.09	00:00:00	3316.54	3323.20	3274.74	3308.08	73491	0	4
2025.05.09	04:00:00	3308.12	3332.43	3308.12	3327.26	57420	0	4
2025.05.09	08:00:00	3327.35	3338.47	3320.37	3333.02	47708	0	4
2025.05.09	12:00:00	3333.20	3346.26	3320.42	3345.05	83175	0	4
2025.05.09	16:00:00	3345.11	3347.47	3325.57	3328.97	38440	0	4
2025.05.09	20:00:00	3328.90	3330.48	3325.19	3326.64	4282	0	4
2025.05.11	20:00:00	3267.34	3289.03	3266.03	3287.73	11693	0	4
2025.05.12	00:00:00	3287.70	3290.17	3258.97	3283.51	69988	0	4
2025.05.12	04:00:00	3283.55	3283.81	3216.22	3222.59	86906	0	4
2025.05.12	08:00:00	3222.58	3234.45	3207.83	3224.97	72164	0	4
2025.05.12	12:00:00	3224.95	3248.65	3220.46	3239.32	72800	0	4
2025.05.12	16:00:00	3239.31	3240.15	3220.40	3235.46	43359	0	4
2025.05.12	20:00:00	3235.48	3240.11	3232.61	3236.92	6830	0	4
2025.05.13	00:00:00	3236.85	3243.44	3215.91	3236.61	46317	0	4
2025.05.13	04:00:00	3236.62	3265.57	3235.00	3259.15	42200	0	4
2025.05.13	08:00:00	3259.27	3261.32	3248.89	3249.20	35410	0	4
2025.05.13	12:00:00	3249.12	3255.87	3225.58	3253.40	68904	0	4
2025.05.13	16:00:00	3253.45	3257.89	3242.04	3249.45	30095	0	4
2025.05.13	20:00:00	3249.42	3257.14	3248.19	3254.50	6136	0	4
2025.05.14	00:00:00	3254.49	3254.73	3226.36	3228.45	43773	0	4
2025.05.14	04:00:00	3228.46	3238.91	3221.83	3238.09	42466	0	4
2025.05.14	08:00:00	3237.89	3243.87	3219.50	3220.21	46373	0	4
2025.05.14	12:00:00	3220.15	3222.60	3175.09	3182.69	74172	0	4
2025.05.14	16:00:00	3182.86	3190.90	3168.04	3180.60	40229	0	4
2025.05.14	20:00:00	3180.59	3187.39	3176.94	3186.15	7724	0	4
2025.05.15	00:00:00	3186.09	3192.77	3148.34	3150.55	44015	0	4
2025.05.15	04:00:00	3150.35	3154.01	3120.87	3142.36	51995	0	4
2025.05.15	08:00:00	3142.31	3180.12	3139.14	3179.25	44505	0	4
2025.05.15	12:00:00	3179.27	3220.23	3177.61	3219.88	69514	0	4
2025.05.15	16:00:00	3219.89	3232.73	3215.96	3231.98	36445	0	4
2025.05.15	20:00:00	3232.01	3248.20	3231.13	3237.18	11114	0	4
2025.05.16	00:00:00	3237.19	3244.65	3206.64	3212.08	47360	0	4
2025.05.16	04:00:00	3211.92	3231.33	3205.44	3207.75	39506	0	4
2025.05.16	08:00:00	3207.76	3213.01	3154.32	3163.26	44055	0	4
2025.05.16	12:00:00	3163.30	3188.48	3154.79	3183.53	60525	0	4
2025.05.16	16:00:00	3183.54	3195.82	3180.55	3192.66	29291	0	4
2025.05.16	20:00:00	3192.64	3203.01	3192.23	3202.39	5542	0	4
2025.05.18	20:00:00	3240.60	3245.20	3226.67	3234.94	7407	0	4
2025.05.19	00:00:00	3234.92	3249.83	3208.25	3212.20	47702	0	4
2025.05.19	04:00:00	3212.19	3234.63	3206.76	3232.53	38049	0	4
2025.05.19	08:00:00	3232.48	3248.55	3230.07	3243.84	34967	0	4
2025.05.19	12:00:00	3243.83	3244.47	3217.26	3231.73	57597	0	4
2025.05.19	16:00:00	3231.66	3235.90	3225.32	3233.04	27327	0	4
2025.05.19	20:00:00	3233.10	3233.79	3219.03	3222.55	6957	0	4
2025.05.20	00:00:00	3222.56	3232.76	3204.63	3211.45	39264	0	4
2025.05.20	04:00:00	3211.40	3225.49	3208.03	3222.94	37816	0	4
2025.05.20	08:00:00	3222.93	3241.63	3218.36	3241.23	36917	0	4
2025.05.20	12:00:00	3241.24	3285.83	3232.97	3277.33	68632	0	4
2025.05.20	16:00:00	3277.31	3295.22	3275.29	3294.11	34201	0	4
2025.05.20	20:00:00	3294.15	3295.75	3288.67	3290.68	9112	0	4
2025.05.21	00:00:00	3290.69	3314.68	3285.46	3307.69	45370	0	4
2025.05.21	04:00:00	3307.65	3320.65	3298.61	3309.91	41547	0	4
2025.05.21	08:00:00	3309.89	3318.32	3304.04	3311.23	41333	0	4
2025.05.21	12:00:00	3311.31	3315.26	3290.81	3311.99	65334	0	4
2025.05.21	16:00:00	3312.04	3324.88	3302.81	3318.44	39582	0	4
2025.05.21	20:00:00	3318.43	3324.24	3313.24	3320.15	8843	0	4
2025.05.22	00:00:00	3320.12	3345.46	3319.52	3335.40	43678	0	4
2025.05.22	04:00:00	3335.41	3339.58	3322.63	3327.66	39121	0	4
2025.05.22	08:00:00	3327.64	3329.94	3283.14	3314.67	58181	0	4
2025.05.22	12:00:00	3314.59	3315.79	3279.38	3294.79	75677	0	4
2025.05.22	16:00:00	3294.90	3304.94	3289.12	3290.26	35857	0	4
2025.05.22	20:00:00	3290.37	3302.15	3289.72	3300.14	6646	0	4
2025.05.23	00:00:00	3300.16	3308.86	3287.14	3302.13	41188	0	4
2025.05.23	04:00:00	3302.11	3334.44	3302.01	3329.30	38701	0	4
2025.05.23	08:00:00	3329.28	3349.87	3322.69	3348.09	42248	0	4
2025.05.23	12:00:00	3348.14	3364.66	3336.74	3361.65	77286	0	4
2025.05.23	16:00:00	3361.91	3365.94	3356.52	3360.82	32126	0	4
2025.05.23	20:00:00	3360.80	3361.76	3356.28	3356.33	3627	0	4
2025.05.25	20:00:00	3349.90	3350.73	3341.44	3342.68	3878	0	4
2025.05.26	00:00:00	3342.67	3356.79	3331.57	3347.68	36586	0	4
2025.05.26	04:00:00	3347.67	3351.88	3332.13	3337.36	28138	0	4
2025.05.26	08:00:00	3337.42	3339.75	3323.43	3333.22	25214	0	4
2025.05.26	12:00:00	3333.10	3341.69	3326.39	3337.97	28479	0	4
2025.05.26	16:00:00	3338.09	3343.78	3337.65	3341.93	5854	0	4
2025.05.26	20:00:00	3347.28	3348.47	3344.62	3346.22	2585	0	4
2025.05.27	00:00:00	3346.25	3350.03	3331.91	3341.18	28428	0	4
2025.05.27	04:00:00	3341.32	3341.50	3292.73	3296.41	46804	0	4
2025.05.27	08:00:00	3296.38	3310.46	3287.84	3288.36	49848	0	4
2025.05.27	12:00:00	3288.32	3304.93	3285.38	3293.66	59025	0	4
2025.05.27	16:00:00	3293.57	3308.04	3293.18	3304.42	26298	0	4
2025.05.27	20:00:00	3304.46	3310.97	3297.38	3309.47	6912	0	4
2025.05.28	00:00:00	3309.54	3315.79	3291.74	3297.94	31148	0	4
2025.05.28	04:00:00	3297.92	3322.42	3294.48	3319.32	32868	0	4
2025.05.28	08:00:00	3319.37	3325.49	3307.51	3311.17	32873	0	4
2025.05.28	12:00:00	3311.15	3316.47	3292.63	3296.16	52260	0	4
2025.05.28	16:00:00	3296.23	3303.17	3288.69	3297.00	31450	0	4
2025.05.28	20:00:00	3297.01	3297.38	3250.14	3259.87	18488	0	4
2025.05.29	00:00:00	3259.90	3280.18	3245.51	3274.75	51003	0	4
2025.05.29	04:00:00	3274.68	3287.50	3266.04	3286.66	33306	0	4
2025.05.29	08:00:00	3286.67	3305.63	3276.29	3299.78	36872	0	4
2025.05.29	12:00:00	3299.79	3322.11	3298.54	3321.58	64647	0	4
2025.05.29	16:00:00	3321.75	3331.06	3315.59	3316.69	32376	0	4
2025.05.29	20:00:00	3316.67	3318.37	3313.01	3315.60	5683	0	4
2025.05.30	00:00:00	3315.62	3322.71	3291.36	3294.56	36351	0	4
2025.05.30	04:00:00	3294.39	3305.10	3287.34	3295.03	33469	0	4
2025.05.30	08:00:00	3294.87	3300.64	3288.74	3294.08	34273	0	4
2025.05.30	12:00:00	3294.13	3308.33	3271.67	3288.75	69060	0	4
2025.05.30	16:00:00	3288.73	3295.79	3284.04	3294.84	31006	0	4
2025.05.30	20:00:00	3294.89	3295.83	3288.83	3289.64	3088	0	4
2025.06.01	20:00:00	3315.06	3315.24	3309.32	3310.23	4149	0	4
2025.06.02	00:00:00	3310.18	3315.03	3301.53	3308.74	31212	0	4
2025.06.02	04:00:00	3308.73	3359.13	3308.73	3352.65	39321	0	4
2025.06.02	08:00:00	3352.64	3360.25	3344.53	3356.40	39471	0	4
2025.06.02	12:00:00	3356.33	3378.88	3350.37	3374.38	64711	0	4
2025.06.02	16:00:00	3374.40	3382.34	3369.38	3381.54	34829	0	4
2025.06.02	20:00:00	3381.57	3392.15	3378.43	3387.47	7852	0	4
2025.06.03	00:00:00	3387.46	3388.73	3359.89	3361.23	43692	0	4
2025.06.03	04:00:00	3361.25	3367.87	3351.18	3359.70	36805	0	4
2025.06.03	08:00:00	3359.78	3364.85	3353.44	3359.35	32461	0	4
2025.06.03	12:00:00	3359.37	3363.15	3333.23	3350.28	61223	0	4
2025.06.03	16:00:00	3350.32	3355.57	3344.68	3352.71	25750	0	4
2025.06.03	20:00:00	3352.72	3361.69	3352.63	3360.00	5912	0	4
2025.06.04	00:00:00	3360.08	3372.63	3346.49	3359.20	36343	0	4
2025.06.04	04:00:00	3359.21	3365.18	3348.06	3354.72	35810	0	4
2025.06.04	08:00:00	3354.58	3365.03	3343.84	3346.60	36752	0	4
2025.06.04	12:00:00	3346.66	3384.68	3344.44	3371.74	64296	0	4
2025.06.04	16:00:00	3371.75	3382.18	3370.91	3373.58	25685	0	4
2025.06.04	20:00:00	3373.57	3379.14	3370.74	3378.16	5924	0	4
2025.06.05	00:00:00	3378.18	3384.19	3368.25	3369.78	33592	0	4
2025.06.05	04:00:00	3369.74	3374.50	3361.25	3371.29	31503	0	4
2025.06.05	08:00:00	3371.32	3403.51	3369.83	3392.29	46641	0	4
2025.06.05	12:00:00	3392.52	3400.14	3339.60	3344.81	86496	0	4
2025.06.05	16:00:00	3344.82	3361.43	3340.01	3357.39	43972	0	4
2025.06.05	20:00:00	3357.21	3362.65	3352.07	3361.92	7106	0	4
2025.06.06	00:00:00	3361.91	3371.86	3356.22	3369.70	33494	0	4
2025.06.06	04:00:00	3369.72	3375.65	3352.85	3359.50	38705	0	4
2025.06.06	08:00:00	3359.71	3367.83	3352.95	3358.45	33820	0	4
2025.06.06	12:00:00	3358.49	3364.17	3316.64	3332.26	83778	0	4
2025.06.06	16:00:00	3332.14	3332.75	3311.40	3312.42	35129	0	4
2025.06.06	20:00:00	3312.43	3312.91	3307.15	3311.60	4039	0	4
2025.06.08	20:00:00	3317.34	3318.57	3313.48	3318.08	3896	0	4
2025.06.09	00:00:00	3316.70	3317.26	3293.70	3310.85	40819	0	4
2025.06.09	04:00:00	3310.79	3328.56	3309.33	3324.19	32683	0	4
2025.06.09	08:00:00	3324.21	3325.73	3312.29	3317.49	32144	0	4
2025.06.09	12:00:00	3317.53	3332.12	3310.78	3328.71	53493	0	4
2025.06.09	16:00:00	3328.74	3338.16	3325.94	3327.21	26852	0	4
2025.06.09	20:00:00	3327.24	3329.59	3324.27	3326.83	5645	0	4
2025.06.10	00:00:00	3326.88	3326.88	3302.04	3307.62	42578	0	4
2025.06.10	04:00:00	3307.65	3332.19	3302.94	3330.12	40872	0	4
2025.06.10	08:00:00	3330.22	3342.62	3326.24	3333.82	32227	0	4
2025.06.10	12:00:00	3333.76	3349.14	3323.30	3326.75	58933	0	4
2025.06.10	16:00:00	3326.72	3334.54	3319.45	3328.67	27902	0	4
2025.06.10	20:00:00	3328.66	3328.85	3315.66	3327.97	9776	0	4
2025.06.11	00:00:00	3328.03	3341.69	3325.16	3339.50	33534	0	4
2025.06.11	04:00:00	3339.51	3348.55	3332.57	3345.75	34288	0	4
2025.06.11	08:00:00	3345.34	3346.75	3326.24	3333.17	36620	0	4
2025.06.11	12:00:00	3333.25	3360.76	3327.34	3333.24	68850	0	4
2025.06.11	16:00:00	3333.28	3349.32	3319.59	3346.87	42490	0	4
2025.06.11	20:00:00	3346.91	3373.00	3346.65	3365.50	10853	0	4
2025.06.12	00:00:00	3365.67	3377.86	3362.28	3373.49	45810	0	4
2025.06.12	04:00:00	3373.47	3375.80	3338.70	3346.22	41048	0	4
2025.06.12	08:00:00	3346.25	3388.62	3346.25	3379.33	52908	0	4
2025.06.12	12:00:00	3379.26	3398.96	3376.47	3385.90	69690	0	4
2025.06.12	16:00:00	3385.89	3391.37	3378.18	3388.24	34433	0	4
2025.06.12	20:00:00	3388.19	3396.23	3382.65	3395.86	7105	0	4
2025.06.13	00:00:00	3395.78	3444.49	3391.85	3425.63	69245	0	4
2025.06.13	04:00:00	3425.61	3430.42	3408.02	3415.01	45538	0	4
2025.06.13	08:00:00	3415.00	3427.69	3411.67	3422.26	45652	0	4
2025.06.13	12:00:00	3422.32	3446.81	3421.06	3426.28	66780	0	4
2025.06.13	16:00:00	3426.31	3439.51	3419.36	3432.38	38664	0	4
2025.06.13	20:00:00	3432.39	3434.81	3429.04	3433.70	4497	0	4
2025.06.15	20:00:00	3448.85	3449.35	3439.59	3444.24	5628	0	4
2025.06.16	00:00:00	3444.22	3451.30	3429.42	3431.67	36190	0	4
2025.06.16	04:00:00	3431.66	3433.42	3409.60	3412.66	37389	0	4
2025.06.16	08:00:00	3412.65	3422.63	3409.89	3415.12	34965	0	4
2025.06.16	12:00:00	3415.18	3418.11	3383.10	3404.44	57927	0	4
2025.06.16	16:00:00	3404.45	3404.90	3382.96	3384.15	29148	0	4
2025.06.16	20:00:00	3384.14	3402.96	3383.47	3402.89	8491	0	4
2025.06.17	00:00:00	3402.94	3403.33	3374.07	3387.63	35987	0	4
2025.06.17	04:00:00	3387.62	3396.24	3381.14	3387.83	31287	0	4
2025.06.17	08:00:00	3387.80	3400.18	3375.75	3388.62	39562	0	4
2025.06.17	12:00:00	3388.55	3397.50	3366.22	3379.30	60845	0	4
2025.06.17	16:00:00	3379.31	3392.55	3376.72	3385.76	33319	0	4
2025.06.17	20:00:00	3385.75	3390.38	3383.65	3387.37	6481	0	4
2025.06.18	00:00:00	3387.35	3391.48	3370.69	3390.99	33328	0	4
2025.06.18	04:00:00	3391.03	3400.02	3377.15	3385.95	34210	0	4
2025.06.18	08:00:00	3385.97	3388.41	3375.55	3382.13	30716	0	4
2025.06.18	12:00:00	3382.08	3396.83	3373.82	3392.73	49872	0	4
2025.06.18	16:00:00	3392.72	3395.81	3362.99	3366.81	45255	0	4
2025.06.18	20:00:00	3366.80	3377.10	3362.60	3375.16	9669	0	4
2025.06.19	00:00:00	3375.14	3387.98	3369.71	3373.74	32622	0	4
2025.06.19	04:00:00	3373.75	3375.38	3347.56	3365.99	41597	0	4
2025.06.19	08:00:00	3366.00	3379.06	3362.34	3372.02	34026	0	4
2025.06.19	12:00:00	3372.03	3373.05	3361.57	3369.31	38810	0	4
2025.06.19	16:00:00	3369.26	3374.25	3366.24	3372.95	6818	0	4
2025.06.19	20:00:00	3365.35	3370.50	3364.52	3368.80	4653	0	4
2025.06.20	00:00:00	3368.81	3370.40	3344.81	3355.61	37130	0	4
2025.06.20	04:00:00	3355.60	3357.75	3340.44	3347.79	33274	0	4
2025.06.20	08:00:00	3347.80	3359.29	3346.74	3347.14	30090	0	4
2025.06.20	12:00:00	3347.13	3374.59	3342.05	3369.89	50633	0	4
2025.06.20	16:00:00	3369.95	3373.39	3364.71	3365.69	21032	0	4
2025.06.20	20:00:00	3365.66	3369.38	3364.72	3368.65	2781	0	4
2025.06.22	20:00:00	3374.46	3378.43	3371.37	3372.80	5531	0	4
2025.06.23	00:00:00	3372.89	3373.63	3352.06	3363.47	40571	0	4
2025.06.23	04:00:00	3363.49	3365.09	3347.11	3357.67	34354	0	4
2025.06.23	08:00:00	3357.65	3382.18	3357.65	3380.67	37714	0	4
2025.06.23	12:00:00	3380.70	3389.85	3356.00	3387.34	59698	0	4
2025.06.23	16:00:00	3387.33	3393.56	3375.66	3376.46	41713	0	4
2025.06.23	20:00:00	3376.41	3377.32	3341.70	3344.38	12350	0	4
2025.06.24	00:00:00	3344.22	3357.93	3333.31	3352.45	40570	0	4
2025.06.24	04:00:00	3352.36	3353.49	3316.13	3329.70	46602	0	4
2025.06.24	08:00:00	3329.83	3332.43	3317.96	3321.26	36504	0	4
2025.06.24	12:00:00	3320.93	3321.16	3295.55	3313.27	66328	0	4
2025.06.24	16:00:00	3313.31	3325.24	3311.34	3323.64	27720	0	4
2025.06.24	20:00:00	3323.65	3324.89	3321.68	3324.22	4716	0	4
2025.06.25	00:00:00	3324.21	3335.29	3323.69	3328.46	30086	0	4
2025.06.25	04:00:00	3328.44	3337.11	3325.89	3330.69	25381	0	4
2025.06.25	08:00:00	3330.67	3332.40	3321.65	3322.72	29831	0	4
2025.06.25	12:00:00	3322.69	3329.56	3312.02	3325.71	46257	0	4
2025.06.25	16:00:00	3325.75	3336.05	3324.21	3333.72	32338	0	4
2025.06.25	20:00:00	3333.85	3340.09	3331.42	3339.12	6941	0	4
2025.06.26	00:00:00	3339.17	3343.22	3329.33	3338.08	29610	0	4
2025.06.26	04:00:00	3338.10	3347.20	3331.07	3346.14	28776	0	4
2025.06.26	08:00:00	3346.15	3350.39	3331.57	3333.01	34725	0	4
2025.06.26	12:00:00	3333.17	3344.20	3310.02	3324.90	62012	0	4
2025.06.26	16:00:00	3324.92	3336.45	3323.87	3331.35	28997	0	4
2025.06.26	20:00:00	3331.37	3332.42	3316.37	3318.80	6319	0	4
2025.06.27	00:00:00	3318.76	3322.07	3292.67	3294.41	36468	0	4
2025.06.27	04:00:00	3294.42	3301.05	3283.68	3284.52	40134	0	4
2025.06.27	08:00:00	3284.53	3291.20	3276.07	3281.45	37956	0	4
2025.06.27	12:00:00	3281.39	3282.35	3255.76	3274.63	66095	0	4
2025.06.27	16:00:00	3274.60	3282.88	3268.47	3270.68	32662	0	4
2025.06.27	20:00:00	3270.69	3275.53	3270.44	3274.55	3347	0	4
2025.06.29	20:00:00	3270.38	3270.85	3262.99	3264.01	4949	0	4
2025.06.30	00:00:00	3263.90	3283.36	3259.47	3278.99	33615	0	4
2025.06.30	04:00:00	3279.00	3296.89	3277.11	3292.97	29066	0	4
2025.06.30	08:00:00	3292.87	3296.56	3274.66	3277.99	31135	0	4
2025.06.30	12:00:00	3278.03	3290.85	3278.03	3289.68	42975	0	4
2025.06.30	16:00:00	3289.70	3309.52	3289.24	3308.67	26865	0	4
2025.06.30	20:00:00	3308.61	3312.56	3302.40	3312.54	7375	0	4
2025.07.01	00:00:00	3312.52	3322.64	3310.00	3321.14	29855	0	4
2025.07.01	04:00:00	3321.12	3339.88	3319.04	3339.57	33861	0	4
2025.07.01	08:00:00	3339.52	3353.06	3336.82	3349.05	34327	0	4
2025.07.01	12:00:00	3349.03	3357.97	3337.09	3340.24	57857	0	4
2025.07.01	16:00:00	3340.25	3343.49	3336.90	3338.08	27946	0	4
2025.07.01	20:00:00	3338.07	3341.81	3336.87	3338.17	6456	0	4
2025.07.02	00:00:00	3338.23	3344.96	3328.59	3339.96	31350	0	4
2025.07.02	04:00:00	3339.97	3343.97	3327.73	3334.72	28172	0	4
2025.07.02	08:00:00	3334.58	3347.71	3332.90	3342.35	29127	0	4
2025.07.02	12:00:00	3342.37	3351.10	3333.97	3340.98	55117	0	4
2025.07.02	16:00:00	3341.02	3359.54	3340.97	3358.25	28684	0	4
2025.07.02	20:00:00	3358.30	3362.37	3348.87	3349.42	8813	0	4
2025.07.03	00:00:00	3349.70	3351.52	3341.94	3347.53	26652	0	4
2025.07.03	04:00:00	3347.55	3363.72	3347.47	3353.16	29331	0	4
2025.07.03	08:00:00	3353.18	3358.40	3343.15	3346.10	30678	0	4
2025.07.03	12:00:00	3346.08	3352.38	3311.70	3328.08	64371	0	4
2025.07.03	16:00:00	3328.13	3334.85	3325.77	3328.73	17650	0	4
2025.07.03	20:00:00	3328.72	3332.05	3325.46	3330.89	5912	0	4
2025.07.04	00:00:00	3330.85	3338.94	3325.93	3338.43	22704	0	4
2025.07.04	04:00:00	3338.33	3345.12	3336.50	3342.93	23843	0	4
2025.07.04	08:00:00	3342.89	3344.24	3331.59	3334.73	22441	0	4
2025.07.04	12:00:00	3334.72	3338.05	3330.89	3332.51	25904	0	4
2025.07.04	16:00:00	3332.53	3335.96	3332.35	3335.21	2504	0	4
2025.07.06	20:00:00	3341.17	3341.75	3332.48	3333.50	4413	0	4
2025.07.07	00:00:00	3333.49	3334.59	3306.07	3308.95	41243	0	4
2025.07.07	04:00:00	3308.93	3315.30	3305.38	3310.05	36762	0	4
2025.07.07	08:00:00	3309.99	3313.31	3296.48	3302.12	33472	0	4
2025.07.07	12:00:00	3302.13	3321.32	3299.83	3318.04	46148	0	4
2025.07.07	16:00:00	3318.02	3335.81	3316.17	3334.39	34534	0	4
2025.07.07	20:00:00	3334.40	3345.85	3334.34	3339.84	13870	0	4
2025.07.08	00:00:00	3339.86	3340.12	3329.73	3334.65	37281	0	4
2025.07.08	04:00:00	3334.59	3336.57	3327.41	3335.81	28158	0	4
2025.07.08	08:00:00	3335.80	3339.50	3320.52	3324.68	33371	0	4
2025.07.08	12:00:00	3324.75	3329.91	3294.46	3296.64	49584	0	4
2025.07.08	16:00:00	3296.63	3310.44	3287.22	3305.48	45084	0	4
2025.07.08	20:00:00	3305.53	3306.23	3299.45	3301.68	11573	0	4
2025.07.09	00:00:00	3301.62	3308.05	3286.47	3288.53	35978	0	4
2025.07.09	04:00:00	3288.60	3297.85	3285.06	3292.36	36816	0	4
2025.07.09	08:00:00	3292.38	3296.00	3282.73	3295.59	28299	0	4
2025.07.09	12:00:00	3295.74	3312.90	3283.27	3312.29	43241	0	4
2025.07.09	16:00:00	3312.30	3314.63	3306.44	3311.42	29369	0	4
2025.07.09	20:00:00	3311.51	3321.16	3311.04	3319.61	11719	0	4
2025.07.10	00:00:00	3319.59	3326.38	3315.83	3319.23	28233	0	4
2025.07.10	04:00:00	3319.22	3328.46	3314.92	3325.37	20196	0	4
2025.07.10	08:00:00	3325.34	3330.35	3319.94	3325.32	24688	0	4
2025.07.10	12:00:00	3325.31	3330.49	3310.14	3315.04	45507	0	4
2025.07.10	16:00:00	3315.06	3321.95	3312.22	3321.60	27183	0	4
2025.07.10	20:00:00	3321.61	3326.51	3321.55	3323.33	12612	0	4
2025.07.11	00:00:00	3323.31	3336.16	3323.05	3332.52	30757	0	4
2025.07.11	04:00:00	3332.56	3343.91	3329.67	3332.59	33834	0	4
2025.07.11	08:00:00	3332.49	3348.19	3331.21	3345.12	35421	0	4
2025.07.11	12:00:00	3345.11	3363.86	3342.10	3361.27	58965	0	4
2025.07.11	16:00:00	3361.21	3368.82	3349.30	3356.15	46085	0	4
2025.07.11	20:00:00	3356.12	3359.83	3353.67	3357.27	11852	0	4
2025.07.13	20:00:00	3361.23	3371.19	3359.78	3369.41	6606	0	4
2025.07.14	00:00:00	3369.49	3374.12	3354.07	3357.43	40588	0	4
2025.07.14	04:00:00	3357.46	3369.77	3353.70	3368.97	37912	0	4
2025.07.14	08:00:00	3368.96	3375.01	3364.06	3372.15	35788	0	4
2025.07.14	12:00:00	3372.13	3373.13	3341.05	3343.08	52015	0	4
2025.07.14	16:00:00	3343.02	3351.77	3342.48	3348.99	34182	0	4
2025.07.14	20:00:00	3349.03	3350.55	3341.31	3345.69	14061	0	4
2025.07.15	00:00:00	3345.51	3352.17	3344.02	3350.93	21624	0	4
2025.07.15	04:00:00	3350.95	3365.25	3350.75	3358.25	27576	0	4
2025.07.15	08:00:00	3358.30	3366.37	3356.74	3361.33	27613	0	4
2025.07.15	12:00:00	3361.39	3362.03	3334.56	3347.95	52593	0	4
2025.07.15	16:00:00	3348.00	3349.92	3320.25	3328.87	41944	0	4
2025.07.15	20:00:00	3328.85	3331.27	3324.79	3326.65	10432	0	4
2025.07.16	00:00:00	3326.75	3335.10	3325.08	3326.18	24264	0	4
2025.07.16	04:00:00	3326.16	3342.09	3325.95	3339.28	25000	0	4
2025.07.16	08:00:00	3339.29	3343.08	3334.07	3334.99	24661	0	4
2025.07.16	12:00:00	3334.98	3342.60	3319.70	3338.18	52746	0	4
2025.07.16	16:00:00	3338.02	3377.48	3336.33	3350.45	61018	0	4
2025.07.16	20:00:00	3350.41	3352.27	3346.17	3349.64	13116	0	4
2025.07.17	00:00:00	3349.66	3350.25	3337.27	3341.49	25159	0	4
2025.07.17	04:00:00	3341.58	3344.78	3328.24	3335.45	29377	0	4
2025.07.17	08:00:00	3335.44	3336.24	3324.79	3325.90	28994	0	4
2025.07.17	12:00:00	3325.91	3335.10	3309.89	3334.25	54924	0	4
2025.07.17	16:00:00	3334.27	3341.06	3331.33	3338.53	29416	0	4
2025.07.17	20:00:00	3338.60	3343.97	3337.51	3343.34	10972	0	4
2025.07.18	00:00:00	3343.33	3344.25	3335.44	3337.85	25056	0	4
2025.07.18	04:00:00	3337.87	3342.77	3331.88	3342.19	25909	0	4
2025.07.18	08:00:00	3342.16	3354.94	3340.75	3351.46	24343	0	4
2025.07.18	12:00:00	3351.41	3361.33	3350.94	3354.86	40013	0	4
2025.07.18	16:00:00	3354.87	3357.54	3350.28	3351.43	26684	0	4
2025.07.18	20:00:00	3351.30	3352.83	3347.71	3350.38	7559	0	4
2025.07.20	20:00:00	3348.64	3350.06	3345.10	3347.88	2632	0	4
2025.07.21	00:00:00	3347.84	3358.66	3345.53	3354.22	21586	0	4
2025.07.21	04:00:00	3354.23	3370.81	3350.76	3368.30	26878	0	4
2025.07.21	08:00:00	3368.26	3370.52	3362.91	3366.09	24302	0	4
2025.07.21	12:00:00	3366.24	3401.49	3365.29	3400.43	58489	0	4
2025.07.21	16:00:00	3400.39	3401.00	3391.62	3395.36	41977	0	4
2025.07.21	20:00:00	3395.39	3401.11	3395.11	3399.43	14055	0	4
2025.07.22	00:00:00	3399.54	3402.76	3385.21	3391.58	26853	0	4
2025.07.22	04:00:00	3391.54	3393.69	3384.38	3384.84	22892	0	4
2025.07.22	08:00:00	3384.87	3390.68	3383.33	3387.16	25648	0	4
2025.07.22	12:00:00	3387.14	3427.75	3386.81	3426.31	60955	0	4
2025.07.22	16:00:00	3426.36	3433.57	3423.79	3429.72	44670	0	4
2025.07.22	20:00:00	3429.71	3432.70	3427.61	3427.98	13995	0	4
2025.07.23	00:00:00	3427.99	3439.00	3419.29	3423.17	33740	0	4
2025.07.23	04:00:00	3423.18	3428.76	3416.45	3425.20	30771	0	4
2025.07.23	08:00:00	3425.18	3433.85	3420.01	3422.78	31760	0	4
2025.07.23	12:00:00	3422.69	3429.98	3405.63	3413.58	51950	0	4
2025.07.23	16:00:00	3413.60	3415.91	3381.68	3393.69	52932	0	4
2025.07.23	20:00:00	3393.72	3395.95	3386.05	3386.89	13516	0	4
2025.07.24	00:00:00	3386.93	3393.34	3380.69	3383.86	29079	0	4
2025.07.24	04:00:00	3383.84	3385.99	3370.18	3376.08	31086	0	4
2025.07.24	08:00:00	3376.01	3377.65	3362.04	3364.44	27841	0	4
2025.07.24	12:00:00	3364.40	3377.40	3351.45	3373.75	51393	0	4
2025.07.24	16:00:00	3373.71	3375.30	3366.31	3372.05	31715	0	4
2025.07.24	20:00:00	3372.06	3373.12	3365.37	3368.79	11325	0	4
2025.07.25	00:00:00	3368.68	3373.54	3362.42	3363.11	21839	0	4
2025.07.25	04:00:00	3363.08	3363.57	3354.79	3359.45	23761	0	4
2025.07.25	08:00:00	3359.40	3360.13	3341.08	3342.89	24286	0	4
2025.07.25	12:00:00	3342.95	3347.48	3330.70	3331.83	51630	0	4
2025.07.25	16:00:00	3331.82	3339.44	3325.13	3338.87	39801	0	4
2025.07.25	20:00:00	3338.84	3340.28	3335.85	3336.19	9213	0	4
2025.07.27	20:00:00	3328.92	3335.41	3323.89	3329.72	5910	0	4
2025.07.28	00:00:00	3329.70	3338.86	3327.77	3335.71	26981	0	4
2025.07.28	04:00:00	3335.70	3345.43	3334.59	3340.12	24185	0	4
2025.07.28	08:00:00	3340.13	3341.96	3332.44	3335.96	26070	0	4
2025.07.28	12:00:00	3336.04	3338.42	3301.86	3307.97	50880	0	4
2025.07.28	16:00:00	3307.94	3317.26	3306.71	3313.73	33565	0	4
2025.07.28	20:00:00	3313.71	3318.88	3312.00	3314.83	13676	0	4
2025.07.29	00:00:00	3314.75	3320.92	3308.05	3318.92	22090	0	4
2025.07.29	04:00:00	3318.87	3322.37	3309.11	3317.05	26540	0	4
2025.07.29	08:00:00	3317.09	3329.97	3311.30	3322.14	31324	0	4
2025.07.29	12:00:00	3322.18	3329.62	3312.10	3329.03	45765	0	4
2025.07.29	16:00:00	3329.02	3334.21	3319.12	3325.84	34367	0	4
2025.07.29	20:00:00	3325.87	3329.22	3322.70	3327.80	12997	0	4
2025.07.30	00:00:00	3327.93	3333.68	3321.87	3329.46	22131	0	4
2025.07.30	04:00:00	3329.42	3330.62	3323.14	3327.30	21924	0	4
2025.07.30	08:00:00	3327.31	3334.06	3325.60	3328.52	22646	0	4
2025.07.30	12:00:00	3328.56	3331.95	3298.48	3302.17	50572	0	4
2025.07.30	16:00:00	3302.19	3304.89	3279.69	3280.28	43774	0	4
2025.07.30	20:00:00	3280.38	3282.74	3268.11	3279.01	28859	0	4
2025.07.31	00:00:00	3279.05	3297.50	3277.93	3297.27	27065	0	4
2025.07.31	04:00:00	3297.31	3304.76	3293.46	3299.15	25027	0	4
2025.07.31	08:00:00	3299.20	3314.88	3293.82	3296.27	32635	0	4
2025.07.31	12:00:00	3296.55	3311.20	3291.64	3296.38	57850	0	4
2025.07.31	16:00:00	3296.29	3299.08	3289.79	3295.81	42392	0	4
2025.07.31	20:00:00	3295.79	3296.40	3289.61	3295.01	13681	0	4
2025.08.01	00:00:00	3295.02	3295.11	3281.67	3291.87	27142	0	4
2025.08.01	04:00:00	3291.81	3300.45	3290.21	3292.36	24383	0	4
2025.08.01	08:00:00	3292.38	3303.16	3285.29	3298.35	28669	0	4
2025.08.01	12:00:00	3298.34	3355.14	3296.90	3345.83	73094	0	4
2025.08.01	16:00:00	3345.82	3351.31	3340.61	3347.63	45267	0	4
2025.08.01	20:00:00	3347.64	3363.64	3347.64	3363.50	15446	0	4
2025.08.03	20:00:00	3364.24	3364.43	3357.76	3359.22	4361	0	4
2025.08.04	00:00:00	3359.25	3362.01	3345.08	3354.40	24732	0	4
2025.08.04	04:00:00	3354.39	3362.65	3353.64	3362.65	22860	0	4
2025.08.04	08:00:00	3362.60	3362.61	3351.78	3357.90	28568	0	4
2025.08.04	12:00:00	3357.94	3385.44	3357.73	3374.13	50935	0	4
2025.08.04	16:00:00	3374.10	3378.21	3370.66	3375.80	32208	0	4
2025.08.04	20:00:00	3375.81	3377.19	3373.55	3374.81	9383	0	4
2025.08.05	00:00:00	3374.84	3382.54	3373.77	3373.77	19239	0	4
2025.08.05	04:00:00	3373.73	3375.45	3365.85	3366.29	18835	0	4
2025.08.05	08:00:00	3366.28	3375.57	3352.95	3353.21	29765	0	4
2025.08.05	12:00:00	3353.20	3386.59	3349.94	3385.27	51634	0	4
2025.08.05	16:00:00	3385.33	3390.46	3376.99	3380.01	32813	0	4
2025.08.05	20:00:00	3380.00	3381.38	3378.17	3379.72	8451	0	4
2025.08.06	00:00:00	3379.64	3385.39	3373.20	3376.35	20235	0	4
2025.08.06	04:00:00	3376.34	3378.67	3370.70	3375.21	17167	0	4
2025.08.06	08:00:00	3375.18	3377.21	3358.21	3363.67	27310	0	4
2025.08.06	12:00:00	3363.60	3379.41	3360.31	3379.38	41294	0	4
2025.08.06	16:00:00	3379.37	3379.98	3369.04	3371.65	36549	0	4
2025.08.06	20:00:00	3371.66	3374.83	3367.28	3372.03	11273	0	4
2025.08.07	00:00:00	3371.99	3384.07	3365.15	3379.61	22768	0	4
2025.08.07	04:00:00	3379.58	3387.86	3371.87	3387.86	22827	0	4
2025.08.07	08:00:00	3387.88	3397.49	3371.90	3373.12	35803	0	4
2025.08.07	12:00:00	3373.13	3393.96	3371.92	3387.98	46413	0	4
2025.08.07	16:00:00	3388.25	3394.01	3384.38	3388.24	28955	0	4
2025.08.07	20:00:00	3388.29	3408.81	3387.36	3404.37	22880	0	4
2025.08.08	00:00:00	3404.25	3407.15	3381.41	3388.53	39123	0	4
2025.08.08	04:00:00	3388.51	3399.37	3383.69	3393.73	37273	0	0
2025.08.08	08:00:00	3393.71	3404.31	3384.48	3385.13	44352	0	4
2025.08.08	12:00:00	3385.16	3401.91	3380.41	3390.64	52911	0	4
2025.08.08	16:00:00	3390.65	3404.61	3377.34	3395.58	39274	0	4
2025.08.08	20:00:00	3395.40	3401.07	3392.27	3397.04	14952	0	4
2025.08.10	20:00:00	3400.65	3401.75	3390.51	3395.29	3928	0	4
2025.08.11	00:00:00	3395.30	3396.93	3367.90	3377.30	45046	0	4
2025.08.11	04:00:00	3377.29	3380.31	3363.69	3365.73	39708	0	4
2025.08.11	08:00:00	3365.62	3366.53	3353.12	3358.52	54830	0	4
2025.08.11	12:00:00	3358.50	3362.91	3341.51	3346.36	71261	0	4
2025.08.11	16:00:00	3346.35	3358.86	3341.34	3356.26	49477	0	4
2025.08.11	20:00:00	3356.27	3356.92	3342.24	3347.20	17109	0	4
2025.08.12	00:00:00	3347.18	3357.48	3346.21	3353.01	27779	0	4
2025.08.12	04:00:00	3353.06	3355.86	3342.30	3345.41	32487	0	4
2025.08.12	08:00:00	3345.50	3358.17	3343.84	3344.73	34180	0	4
2025.08.12	12:00:00	3344.86	3358.15	3331.17	3337.53	85150	0	4
2025.08.12	16:00:00	3337.49	3359.35	3336.91	3349.09	50593	0	4
2025.08.12	20:00:00	3349.10	3353.68	3345.60	3350.60	13302	0	4
2025.08.13	00:00:00	3350.59	3354.35	3342.78	3351.72	26726	0	4
2025.08.13	04:00:00	3351.73	3357.66	3345.75	3357.14	24700	0	4
2025.08.13	08:00:00	3357.05	3367.00	3352.93	3366.12	33317	0	4
2025.08.13	12:00:00	3366.14	3370.79	3354.35	3363.14	51071	0	4
2025.08.13	16:00:00	3363.15	3363.67	3349.98	3353.77	28536	0	4
2025.08.13	20:00:00	3353.78	3358.88	3352.64	3357.59	8799	0	4
2025.08.14	00:00:00	3357.57	3374.79	3357.57	3362.93	29644	0	4
2025.08.14	04:00:00	3362.95	3364.12	3355.58	3362.03	30065	0	4
2025.08.14	08:00:00	3362.04	3366.44	3341.55	3355.01	41955	0	4
2025.08.14	12:00:00	3355.09	3358.43	3334.31	3340.60	71513	0	4
2025.08.14	16:00:00	3340.59	3342.89	3329.89	3338.34	43330	0	4
2025.08.14	20:00:00	3338.31	3341.08	3332.57	3333.43	11128	0	4
2025.08.15	00:00:00	3333.46	3340.84	3332.31	3340.53	22970	0	4
2025.08.15	04:00:00	3340.64	3348.75	3340.12	3340.45	23289	0	4
2025.08.15	08:00:00	3340.54	3348.32	3336.39	3337.71	30875	0	4
2025.08.15	12:00:00	3337.73	3345.99	3333.00	3341.85	56640	0	4
2025.08.15	16:00:00	3341.84	3345.12	3334.81	3336.03	31080	0	4
2025.08.15	20:00:00	3336.04	3339.69	3334.46	3335.99	8552	0	4
2025.08.17	20:00:00	3334.59	3335.35	3333.04	3334.41	2830	0	4
2025.08.18	00:00:00	3334.43	3347.56	3323.60	3343.41	31592	0	4
2025.08.18	04:00:00	3343.37	3358.52	3343.34	3349.60	31092	0	4
2025.08.18	08:00:00	3349.68	3355.73	3344.65	3346.66	28663	0	4
2025.08.18	12:00:00	3346.68	3348.86	3332.49	3334.35	36894	0	4
2025.08.18	16:00:00	3334.42	3336.90	3331.57	3331.96	22910	0	4
2025.08.18	20:00:00	3331.99	3334.68	3330.35	3334.44	7478	0	4
2025.08.19	00:00:00	3334.45	3339.26	3326.07	3338.08	26440	0	4
2025.08.19	04:00:00	3338.04	3341.62	3334.53	3336.10	20538	0	4
2025.08.19	08:00:00	3336.12	3345.33	3335.11	3343.66	20080	0	4
2025.08.19	12:00:00	3343.65	3344.81	3321.01	3325.34	43022	0	4
2025.08.19	16:00:00	3325.36	3326.85	3315.01	3318.54	28204	0	4
2025.08.19	20:00:00	3318.55	3318.91	3315.02	3316.93	9380	0	4
2025.08.20	00:00:00	3316.91	3317.84	3311.61	3314.12	25008	0	4
2025.08.20	04:00:00	3314.10	3325.99	3314.09	3323.11	20785	0	4
2025.08.20	08:00:00	3323.12	3327.97	3321.03	3326.69	21088	0	4
2025.08.20	12:00:00	3326.66	3350.33	3325.82	3347.00	47468	0	4
2025.08.20	16:00:00	3346.99	3348.10	3338.95	3345.76	24380	0	4
2025.08.20	20:00:00	3345.77	3352.14	3345.20	3349.70	9743	0	4
2025.08.21	00:00:00	3349.69	3349.69	3340.47	3344.65	19261	0	4
2025.08.21	04:00:00	3344.61	3344.80	3334.36	3336.65	17095	0	4
2025.08.21	08:00:00	3336.62	3342.20	3327.60	3328.49	23006	0	4
2025.08.21	12:00:00	3328.50	3348.18	3325.07	3344.27	55551	0	4
2025.08.21	16:00:00	3344.25	3346.24	3336.63	3339.39	27919	0	4
2025.08.21	20:00:00	3339.37	3341.96	3337.94	3338.97	7845	0	4
2025.08.22	00:00:00	3338.99	3340.32	3332.85	3334.09	17711	0	4
2025.08.22	04:00:00	3334.05	3335.36	3325.84	3329.56	20009	0	4
2025.08.22	08:00:00	3329.54	3335.08	3325.39	3331.00	23055	0	4
2025.08.22	12:00:00	3331.03	3376.75	3321.49	3373.91	65476	0	4
2025.08.22	16:00:00	3373.92	3378.85	3367.40	3372.76	39617	0	4
2025.08.22	20:00:00	3372.79	3373.67	3368.92	3371.88	9157	0	4
2025.08.24	20:00:00	3368.78	3370.19	3365.97	3367.32	2553	0	4
2025.08.25	00:00:00	3367.33	3371.10	3359.88	3364.50	22171	0	4
2025.08.25	04:00:00	3364.44	3369.58	3363.18	3369.00	16295	0	4
2025.08.25	08:00:00	3368.93	3369.86	3362.00	3366.03	17333	0	4
2025.08.25	12:00:00	3366.02	3375.47	3362.20	3374.44	38683	0	4
2025.08.25	16:00:00	3374.43	3376.32	3369.87	3370.54	26022	0	4
2025.08.25	20:00:00	3370.65	3370.94	3363.81	3364.25	12548	0	4
2025.08.26	00:00:00	3364.26	3386.47	3351.31	3375.43	57898	0	4
2025.08.26	04:00:00	3375.41	3379.09	3369.91	3376.23	28789	0	4
2025.08.26	08:00:00	3376.22	3379.85	3367.27	3372.10	38040	0	4
2025.08.26	12:00:00	3372.17	3380.33	3370.39	3379.39	56617	0	4
2025.08.26	16:00:00	3379.40	3389.44	3378.73	3385.69	34627	0	4
2025.08.26	20:00:00	3385.70	3393.63	3385.27	3391.18	14691	0	4
2025.08.27	00:00:00	3391.24	3393.56	3382.21	3384.16	27013	0	4
2025.08.27	04:00:00	3384.15	3384.47	3373.98	3377.54	29058	0	4
2025.08.27	08:00:00	3377.53	3385.48	3373.83	3375.64	35587	0	4
2025.08.27	12:00:00	3375.71	3386.89	3373.88	3386.57	53439	0	4
2025.08.27	16:00:00	3386.58	3398.92	3385.22	3394.62	41846	0	4
2025.08.27	20:00:00	3394.65	3398.46	3393.87	3395.84	14476	0	4
2025.08.28	00:00:00	3395.82	3399.36	3384.63	3391.43	35235	0	4
2025.08.28	04:00:00	3391.44	3395.66	3387.76	3395.38	30018	0	4
2025.08.28	08:00:00	3395.33	3401.67	3393.69	3397.08	40307	0	4
2025.08.28	12:00:00	3397.11	3413.52	3393.91	3412.28	80694	0	4
2025.08.28	16:00:00	3412.29	3420.42	3404.59	3420.12	44051	0	4
2025.08.28	20:00:00	3420.13	3423.27	3415.62	3416.86	20361	0	4
2025.08.29	00:00:00	3416.83	3417.93	3407.95	3411.32	30955	0	4
2025.08.29	04:00:00	3411.36	3413.53	3407.06	3410.24	26637	0	4
2025.08.29	08:00:00	3410.18	3414.86	3404.67	3405.54	38595	0	4
2025.08.29	12:00:00	3405.52	3441.18	3404.35	3441.06	81304	0	4
2025.08.29	16:00:00	3441.07	3450.19	3439.04	3443.06	65957	0	4
2025.08.29	20:00:00	3442.94	3454.09	3441.68	3448.20	23186	0	4
2025.08.31	20:00:00	3446.05	3452.64	3442.46	3450.41	5006	0	4
2025.09.01	00:00:00	3450.40	3484.94	3437.03	3483.70	69813	0	3
2025.09.01	04:00:00	3483.71	3489.88	3469.71	3479.19	71076	0	3
2025.09.01	08:00:00	3479.26	3480.92	3466.36	3470.64	66795	0	3
2025.09.01	12:00:00	3470.62	3481.48	3467.26	3475.70	59874	0	3
2025.09.01	16:00:00	3475.71	3479.12	3472.41	3476.38	21729	0	3
2025.09.01	20:00:00	3475.86	3480.13	3475.32	3475.32	6517	0	3
2025.09.02	00:00:00	3475.38	3508.84	3474.64	3496.28	78812	0	3
2025.09.02	04:00:00	3496.15	3498.35	3483.33	3485.62	62419	0	3
2025.09.02	08:00:00	3485.67	3488.27	3470.17	3485.69	82544	0	3
2025.09.02	12:00:00	3485.73	3514.16	3474.49	3511.20	138661	0	3
2025.09.02	16:00:00	3511.19	3532.20	3509.72	3528.41	73751	0	3
2025.09.02	20:00:00	3528.43	3540.09	3528.43	3529.43	25888	0	3
2025.09.03	00:00:00	3529.49	3546.94	3526.39	3531.83	68035	0	3
2025.09.03	04:00:00	3531.81	3538.38	3526.94	3535.44	57261	0	3
2025.09.03	08:00:00	3535.36	3542.00	3529.31	3540.05	63879	0	3
2025.09.03	12:00:00	3540.04	3565.73	3539.91	3558.48	127087	0	3
2025.09.03	16:00:00	3558.56	3578.53	3557.54	3570.44	78336	0	3
2025.09.03	20:00:00	3570.45	3571.79	3559.02	3561.85	43145	0	3
2025.09.04	00:00:00	3561.79	3563.49	3526.56	3530.97	83873	0	3
2025.09.04	04:00:00	3530.98	3541.71	3511.27	3536.10	69716	0	3
2025.09.04	08:00:00	3536.13	3547.07	3532.76	3540.93	57716	0	3
2025.09.04	12:00:00	3540.90	3558.91	3535.09	3545.98	117267	0	3
2025.09.04	16:00:00	3546.05	3556.41	3542.41	3546.41	56446	0	3
2025.09.04	20:00:00	3546.38	3551.20	3540.15	3541.01	15867	0	3
2025.09.05	00:00:00	3541.04	3556.65	3540.96	3550.89	49335	0	3
2025.09.05	04:00:00	3550.92	3561.17	3548.52	3552.57	43103	0	3
2025.09.05	08:00:00	3552.59	3554.35	3544.91	3551.81	55471	0	3
2025.09.05	12:00:00	3551.82	3598.03	3547.84	3590.36	166055	0	3
2025.09.05	16:00:00	3590.34	3600.22	3581.88	3595.65	92971	0	3
2025.09.05	20:00:00	3595.63	3596.20	3586.50	3587.40	23178	0	3
2025.09.07	20:00:00	3592.47	3597.01	3587.09	3592.21	19629	0	3
2025.09.08	00:00:00	3592.28	3597.22	3584.99	3590.76	75615	0	3
2025.09.08	04:00:00	3590.80	3598.88	3579.68	3598.09	48800	0	3
2025.09.08	08:00:00	3598.10	3622.56	3596.45	3617.06	63317	0	3
2025.09.08	12:00:00	3617.12	3640.90	3612.80	3640.74	106911	0	3
2025.09.08	16:00:00	3640.75	3646.47	3631.91	3635.99	77866	0	3
2025.09.08	20:00:00	3636.02	3638.01	3628.93	3629.51	23919	0	3
2025.09.09	00:00:00	3629.50	3654.61	3628.38	3647.69	69530	0	3
2025.09.09	04:00:00	3647.70	3659.39	3636.71	3647.61	71341	0	3
2025.09.09	08:00:00	3647.59	3656.80	3641.77	3651.95	64139	0	3
2025.09.09	12:00:00	3652.02	3674.64	3636.30	3645.16	119179	0	3
2025.09.09	16:00:00	3645.02	3649.51	3627.01	3640.52	59972	0	3
2025.09.09	20:00:00	3640.53	3641.40	3623.03	3635.55	30456	0	3
2025.09.10	00:00:00	3635.54	3640.85	3620.42	3636.35	63551	0	3
2025.09.10	04:00:00	3636.34	3647.71	3633.19	3643.66	42135	0	3
2025.09.10	08:00:00	3643.68	3657.62	3641.21	3655.31	54612	0	3
2025.09.10	12:00:00	3655.33	3657.39	3640.47	3647.66	104525	0	3
2025.09.10	16:00:00	3647.68	3649.74	3638.63	3645.40	42351	0	3
2025.09.10	20:00:00	3645.52	3646.36	3635.25	3639.85	15079	0	3
2025.09.11	00:00:00	3639.97	3649.15	3634.41	3637.21	27183	0	3
2025.09.11	04:00:00	3637.22	3638.12	3622.81	3633.24	33260	0	3
2025.09.11	08:00:00	3633.37	3633.49	3614.28	3621.88	37591	0	3
2025.09.11	12:00:00	3621.86	3644.01	3614.74	3629.57	69756	0	3
2025.09.11	16:00:00	3629.59	3642.05	3629.58	3632.34	39287	0	3
2025.09.11	20:00:00	3632.33	3638.26	3632.23	3634.99	11633	0	3
2025.09.12	00:00:00	3634.98	3650.83	3630.56	3649.01	33288	0	3
2025.09.12	04:00:00	3649.03	3656.70	3646.71	3650.65	27192	0	3
2025.09.12	08:00:00	3650.70	3653.87	3637.74	3651.19	39219	0	3
2025.09.12	12:00:00	3651.20	3654.39	3638.35	3648.02	56760	0	3
2025.09.12	16:00:00	3648.05	3650.70	3641.89	3648.48	32684	0	3
2025.09.12	20:00:00	3648.51	3648.55	3641.51	3643.43	10320	0	3
2025.09.14	20:00:00	3644.71	3646.10	3639.71	3642.16	2988	0	3
2025.09.15	00:00:00	3642.19	3645.49	3626.64	3641.01	31748	0	3
2025.09.15	04:00:00	3641.06	3646.89	3636.69	3636.70	23625	0	3
2025.09.15	08:00:00	3636.67	3646.42	3633.80	3639.96	38892	0	3
2025.09.15	12:00:00	3639.97	3664.34	3636.96	3663.55	59092	0	3
2025.09.15	16:00:00	3663.56	3685.69	3663.17	3676.97	49996	0	3
2025.09.15	20:00:00	3676.95	3682.88	3676.37	3678.93	14985	0	3
2025.09.16	00:00:00	3678.95	3689.58	3674.82	3677.74	33356	0	3
2025.09.16	04:00:00	3677.53	3694.16	3677.03	3693.48	26958	0	3
2025.09.16	08:00:00	3693.42	3698.97	3686.20	3693.24	37969	0	3
2025.09.16	12:00:00	3693.28	3703.09	3685.18	3686.39	90627	0	3
2025.09.16	16:00:00	3686.46	3691.23	3678.89	3690.73	62518	0	3
2025.09.16	20:00:00	3690.77	3693.85	3687.81	3691.96	13223	0	3
2025.09.17	00:00:00	3691.98	3695.37	3674.33	3682.30	44484	0	3
2025.09.17	04:00:00	3682.29	3685.92	3670.48	3675.06	35894	0	3
2025.09.17	08:00:00	3675.04	3677.31	3660.55	3661.57	58349	0	3
2025.09.17	12:00:00	3661.56	3686.18	3660.10	3684.40	77910	0	3
2025.09.17	16:00:00	3684.34	3707.61	3646.21	3650.32	87541	0	3
2025.09.17	20:00:00	3650.31	3666.97	3646.20	3663.06	51917	0	3
2025.09.18	00:00:00	3663.03	3672.08	3651.86	3664.82	55626	0	3
2025.09.18	04:00:00	3664.83	3666.10	3634.08	3637.56	50684	0	3
2025.09.18	08:00:00	3637.54	3673.05	3635.60	3667.15	58693	0	3
2025.09.18	12:00:00	3667.13	3672.46	3627.96	3638.45	101391	0	3
2025.09.18	16:00:00	3638.46	3647.29	3636.95	3641.47	58645	0	3
2025.09.18	20:00:00	3641.42	3647.19	3639.52	3640.35	14706	0	3
2025.09.19	00:00:00	3640.33	3651.26	3632.33	3647.43	45106	0	3
2025.09.19	04:00:00	3647.42	3661.26	3643.42	3646.98	51939	0	3
2025.09.19	08:00:00	3646.99	3659.20	3644.47	3655.90	41972	0	3
2025.09.19	12:00:00	3655.91	3669.38	3643.75	3667.05	86047	0	3
2025.09.19	16:00:00	3667.06	3684.20	3665.40	3683.81	62890	0	3
2025.09.19	20:00:00	3683.80	3685.35	3680.90	3684.87	17689	0	3
2025.09.21	20:00:00	3687.89	3692.21	3683.89	3688.50	5921	0	3
2025.09.22	00:00:00	3688.49	3696.82	3685.69	3686.47	49666	0	3
2025.09.22	04:00:00	3686.43	3719.98	3686.05	3714.42	47541	0	3
2025.09.22	08:00:00	3714.48	3728.37	3708.75	3727.42	55218	0	3
2025.09.22	12:00:00	3727.41	3728.33	3712.09	3725.94	92115	0	3
2025.09.22	16:00:00	3725.95	3748.11	3723.55	3747.74	57678	0	3
2025.09.22	20:00:00	3747.71	3748.95	3738.33	3740.07	19120	0	3
2025.09.23	00:00:00	3740.11	3759.29	3736.79	3741.85	62282	0	3
2025.09.23	04:00:00	3741.81	3758.78	3739.10	3754.00	53642	0	3
2025.09.23	08:00:00	3753.98	3791.14	3749.06	3783.02	73121	0	3
2025.09.23	12:00:00	3783.03	3788.91	3767.79	3774.08	102405	0	3
2025.09.23	16:00:00	3774.10	3785.80	3756.22	3756.71	84280	0	3
2025.09.23	20:00:00	3756.77	3768.21	3752.07	3765.48	35486	0	3
2025.09.24	00:00:00	3765.42	3771.81	3750.74	3757.06	52337	0	3
2025.09.24	04:00:00	3757.07	3777.04	3752.41	3771.22	46147	0	3
2025.09.24	08:00:00	3771.25	3779.35	3759.85	3762.14	46717	0	3
2025.09.24	12:00:00	3762.17	3772.96	3749.67	3752.70	95118	0	3
2025.09.24	16:00:00	3752.69	3756.68	3722.82	3724.24	74733	0	3
2025.09.24	20:00:00	3724.28	3745.30	3717.49	3741.12	26080	0	3
2025.09.25	00:00:00	3741.13	3751.59	3729.69	3739.62	47213	0	3
2025.09.25	04:00:00	3739.57	3748.26	3731.96	3741.08	38306	0	3
2025.09.25	08:00:00	3741.07	3761.53	3740.06	3757.17	65147	0	3
2025.09.25	12:00:00	3757.20	3757.66	3722.08	3731.58	115145	0	3
2025.09.25	16:00:00	3731.60	3758.34	3728.10	3755.29	77347	0	3
2025.09.25	20:00:00	3755.28	3756.77	3744.67	3748.83	26479	0	3
2025.09.26	00:00:00	3748.88	3753.37	3737.74	3738.45	48729	0	3
2025.09.26	04:00:00	3738.47	3754.11	3734.51	3743.62	40392	0	3
2025.09.26	08:00:00	3743.65	3755.27	3739.26	3744.69	49825	0	3
2025.09.26	12:00:00	3744.68	3783.77	3744.52	3779.01	72706	0	3
2025.09.26	16:00:00	3778.99	3783.27	3771.51	3778.57	50180	0	3
2025.09.26	20:00:00	3778.56	3778.57	3761.19	3761.57	17279	0	3
2025.09.28	20:00:00	3764.99	3771.01	3763.50	3770.53	4866	0	3
2025.09.29	00:00:00	3770.48	3798.79	3764.01	3792.93	51810	0	3
2025.09.29	04:00:00	3792.94	3819.90	3792.30	3817.47	51916	0	3
2025.09.29	08:00:00	3817.43	3819.72	3805.14	3817.93	46959	0	3
2025.09.29	12:00:00	3817.98	3831.41	3809.33	3828.24	73930	0	3
2025.09.29	16:00:00	3828.29	3833.60	3821.29	3824.58	50553	0	3
2025.09.29	20:00:00	3824.52	3834.12	3822.61	3830.76	22914	0	3
2025.09.30	00:00:00	3830.59	3851.98	3828.13	3848.06	53023	0	3
2025.09.30	04:00:00	3848.15	3871.75	3845.91	3856.08	58968	0	3
2025.09.30	08:00:00	3856.01	3859.48	3793.24	3812.16	96649	0	3
2025.09.30	12:00:00	3812.11	3854.47	3804.51	3854.15	95985	0	3
2025.09.30	16:00:00	3854.14	3854.18	3831.29	3848.09	74536	0	3
2025.09.30	20:00:00	3848.12	3861.42	3847.24	3860.04	27782	0	3
2025.10.01	00:00:00	3860.05	3875.49	3858.39	3863.50	40414	0	3
2025.10.01	04:00:00	3863.48	3869.91	3853.47	3859.19	49605	0	3
2025.10.01	08:00:00	3859.29	3895.32	3859.02	3887.60	67253	0	3
2025.10.01	12:00:00	3887.57	3891.21	3856.40	3873.08	105390	0	3
2025.10.01	16:00:00	3873.07	3876.92	3855.08	3862.19	78140	0	3
2025.10.01	20:00:00	3862.20	3871.12	3858.76	3862.15	27371	0	3
2025.10.02	00:00:00	3862.18	3870.06	3852.95	3866.25	43603	0	3
2025.10.02	04:00:00	3866.23	3874.29	3861.95	3864.21	34123	0	3
2025.10.02	08:00:00	3864.24	3883.95	3861.88	3881.91	57945	0	3
2025.10.02	12:00:00	3881.85	3896.90	3825.45	3839.99	110056	0	3
2025.10.02	16:00:00	3839.95	3851.56	3819.53	3851.01	90824	0	3
2025.10.02	20:00:00	3851.03	3859.46	3850.67	3857.16	22067	0	3
2025.10.03	00:00:00	3857.17	3863.77	3847.47	3848.25	42427	0	3
2025.10.03	04:00:00	3848.05	3861.01	3838.04	3859.25	46448	0	3
2025.10.03	08:00:00	3859.29	3867.73	3857.07	3865.81	41260	0	3
2025.10.03	12:00:00	3865.80	3890.65	3854.98	3879.73	101719	0	3
2025.10.03	16:00:00	3879.72	3891.76	3873.92	3886.14	82493	0	3
2025.10.03	20:00:00	3886.12	3889.29	3883.03	3886.75	19162	0	4
2025.10.05	20:00:00	3888.60	3903.55	3884.23	3900.88	9379	0	4
2025.10.06	00:00:00	3900.91	3924.70	3898.37	3921.09	75300	0	2
2025.10.06	04:00:00	3921.03	3945.14	3920.04	3934.34	77489	0	2
2025.10.06	08:00:00	3934.08	3949.61	3929.43	3942.32	81699	0	2
2025.10.06	12:00:00	3942.31	3958.85	3926.51	3955.14	118695	0	2
2025.10.06	16:00:00	3955.13	3970.14	3945.91	3958.40	89442	0	2
2025.10.06	20:00:00	3958.53	3976.27	3957.42	3963.44	35947	0	2
2025.10.07	00:00:00	3963.39	3977.51	3956.04	3964.97	66735	0	2
2025.10.07	04:00:00	3964.94	3977.02	3953.91	3955.25	69352	0	2
2025.10.07	08:00:00	3955.26	3963.56	3940.97	3960.15	87912	0	2
2025.10.07	12:00:00	3960.17	3986.77	3956.34	3985.60	113922	0	2
2025.10.07	16:00:00	3985.62	3991.02	3961.93	3981.12	120405	0	2
2025.10.07	20:00:00	3981.13	3990.67	3978.70	3989.54	28353	0	2
2025.10.08	00:00:00	3989.52	4011.75	3984.56	4011.66	65801	0	2
2025.10.08	04:00:00	4011.67	4037.13	4008.97	4031.64	73554	0	2
2025.10.08	08:00:00	4031.57	4049.67	4030.15	4037.17	77407	0	2
2025.10.08	12:00:00	4037.22	4049.51	4026.18	4048.27	108871	0	2
2025.10.08	16:00:00	4048.23	4059.29	4037.30	4049.89	104795	0	2
2025.10.08	20:00:00	4049.96	4054.67	4015.35	4021.33	48891	0	2
2025.10.09	00:00:00	4021.35	4036.42	4001.40	4018.70	109658	0	2
2025.10.09	04:00:00	4018.69	4043.82	4017.29	4025.94	76459	0	2
2025.10.09	08:00:00	4025.98	4044.33	4024.89	4044.27	67728	0	3
2025.10.09	12:00:00	4044.30	4057.98	4004.09	4024.31	137479	0	3
2025.10.09	16:00:00	4024.21	4028.74	3944.79	3957.27	155918	0	2
2025.10.09	20:00:00	3957.26	3982.15	3955.25	3975.36	44864	0	2
2025.10.10	00:00:00	3975.37	3994.50	3970.05	3978.78	71244	0	2
2025.10.10	04:00:00	3978.72	3979.34	3947.01	3968.50	88300	0	2
2025.10.10	08:00:00	3968.49	4006.72	3952.65	3993.91	102405	0	2
2025.10.10	12:00:00	3993.92	3999.92	3970.76	3989.77	121529	0	2
2025.10.10	16:00:00	3989.82	4022.93	3975.23	3999.24	146240	0	2
2025.10.10	20:00:00	3999.25	4021.41	3996.00	4019.08	39942	0	2
2025.10.12	20:00:00	4013.05	4045.38	4008.22	4042.43	12772	0	2
2025.10.13	00:00:00	4042.39	4060.03	4024.61	4048.19	85392	0	3
2025.10.13	04:00:00	4048.18	4078.23	4046.37	4069.51	61760	0	3
2025.10.13	08:00:00	4069.42	4085.23	4066.64	4080.99	58940	0	3
2025.10.13	12:00:00	4080.93	4103.87	4073.28	4097.65	95505	0	2
2025.10.13	16:00:00	4097.62	4116.98	4091.79	4101.69	84500	0	2
2025.10.13	20:00:00	4101.74	4115.78	4090.79	4115.06	29299	0	2
2025.10.14	00:00:00	4114.95	4150.03	4112.95	4146.01	85621	0	2
2025.10.14	04:00:00	4146.00	4179.82	4090.64	4112.27	118559	0	2
2025.10.14	08:00:00	4111.90	4145.20	4102.53	4131.89	101982	0	2
2025.10.14	12:00:00	4131.88	4137.91	4098.01	4129.24	129795	0	2
2025.10.14	16:00:00	4129.20	4155.26	4126.23	4148.35	110450	0	3
2025.10.14	20:00:00	4148.36	4163.76	4134.59	4158.48	37651	0	3
2025.10.15	00:00:00	4158.49	4186.84	4154.01	4176.56	59144	0	3
2025.10.15	04:00:00	4176.57	4200.30	4173.39	4199.46	48581	0	2
2025.10.15	08:00:00	4199.44	4218.26	4175.21	4202.78	67019	0	2
2025.10.15	12:00:00	4202.80	4212.49	4176.57	4200.09	99169	0	2
2025.10.15	16:00:00	4200.16	4204.76	4179.85	4200.83	100193	0	3
2025.10.15	20:00:00	4200.77	4215.66	4199.71	4213.40	35786	0	3
2025.10.16	00:00:00	4213.37	4239.68	4205.00	4239.60	61015	0	3
2025.10.16	04:00:00	4239.64	4242.07	4203.66	4222.69	77316	0	3
2025.10.16	08:00:00	4222.71	4246.10	4222.18	4242.78	55869	0	3
2025.10.16	12:00:00	4242.80	4267.63	4227.75	4263.38	100848	0	3
2025.10.16	16:00:00	4263.36	4298.87	4261.05	4290.92	120486	0	3
2025.10.16	20:00:00	4290.93	4379.60	4288.02	4346.65	55345	0	3
2025.10.17	00:00:00	4346.78	4379.26	4279.06	4342.51	115647	0	3
2025.10.17	04:00:00	4342.52	4378.65	4338.87	4360.54	99340	0	3
2025.10.17	08:00:00	4360.52	4362.07	4317.75	4327.85	106217	0	2
2025.10.17	12:00:00	4327.67	4335.99	4217.06	4249.12	158869	0	2
2025.10.17	16:00:00	4248.94	4259.44	4186.95	4235.46	139751	0	2
2025.10.17	20:00:00	4235.51	4250.57	4212.64	4247.67	45152	0	2
2025.10.19	20:00:00	4258.83	4268.54	4245.36	4256.13	10482	0	3
2025.10.20	00:00:00	4256.03	4271.27	4219.07	4255.73	97376	0	3
2025.10.20	04:00:00	4255.72	4268.29	4221.46	4236.30	74837	0	3
2025.10.20	08:00:00	4236.29	4266.20	4234.97	4254.74	66960	0	3
2025.10.20	12:00:00	4254.70	4334.77	4251.01	4332.54	120252	0	3
2025.10.20	16:00:00	4332.61	4364.61	4332.50	4359.51	86207	0	3
2025.10.20	20:00:00	4359.52	4381.77	4346.39	4367.40	48705	0	3
2025.10.21	00:00:00	4367.47	4372.35	4332.86	4338.91	73638	0	3
2025.10.21	04:00:00	4338.77	4350.89	4317.33	4343.24	64577	0	3
2025.10.21	08:00:00	4343.26	4343.26	4244.87	4253.87	113755	0	2
2025.10.21	12:00:00	4253.84	4272.49	4081.59	4139.27	149172	0	2
2025.10.21	16:00:00	4139.33	4150.61	4094.15	4114.93	126470	0	2
2025.10.21	20:00:00	4114.92	4130.87	4100.69	4123.15	50084	0	2
2025.10.22	00:00:00	4123.23	4128.08	4004.39	4115.18	105629	0	2
2025.10.22	04:00:00	4115.10	4161.38	4107.45	4155.76	74736	0	2
2025.10.22	08:00:00	4155.88	4156.46	4023.92	4034.89	113205	0	2
2025.10.22	12:00:00	4034.99	4085.27	4011.42	4015.42	94373	0	2
2025.10.22	16:00:00	4015.41	4081.60	4014.90	4076.82	79386	0	2
2025.10.22	20:00:00	4076.80	4113.57	4076.75	4102.18	36950	0	2
2025.10.23	00:00:00	4102.20	4104.52	4066.32	4082.38	59248	0	2
2025.10.23	04:00:00	4082.56	4137.89	4078.08	4113.70	52237	0	2
2025.10.23	08:00:00	4113.65	4125.50	4092.23	4109.03	55919	0	2
2025.10.23	12:00:00	4109.10	4154.81	4100.27	4148.21	77393	0	2
2025.10.23	16:00:00	4148.25	4151.79	4125.19	4135.97	56611	0	2
2025.10.23	20:00:00	4135.96	4138.24	4107.48	4116.00	25490	0	2
2025.10.24	00:00:00	4116.15	4144.43	4106.16	4109.53	41164	0	2
2025.10.24	04:00:00	4109.52	4123.65	4081.62	4092.27	42610	0	2
2025.10.24	08:00:00	4092.14	4096.05	4047.57	4054.81	57210	0	2
2025.10.24	12:00:00	4054.53	4134.93	4044.68	4117.59	81705	0	2
2025.10.24	16:00:00	4117.51	4138.75	4101.84	4110.35	65969	0	2
2025.10.24	20:00:00	4110.37	4117.54	4096.61	4113.08	18309	0	2
2025.10.26	20:00:00	4083.85	4109.34	4061.91	4064.57	24018	0	2
2025.10.27	00:00:00	4064.61	4097.76	4058.45	4069.61	55210	0	2
2025.10.27	04:00:00	4069.65	4084.86	4053.85	4068.88	48798	0	2
2025.10.27	08:00:00	4068.80	4070.41	4015.50	4024.04	64159	0	2
2025.10.27	12:00:00	4024.06	4050.40	3971.38	3989.89	88218	0	2
2025.10.27	16:00:00	3989.87	4010.24	3984.11	3990.21	60653	0	2
2025.10.27	20:00:00	3990.33	4004.62	3979.09	3998.64	23890	0	2
2025.10.28	00:00:00	3998.53	4019.72	3972.98	3992.87	50700	0	2
2025.10.28	04:00:00	3992.89	3994.23	3921.96	3932.51	57126	0	2
2025.10.28	08:00:00	3932.54	3935.92	3886.68	3923.24	67701	0	3
2025.10.28	12:00:00	3923.23	3969.58	3905.69	3964.93	80069	0	3
2025.10.28	16:00:00	3964.87	3970.31	3945.39	3960.33	57463	0	2
2025.10.28	20:00:00	3960.21	3967.85	3918.70	3964.99	21290	0	2
2025.10.29	00:00:00	3964.98	3982.37	3944.39	3963.50	53283	0	2
2025.10.29	04:00:00	3963.56	4000.86	3951.21	4000.86	50058	0	2
2025.10.29	08:00:00	4000.87	4029.68	4000.65	4016.26	55916	0	2
2025.10.29	12:00:00	4016.44	4030.13	3989.60	3993.11	78857	0	2
2025.10.29	16:00:00	3993.15	4007.47	3928.03	3945.78	79766	0	2
2025.10.29	20:00:00	3945.77	3954.08	3917.52	3952.91	29126	0	2
2025.10.30	00:00:00	3952.92	3966.42	3915.58	3938.11	60810	0	2
2025.10.30	04:00:00	3938.12	3982.58	3935.04	3961.33	72195	0	2
2025.10.30	08:00:00	3961.31	4011.80	3960.47	3974.48	64181	0	2
2025.10.30	12:00:00	3974.64	4014.80	3960.50	4001.91	88939	0	2
2025.10.30	16:00:00	4001.93	4025.95	3991.49	4023.54	61638	0	2
2025.10.30	20:00:00	4023.59	4046.28	4016.19	4036.66	28920	0	2
2025.10.31	00:00:00	4036.68	4039.34	3991.24	3996.39	72092	0	2
2025.10.31	04:00:00	3996.35	4025.45	3989.13	4021.07	61406	0	2
2025.10.31	08:00:00	4021.05	4026.83	3998.69	4010.55	53054	0	2
2025.10.31	12:00:00	4010.62	4036.21	4009.14	4012.97	78668	0	2
2025.10.31	16:00:00	4012.90	4015.24	3972.37	4001.25	72343	0	2
2025.10.31	20:00:00	4001.26	4006.70	3996.25	4003.90	4583	0	2
2025.11.02	20:00:00	3995.44	3999.16	3977.96	3980.56	9045	0	2
2025.11.03	00:00:00	3980.37	4015.37	3962.58	4011.35	56833	0	2
2025.11.03	04:00:00	4011.33	4025.96	3997.69	4025.28	45305	0	2
2025.11.03	08:00:00	4025.29	4028.05	3993.14	4007.63	57896	0	2
2025.11.03	12:00:00	4007.70	4030.46	4001.73	4008.71	75859	0	2
2025.11.03	16:00:00	4008.60	4013.57	3995.35	4004.82	56965	0	2
2025.11.03	20:00:00	4004.76	4015.03	3981.53	3997.29	21734	0	2
2025.11.04	00:00:00	3997.68	3999.36	3975.84	3994.60	52370	0	2
2025.11.04	04:00:00	3994.58	3996.37	3966.69	3993.92	43411	0	2
2025.11.04	08:00:00	3994.23	4000.69	3986.05	3995.08	39919	0	2
2025.11.04	12:00:00	3995.04	3997.55	3928.72	3956.80	71932	0	2
2025.11.04	16:00:00	3956.83	3975.51	3932.12	3937.48	66686	0	2
2025.11.04	20:00:00	3937.56	3942.21	3930.57	3934.68	22807	0	2
2025.11.05	00:00:00	3934.73	3965.29	3929.80	3960.94	49575	0	2
2025.11.05	04:00:00	3960.63	3978.64	3959.89	3972.63	42142	0	2
2025.11.05	08:00:00	3972.66	3987.11	3956.14	3966.99	37153	0	2
2025.11.05	12:00:00	3966.95	3985.63	3962.32	3978.30	57093	0	2
2025.11.05	16:00:00	3978.39	3990.54	3975.00	3987.88	39148	0	2
2025.11.05	20:00:00	3987.91	3990.25	3966.89	3973.81	17314	0	2
2025.11.06	00:00:00	3973.77	3990.46	3964.59	3987.62	34802	0	2
2025.11.06	04:00:00	3987.40	4009.31	3982.34	4005.85	31871	0	2
2025.11.06	08:00:00	4005.86	4019.57	4004.45	4018.17	41408	0	2
2025.11.06	12:00:00	4018.15	4019.64	3975.27	3980.39	69608	0	2
2025.11.06	16:00:00	3980.42	3995.29	3965.92	3985.40	64771	0	2
2025.11.06	20:00:00	3985.39	3989.83	3976.95	3989.22	23180	0	2
2025.11.07	00:00:00	3989.25	4003.26	3984.60	3990.45	35184	0	2
2025.11.07	04:00:00	3990.41	4009.94	3985.61	4007.75	27587	0	2
2025.11.07	08:00:00	4007.76	4014.25	3993.81	4002.96	30565	0	2
2025.11.07	12:00:00	4002.98	4008.50	3984.14	3991.03	62220	0	2
2025.11.07	16:00:00	3990.99	4027.49	3990.01	4006.84	60571	0	2
2025.11.07	20:00:00	4006.82	4007.03	3994.52	4001.48	17736	0	2
2025.11.09	20:00:00	4006.44	4012.21	4004.23	4011.91	5547	0	2
2025.11.10	00:00:00	4011.89	4053.23	4011.23	4050.35	46620	0	2
2025.11.10	04:00:00	4050.42	4079.07	4049.89	4075.36	35576	0	2
2025.11.10	08:00:00	4075.37	4086.36	4071.64	4085.42	36916	0	0
2025.11.10	12:00:00	4085.46	4106.03	4074.38	4084.42	68051	0	2
2025.11.10	16:00:00	4084.43	4115.86	4082.10	4113.26	52034	0	2
2025.11.10	20:00:00	4113.25	4122.81	4106.82	4120.06	20340	0	2
2025.11.11	00:00:00	4120.08	4148.22	4116.37	4147.00	41340	0	2
2025.11.11	04:00:00	4146.94	4149.06	4124.79	4129.71	39261	0	2
2025.11.11	08:00:00	4129.66	4146.02	4128.86	4142.85	36213	0	2
2025.11.11	12:00:00	4143.14	4146.80	4097.18	4106.58	62272	0	2
2025.11.11	16:00:00	4106.70	4126.21	4105.11	4123.15	51159	0	2
2025.11.11	20:00:00	4123.23	4144.75	4122.58	4142.69	20031	0	2
2025.11.12	00:00:00	4142.62	4145.65	4111.84	4112.01	49527	0	2
2025.11.12	04:00:00	4111.99	4125.25	4098.95	4117.05	46838	0	2
2025.11.12	08:00:00	4117.04	4133.64	4112.28	4126.12	47049	0	2
2025.11.12	12:00:00	4126.14	4185.57	4122.76	4181.49	74587	0	2
2025.11.12	16:00:00	4181.46	4211.75	4180.18	4197.56	77256	0	2
2025.11.12	20:00:00	4197.47	4208.44	4187.59	4191.19	27015	0	2
2025.11.13	00:00:00	4191.12	4213.18	4179.96	4212.87	59945	0	2
2025.11.13	04:00:00	4212.78	4220.19	4203.37	4220.07	48795	0	2
2025.11.13	08:00:00	4220.03	4240.20	4219.22	4230.61	53296	0	2
2025.11.13	12:00:00	4230.25	4245.19	4184.53	4202.65	79931	0	2
2025.11.13	16:00:00	4202.61	4211.01	4145.51	4163.95	82387	0	2
2025.11.13	20:00:00	4164.01	4186.70	4160.46	4186.04	31565	0	2
2025.11.14	00:00:00	4186.11	4211.32	4173.72	4204.50	56432	0	2
2025.11.14	04:00:00	4204.49	4205.87	4159.03	4181.24	55063	0	2
2025.11.14	08:00:00	4181.21	4187.01	4130.98	4133.07	59458	0	2
2025.11.14	12:00:00	4133.01	4140.64	4032.24	4093.64	97129	0	2
2025.11.14	16:00:00	4093.67	4111.19	4080.95	4090.03	68583	0	2
2025.11.14	20:00:00	4090.10	4092.43	4075.57	4085.04	19161	0	2
2025.11.16	20:00:00	4077.87	4106.84	4077.19	4096.44	9855	0	2
2025.11.17	00:00:00	4096.55	4102.03	4069.95	4083.02	59092	0	2
2025.11.17	04:00:00	4083.00	4089.20	4049.79	4088.21	47001	0	2
2025.11.17	08:00:00	4088.22	4095.96	4061.20	4078.50	47642	0	2
2025.11.17	12:00:00	4078.52	4092.33	4060.84	4064.47	70225	0	2
2025.11.17	16:00:00	4064.50	4081.02	4011.00	4011.20	70125	0	2
2025.11.17	20:00:00	4011.32	4055.58	4006.92	4036.78	31933	0	2
2025.11.18	00:00:00	4036.88	4045.22	4008.52	4013.35	52870	0	2
2025.11.18	04:00:00	4013.36	4025.30	3998.01	4013.77	51099	0	2
2025.11.18	08:00:00	4014.02	4050.41	4010.66	4039.49	47332	0	2
2025.11.18	12:00:00	4039.34	4081.94	4029.32	4052.96	85143	0	2
2025.11.18	16:00:00	4053.09	4082.08	4040.57	4081.22	73863	0	2
2025.11.18	20:00:00	4081.38	4082.33	4064.91	4076.86	26295	0	2
2025.11.19	00:00:00	4076.84	4080.71	4055.61	4067.01	48580	0	2
2025.11.19	04:00:00	4067.03	4098.68	4064.61	4086.90	42268	0	2
2025.11.19	08:00:00	4086.94	4119.20	4078.29	4113.05	51329	0	2
2025.11.19	12:00:00	4113.06	4132.94	4090.17	4096.63	77108	0	2
2025.11.19	16:00:00	4096.68	4098.68	4055.67	4073.68	88517	0	2
2025.11.19	20:00:00	4073.66	4108.27	4065.72	4104.61	32707	0	2
2025.11.20	00:00:00	4104.62	4110.21	4039.14	4072.40	59464	0	2
2025.11.20	04:00:00	4072.44	4080.50	4054.28	4060.04	48332	0	2
2025.11.20	08:00:00	4059.92	4072.82	4038.86	4060.60	54353	0	2
2025.11.20	12:00:00	4060.70	4107.19	4060.18	4070.43	85756	0	2
2025.11.20	16:00:00	4070.34	4087.26	4043.75	4084.64	96458	0	2
2025.11.20	20:00:00	4084.75	4088.80	4073.39	4079.01	28382	0	2
2025.11.21	00:00:00	4079.27	4081.47	4049.43	4056.30	56770	0	2
2025.11.21	04:00:00	4056.25	4064.52	4024.95	4031.71	57235	0	2
2025.11.21	08:00:00	4031.68	4063.53	4022.46	4036.74	65557	0	2
2025.11.21	12:00:00	4036.72	4083.96	4034.85	4069.74	90318	0	2
2025.11.21	16:00:00	4069.65	4101.14	4063.08	4087.64	74104	0	2
2025.11.21	20:00:00	4087.66	4088.78	4054.69	4065.96	24150	0	2
2025.11.23	20:00:00	4067.53	4077.74	4065.82	4075.19	8056	0	2
2025.11.24	00:00:00	4075.16	4076.14	4040.75	4050.16	49907	0	2
2025.11.24	04:00:00	4050.45	4067.79	4040.20	4060.13	38136	0	2
2025.11.24	08:00:00	4059.89	4077.23	4059.68	4070.07	37994	0	2
2025.11.24	12:00:00	4070.03	4093.93	4065.76	4091.78	62845	0	2
2025.11.24	16:00:00	4091.76	4125.87	4088.15	4118.54	51901	0	2
2025.11.24	20:00:00	4118.57	4144.24	4118.12	4143.80	24333	0	2
2025.11.25	00:00:00	4143.76	4156.01	4122.75	4143.23	56261	0	2
2025.11.25	04:00:00	4143.24	4152.16	4130.34	4132.56	44371	0	2
2025.11.25	08:00:00	4132.57	4139.48	4109.66	4133.54	47475	0	2
2025.11.25	12:00:00	4133.58	4150.84	4111.09	4123.07	72705	0	2
2025.11.25	16:00:00	4123.05	4159.38	4122.17	4133.81	64266	0	2
2025.11.25	20:00:00	4133.96	4138.52	4127.69	4133.80	23019	0	2
2025.11.26	00:00:00	4133.81	4169.54	4132.77	4166.14	49825	0	2
2025.11.26	04:00:00	4166.13	4168.79	4146.90	4157.31	44569	0	2
2025.11.26	08:00:00	4157.36	4173.06	4154.86	4171.59	41801	0	2
2025.11.26	12:00:00	4171.63	4173.44	4136.73	4165.41	69872	0	2
2025.11.26	16:00:00	4165.42	4171.62	4158.11	4163.34	49704	0	2
2025.11.26	20:00:00	4163.28	4168.68	4161.39	4164.70	21037	0	2
2025.11.27	00:00:00	4164.90	4167.19	4144.41	4147.48	43909	0	2
2025.11.27	04:00:00	4147.38	4162.39	4142.74	4160.20	42212	0	2
2025.11.27	08:00:00	4160.21	4167.18	4148.37	4157.39	38652	0	2
2025.11.27	12:00:00	4157.43	4161.89	4149.22	4158.00	39427	0	2
2025.11.27	16:00:00	4157.95	4160.42	4151.53	4157.90	16744	0	2
2025.11.27	20:00:00	4159.51	4163.93	4159.39	4163.43	2822	0	2
2025.11.28	00:00:00	4163.28	4193.21	4163.17	4184.31	34273	0	2
2025.11.28	04:00:00	4184.30	4188.96	4172.64	4174.64	11595	0	2
2025.11.28	08:00:00	4174.65	4183.87	4149.26	4171.78	23687	0	2
2025.11.28	12:00:00	4171.76	4208.76	4168.40	4203.90	39672	0	2
2025.11.28	16:00:00	4203.87	4226.91	4197.86	4220.54	45123	0	2
2025.11.30	20:00:00	4230.26	4230.87	4205.68	4222.40	12819	0	2
2025.12.01	00:00:00	4221.96	4256.53	4218.34	4239.36	71327	0	2
2025.12.01	04:00:00	4239.37	4247.02	4215.60	4245.39	57707	0	2
2025.12.01	08:00:00	4245.41	4262.44	4238.47	4254.65	55524	0	2
2025.12.01	12:00:00	4254.61	4264.63	4219.59	4232.58	85833	0	2
2025.12.01	16:00:00	4232.65	4244.73	4223.48	4237.10	74569	0	2
2025.12.01	20:00:00	4237.03	4241.56	4224.64	4227.59	26227	0	2
2025.12.02	00:00:00	4227.64	4229.70	4199.88	4216.89	55426	0	2
2025.12.02	04:00:00	4216.93	4226.32	4203.40	4213.47	45714	0	2
2025.12.02	08:00:00	4213.64	4217.20	4181.28	4205.44	44181	0	2
2025.12.02	12:00:00	4205.53	4230.66	4163.93	4169.46	75498	0	2
2025.12.02	16:00:00	4169.47	4200.54	4167.03	4196.52	63079	0	2
2025.12.02	20:00:00	4196.59	4216.20	4194.99	4212.92	24431	0	2
2025.12.03	00:00:00	4213.03	4228.97	4204.62	4221.26	55841	0	2
2025.12.03	04:00:00	4221.27	4225.33	4200.30	4206.39	48971	0	2
2025.12.03	08:00:00	4206.66	4210.21	4194.63	4208.78	45668	0	2
2025.12.03	12:00:00	4208.73	4241.60	4205.20	4216.44	77564	0	2
2025.12.03	16:00:00	4216.37	4225.14	4195.21	4207.85	64889	0	2
2025.12.03	20:00:00	4207.86	4212.74	4202.69	4207.30	23024	0	2
2025.12.04	00:00:00	4207.31	4216.95	4187.46	4195.83	56784	0	2
2025.12.04	04:00:00	4195.79	4199.15	4175.03	4193.85	55307	0	2
2025.12.04	08:00:00	4193.87	4206.61	4183.65	4198.64	50187	0	2
2025.12.04	12:00:00	4198.62	4213.44	4185.65	4207.51	78572	0	2
2025.12.04	16:00:00	4207.46	4219.53	4199.68	4209.03	57056	0	2
2025.12.04	20:00:00	4208.87	4210.48	4203.96	4206.17	19085	0	2
2025.12.05	00:00:00	4206.24	4210.97	4194.87	4209.65	49404	0	2
2025.12.05	04:00:00	4209.64	4230.87	4208.11	4224.50	43692	0	2
2025.12.05	08:00:00	4224.49	4227.57	4216.00	4223.60	31179	0	2
2025.12.05	12:00:00	4223.61	4259.38	4221.59	4243.79	69682	0	2
2025.12.05	16:00:00	4243.90	4245.81	4198.79	4207.63	67356	0	2
2025.12.05	20:00:00	4207.77	4207.79	4192.08	4198.70	26566	0	2
2025.12.07	20:00:00	4209.23	4209.64	4195.79	4201.31	5743	0	2
2025.12.08	00:00:00	4201.71	4213.19	4197.55	4210.18	58233	0	2
2025.12.08	04:00:00	4210.21	4219.05	4204.69	4206.90	43246	0	2
2025.12.08	08:00:00	4207.20	4216.64	4199.73	4208.53	39095	0	2
2025.12.08	12:00:00	4208.51	4215.52	4176.22	4182.92	70050	0	2
2025.12.08	16:00:00	4182.93	4197.88	4177.11	4187.05	53197	0	2
2025.12.08	20:00:00	4187.08	4195.60	4184.95	4194.95	17371	0	2
2025.12.09	00:00:00	4194.87	4198.80	4186.21	4194.58	45714	0	2
2025.12.09	04:00:00	4194.59	4195.73	4170.15	4182.48	53842	0	2
2025.12.09	08:00:00	4182.47	4212.99	4182.43	4203.16	53789	0	2
2025.12.09	12:00:00	4203.13	4216.40	4189.54	4212.62	75216	0	2
2025.12.09	16:00:00	4212.60	4221.46	4201.36	4212.65	64732	0	2
2025.12.09	20:00:00	4212.32	4216.07	4207.37	4210.89	31345	0	2
2025.12.10	00:00:00	4210.86	4218.88	4203.78	4206.45	50540	0	2
2025.12.10	04:00:00	4206.44	4214.54	4201.87	4203.41	41363	0	2
2025.12.10	08:00:00	4203.39	4206.66	4187.85	4197.36	46366	0	2
2025.12.10	12:00:00	4197.38	4207.05	4189.05	4193.86	69167	0	2
2025.12.10	16:00:00	4193.85	4219.88	4181.85	4216.68	66502	0	2
2025.12.10	20:00:00	4216.69	4238.71	4211.24	4232.54	33371	0	2
2025.12.11	00:00:00	4232.36	4247.67	4209.43	4216.86	61161	0	2
2025.12.11	04:00:00	4216.69	4218.55	4204.39	4216.09	45089	0	2
2025.12.11	08:00:00	4216.10	4225.99	4209.87	4211.39	40299	0	2
2025.12.11	12:00:00	4211.27	4261.54	4205.32	4255.99	71325	0	2
2025.12.11	16:00:00	4256.11	4285.93	4250.22	4273.53	66616	0	2
2025.12.11	20:00:00	4273.61	4283.70	4264.39	4276.49	36889	0	2
2025.12.12	00:00:00	4276.45	4280.21	4264.71	4270.73	53650	0	2
2025.12.12	04:00:00	4270.71	4290.57	4266.14	4287.19	42957	0	2
2025.12.12	08:00:00	4287.17	4339.30	4287.11	4336.53	58074	0	2
2025.12.12	12:00:00	4336.48	4353.59	4283.23	4290.52	88941	0	2
2025.12.12	16:00:00	4290.50	4303.72	4257.64	4296.65	85737	0	2
2025.12.12	20:00:00	4296.67	4304.35	4288.72	4301.01	21170	0	2
2025.12.14	20:00:00	4298.86	4308.44	4297.16	4302.43	7006	0	2
2025.12.15	00:00:00	4302.44	4329.72	4300.26	4327.28	51661	0	2
2025.12.15	04:00:00	4327.19	4347.44	4323.24	4339.30	45952	0	2
2025.12.15	08:00:00	4339.34	4350.28	4335.41	4342.86	39155	0	2
2025.12.15	12:00:00	4342.85	4348.46	4311.70	4318.35	79578	0	2
2025.12.15	16:00:00	4318.30	4318.86	4285.35	4314.24	70276	0	2
2025.12.15	20:00:00	4314.29	4314.51	4299.67	4304.27	23554	0	2
2025.12.16	00:00:00	4304.41	4317.95	4280.78	4290.98	60043	0	2
2025.12.16	04:00:00	4290.96	4292.38	4271.75	4287.70	47822	0	2
2025.12.16	08:00:00	4287.74	4289.38	4273.89	4278.60	39488	0	2
2025.12.16	12:00:00	4278.62	4335.08	4276.89	4319.60	77507	0	2
2025.12.16	16:00:00	4319.85	4323.29	4291.38	4310.78	68161	0	2
2025.12.16	20:00:00	4310.76	4314.53	4300.76	4307.94	19465	0	2
2025.12.17	00:00:00	4307.85	4327.89	4307.55	4323.78	53744	0	2
2025.12.17	04:00:00	4323.89	4342.54	4315.62	4317.99	48493	0	2
2025.12.17	08:00:00	4317.92	4323.36	4306.70	4316.43	34656	0	2
2025.12.17	12:00:00	4316.41	4349.15	4315.03	4330.32	77195	0	2
2025.12.17	16:00:00	4330.59	4346.54	4320.26	4337.16	79385	0	2
2025.12.17	20:00:00	4337.12	4346.30	4335.33	4339.28	24389	0	2
2025.12.18	00:00:00	4339.23	4342.99	4324.52	4333.17	52691	0	2
2025.12.18	04:00:00	4333.25	4337.84	4328.70	4331.62	42118	0	2
2025.12.18	08:00:00	4331.59	4332.65	4320.87	4325.58	35288	0	2
2025.12.18	12:00:00	4325.60	4343.10	4308.72	4338.27	80899	0	2
2025.12.18	16:00:00	4338.17	4374.62	4321.99	4325.07	86277	0	2
2025.12.18	20:00:00	4325.06	4338.23	4324.69	4335.19	25087	0	2
2025.12.19	00:00:00	4335.18	4335.74	4309.37	4318.08	41480	0	2
2025.12.19	04:00:00	4318.10	4329.69	4317.07	4322.71	40649	0	2
2025.12.19	08:00:00	4322.68	4333.72	4321.11	4327.33	33200	0	2
2025.12.19	12:00:00	4327.47	4349.28	4319.88	4347.95	70647	0	2
2025.12.19	16:00:00	4347.93	4356.63	4342.11	4345.32	55364	0	2
2025.12.19	20:00:00	4345.30	4346.49	4336.71	4339.36	17492	0	2
2025.12.21	20:00:00	4338.46	4356.31	4337.60	4355.28	6580	0	2
2025.12.22	00:00:00	4355.30	4394.98	4355.20	4392.65	44394	0	2
2025.12.22	04:00:00	4392.72	4420.43	4391.42	4414.49	39769	0	2
2025.12.22	08:00:00	4414.50	4415.92	4406.19	4410.47	32958	0	2
2025.12.22	12:00:00	4410.31	4435.58	4406.36	4431.88	70959	0	2
2025.12.22	16:00:00	4431.86	4442.19	4428.22	4433.73	43900	0	2
2025.12.22	20:00:00	4433.69	4461.70	4431.88	4460.20	24377	0	2
2025.12.23	00:00:00	4460.14	4497.81	4458.16	4486.91	51366	0	2
2025.12.23	04:00:00	4486.94	4489.73	4469.57	4486.83	48380	0	2
2025.12.23	08:00:00	4486.79	4494.31	4478.27	4493.61	43772	0	2
2025.12.23	12:00:00	4493.56	4497.32	4430.62	4458.45	83649	0	2
2025.12.23	16:00:00	4458.43	4496.43	4456.01	4490.91	62441	0	2
2025.12.23	20:00:00	4490.75	4510.37	4483.53	4503.44	27895	0	2
2025.12.24	00:00:00	4503.35	4525.99	4471.14	4493.28	65282	0	2
2025.12.24	04:00:00	4493.42	4501.58	4483.58	4483.79	50025	0	2
2025.12.24	08:00:00	4483.88	4500.04	4478.29	4491.61	48333	0	2
2025.12.24	12:00:00	4491.60	4496.09	4448.53	4458.53	82465	0	2
2025.12.24	16:00:00	4458.55	4487.80	4456.04	4480.53	42341	0	2
2025.12.25	20:00:00	4469.73	4499.95	4458.88	4495.21	11092	0	2
2025.12.26	00:00:00	4495.25	4531.41	4492.36	4501.87	66992	0	2
2025.12.26	04:00:00	4501.96	4519.51	4500.67	4511.10	53448	0	2
2025.12.26	08:00:00	4511.12	4523.75	4503.11	4509.87	45134	0	2
2025.12.26	12:00:00	4509.86	4547.44	4503.79	4546.43	75330	0	2
2025.12.26	16:00:00	4546.65	4550.01	4510.18	4523.80	73504	0	2
2025.12.26	20:00:00	4523.85	4535.59	4521.74	4531.70	23023	0	2
2025.12.28	20:00:00	4543.18	4549.21	4521.93	4527.27	16074	0	2
2025.12.29	00:00:00	4527.30	4528.12	4472.51	4516.58	73795	0	2
2025.12.29	04:00:00	4516.52	4519.65	4445.15	4474.65	63615	0	2
2025.12.29	08:00:00	4474.62	4488.55	4434.45	4446.82	61874	0	2
2025.12.29	12:00:00	4446.84	4467.60	4303.23	4325.37	92345	0	2
2025.12.29	16:00:00	4325.31	4347.53	4315.19	4336.86	71179	0	2
2025.12.29	20:00:00	4336.77	4347.09	4323.47	4345.82	32033	0	2
2025.12.30	00:00:00	4345.81	4369.34	4324.66	4359.37	64734	0	2
2025.12.30	04:00:00	4359.38	4383.48	4357.69	4372.51	59428	0	2
2025.12.30	08:00:00	4372.57	4391.68	4350.29	4384.41	56567	0	2
2025.12.30	12:00:00	4384.37	4404.35	4355.92	4365.14	91527	0	2
2025.12.30	16:00:00	4365.15	4381.84	4337.67	4348.68	73447	0	2
2025.12.30	20:00:00	4348.69	4355.57	4328.90	4339.08	36058	0	2
2025.12.31	00:00:00	4339.07	4373.31	4332.86	4348.66	70007	0	2
2025.12.31	04:00:00	4348.46	4351.39	4274.62	4331.28	63984	0	2
2025.12.31	08:00:00	4331.16	4337.38	4303.46	4311.18	52750	0	2
2025.12.31	12:00:00	4311.16	4353.41	4303.23	4337.43	68752	0	2
2025.12.31	16:00:00	4337.42	4339.86	4307.97	4311.58	66199	0	2
2025.12.31	20:00:00	4311.62	4324.79	4304.70	4318.27	21788	0	2
2026.01.01	20:00:00	4332.84	4351.42	4328.38	4348.43	5790	0	2
2026.01.02	00:00:00	4348.62	4375.66	4341.54	4375.22	43505	0	2
2026.01.02	04:00:00	4375.23	4383.54	4371.25	4383.09	41405	0	2
2026.01.02	08:00:00	4382.92	4399.36	4380.94	4393.09	48410	0	2
2026.01.02	12:00:00	4393.04	4402.46	4330.45	4335.49	82006	0	2
2026.01.02	16:00:00	4335.47	4337.46	4310.08	4318.19	79798	0	2
2026.01.02	20:00:00	4318.25	4333.52	4317.23	4331.46	21867	0	2
2026.01.04	20:00:00	4352.57	4375.91	4344.16	4372.68	13057	0	2
2026.01.05	00:00:00	4372.66	4420.12	4370.39	4400.29	72143	0	2
2026.01.05	04:00:00	4400.13	4426.37	4397.40	4421.84	50441	0	2
2026.01.05	08:00:00	4421.93	4439.98	4410.91	4419.46	52848	0	2
2026.01.05	12:00:00	4419.39	4455.65	4396.18	4448.63	90383	0	2
2026.01.05	16:00:00	4448.71	4454.48	4432.30	4439.80	61467	0	2
2026.01.05	20:00:00	4439.73	4459.81	4436.95	4440.66	27574	0	2
2026.01.06	00:00:00	4440.62	4468.18	4428.03	4467.75	57916	0	2
2026.01.06	04:00:00	4467.69	4474.25	4449.50	4459.54	51548	0	2
2026.01.06	08:00:00	4459.31	4475.84	4442.64	4463.42	49368	0	2
2026.01.06	12:00:00	4463.39	4491.02	4454.54	4478.44	81272	0	2
2026.01.06	16:00:00	4478.43	4494.22	4471.64	4481.38	69494	0	2
2026.01.06	20:00:00	4481.37	4500.57	4480.43	4493.55	24526	0	2
2026.01.07	00:00:00	4493.51	4495.86	4459.86	4474.90	63099	0	2
2026.01.07	04:00:00	4474.85	4476.10	4441.60	4461.32	56970	0	2
2026.01.07	08:00:00	4461.31	4474.93	4446.60	4447.49	41618	0	2
2026.01.07	12:00:00	4447.51	4455.15	4423.62	4446.10	87387	0	2
2026.01.07	16:00:00	4446.08	4468.32	4443.85	4457.00	62447	0	2
2026.01.07	20:00:00	4456.99	4464.06	4449.90	4463.55	28699	0	2
2026.01.08	00:00:00	4463.51	4466.47	4433.57	4440.32	62791	0	2
2026.01.08	04:00:00	4440.28	4440.61	4415.74	4431.04	64457	0	2
2026.01.08	08:00:00	4430.96	4435.53	4419.93	4422.93	51803	0	2
2026.01.08	12:00:00	4422.99	4456.38	4407.83	4454.30	87660	0	2
2026.01.08	16:00:00	4454.21	4465.50	4444.82	4452.23	65024	0	2
2026.01.08	20:00:00	4452.18	4484.20	4451.62	4475.72	28971	0	2
2026.01.09	00:00:00	4475.68	4476.78	4453.03	4464.19	52904	0	2
2026.01.09	04:00:00	4464.21	4477.53	4458.37	4470.23	35342	0	2
2026.01.09	08:00:00	4470.32	4477.65	4464.18	4475.55	34793	0	2
2026.01.09	12:00:00	4475.46	4517.20	4459.26	4512.40	87414	0	2
2026.01.09	16:00:00	4512.39	4514.34	4482.16	4499.48	68295	0	2
2026.01.09	20:00:00	4499.45	4511.26	4497.90	4508.76	20873	0	2
2026.01.11	20:00:00	4515.29	4545.09	4513.05	4540.23	12272	0	2
2026.01.12	00:00:00	4540.19	4601.22	4536.54	4570.64	76371	0	2
2026.01.12	04:00:00	4570.63	4589.75	4563.51	4587.74	48629	0	2
2026.01.12	08:00:00	4587.76	4599.33	4579.51	4585.32	44856	0	2
2026.01.12	12:00:00	4585.04	4627.55	4578.48	4621.44	78822	0	2
2026.01.12	16:00:00	4621.43	4630.23	4600.62	4611.02	54612	0	2
2026.01.12	20:00:00	4611.19	4611.78	4577.64	4599.41	31875	0	3
2026.01.13	00:00:00	4599.52	4599.76	4575.70	4594.28	53949	0	3
2026.01.13	04:00:00	4594.24	4602.09	4573.75	4580.75	45010	0	2
2026.01.13	08:00:00	4580.81	4597.14	4579.87	4588.65	35520	0	2
2026.01.13	12:00:00	4588.70	4634.60	4577.89	4619.21	81625	0	2
2026.01.13	16:00:00	4619.19	4620.80	4581.18	4597.60	74054	0	2
2026.01.13	20:00:00	4597.61	4598.89	4569.32	4597.12	31181	0	2
2026.01.14	00:00:00	4597.10	4630.06	4597.10	4628.31	52371	0	2
2026.01.14	04:00:00	4628.32	4639.80	4618.14	4632.57	50934	0	2
2026.01.14	08:00:00	4632.53	4639.65	4622.12	4630.46	43035	0	2
2026.01.14	12:00:00	4630.49	4641.98	4599.48	4617.97	85696	0	2
2026.01.14	16:00:00	4618.00	4642.92	4601.23	4639.24	78853	0	2
2026.01.14	20:00:00	4639.23	4641.63	4603.17	4615.34	39821	0	2
2026.01.15	00:00:00	4615.29	4618.20	4581.27	4592.33	72696	0	2
2026.01.15	04:00:00	4592.32	4613.72	4581.13	4601.89	54280	0	2
2026.01.15	08:00:00	4601.84	4623.06	4597.91	4619.29	43171	0	2
2026.01.15	12:00:00	4619.26	4620.84	4582.09	4615.63	80935	0	2
2026.01.15	16:00:00	4615.49	4624.64	4601.35	4616.06	65066	0	2
2026.01.15	20:00:00	4616.05	4620.58	4600.85	4610.34	34909	0	2
2026.01.16	00:00:00	4610.32	4611.43	4591.41	4596.51	58816	0	2
2026.01.16	04:00:00	4596.48	4616.14	4594.14	4607.57	47157	0	2
2026.01.16	08:00:00	4607.58	4616.08	4598.65	4612.60	33739	0	2
2026.01.16	12:00:00	4612.61	4620.35	4536.81	4571.26	84200	0	2
2026.01.16	16:00:00	4571.24	4599.10	4568.08	4590.61	69366	0	2
2026.01.16	20:00:00	4590.59	4598.73	4580.92	4596.24	27396	0	2
2026.01.18	20:00:00	4638.53	4690.68	4636.84	4672.51	12636	0	2
2026.01.19	00:00:00	4672.40	4682.06	4653.31	4658.42	57064	0	2
2026.01.19	04:00:00	4658.42	4679.07	4658.21	4665.10	34386	0	2
2026.01.19	08:00:00	4664.81	4673.82	4659.72	4660.77	30893	0	2
2026.01.19	12:00:00	4660.70	4676.17	4660.15	4674.32	41233	0	2
2026.01.19	16:00:00	4674.36	4680.35	4666.84	4670.18	25350	0	2
2026.01.19	20:00:00	4668.26	4672.33	4664.51	4665.43	4448	0	4
2026.01.20	00:00:00	4665.45	4681.60	4659.55	4680.25	44434	0	4
2026.01.20	04:00:00	4680.26	4722.82	4679.68	4716.04	48037	0	2
2026.01.20	08:00:00	4716.11	4737.54	4715.07	4733.13	45524	0	2
2026.01.20	12:00:00	4732.24	4750.95	4715.20	4737.65	84919	0	2
2026.01.20	16:00:00	4737.66	4766.34	4729.23	4760.55	62882	0	2
2026.01.20	20:00:00	4760.55	4781.25	4747.31	4775.93	28883	0	2
2026.01.21	00:00:00	4775.91	4849.76	4770.76	4845.04	58904	0	2
2026.01.21	04:00:00	4844.92	4888.40	4832.74	4855.31	57266	0	2
2026.01.21	08:00:00	4855.36	4877.25	4851.64	4866.95	42466	0	2
2026.01.21	12:00:00	4867.01	4880.95	4813.29	4847.85	83652	0	2
2026.01.21	16:00:00	4847.88	4855.70	4756.13	4781.31	93030	0	2
2026.01.21	20:00:00	4781.28	4839.82	4772.36	4778.51	46620	0	3
2026.01.22	00:00:00	4778.35	4809.75	4772.56	4796.71	61006	0	3
2026.01.22	04:00:00	4796.84	4838.98	4793.80	4832.80	47936	0	3
2026.01.22	08:00:00	4832.74	4838.03	4814.11	4831.19	48145	0	3
2026.01.22	12:00:00	4831.16	4873.75	4810.83	4871.54	77153	0	3
2026.01.22	16:00:00	4871.53	4924.41	4868.10	4911.77	72276	0	3
2026.01.22	20:00:00	4911.88	4960.60	4911.56	4959.10	36165	0	3
2026.01.23	00:00:00	4959.11	4967.43	4936.71	4952.11	49668	0	3
2026.01.23	04:00:00	4952.05	4967.25	4943.31	4944.53	36467	0	3
2026.01.23	08:00:00	4944.20	4947.73	4899.96	4922.89	56241	0	3
2026.01.23	12:00:00	4922.88	4963.41	4918.39	4960.61	83829	0	3
2026.01.23	16:00:00	4960.62	4989.86	4958.38	4984.41	75554	0	3
2026.01.23	20:00:00	4984.22	4988.51	4970.72	4988.00	23062	0	3
2026.01.25	20:00:00	5023.35	5040.12	5012.10	5039.90	16043	0	3
2026.01.26	00:00:00	5039.81	5093.10	5029.15	5076.75	78486	0	3
2026.01.26	04:00:00	5076.70	5111.10	5052.52	5089.17	64179	0	3
2026.01.26	08:00:00	5089.06	5098.38	5075.47	5091.58	60652	0	3
2026.01.26	12:00:00	5091.55	5097.27	5054.67	5091.16	90550	0	3
2026.01.26	16:00:00	5090.96	5105.10	5008.68	5028.83	109301	0	3
2026.01.26	20:00:00	5029.14	5062.29	4990.15	5043.61	60221	0	2
2026.01.27	00:00:00	5043.59	5079.93	5013.76	5077.04	66704	0	2
2026.01.27	04:00:00	5076.80	5100.89	5057.33	5086.09	62533	0	2
2026.01.27	08:00:00	5085.97	5099.70	5066.97	5077.01	61367	0	3
2026.01.27	12:00:00	5076.95	5092.93	5046.86	5090.84	98907	0	3
2026.01.27	16:00:00	5091.16	5103.20	5076.34	5098.90	85270	0	3
2026.01.27	20:00:00	5098.96	5190.53	5097.97	5172.42	58721	0	3
2026.01.28	00:00:00	5172.41	5247.62	5157.38	5235.11	78094	0	3
2026.01.28	04:00:00	5235.09	5292.85	5232.37	5290.56	62174	0	3
2026.01.28	08:00:00	5290.55	5311.51	5238.81	5261.69	70695	0	3
2026.01.28	12:00:00	5261.70	5298.31	5235.98	5278.18	97264	0	3
2026.01.28	16:00:00	5278.33	5332.00	5268.73	5325.61	103642	0	3
2026.01.28	20:00:00	5325.60	5598.69	5321.43	5513.27	69190	0	3
2026.01.29	00:00:00	5512.94	5551.76	5446.15	5545.93	94402	0	3
2026.01.29	04:00:00	5545.94	5595.45	5516.28	5549.01	81101	0	3
2026.01.29	08:00:00	5548.97	5554.84	5471.03	5522.72	79182	0	3
2026.01.29	12:00:00	5522.62	5549.89	5104.95	5183.03	102908	0	3
2026.01.29	16:00:00	5183.29	5375.43	5172.04	5305.67	114738	0	3
2026.01.29	20:00:00	5305.62	5448.72	5283.09	5438.56	59115	0	3
2026.01.30	00:00:00	5438.48	5450.94	5112.57	5196.85	102707	0	3
2026.01.30	04:00:00	5196.99	5241.60	5118.24	5181.36	88633	0	3
2026.01.30	08:00:00	5181.24	5181.24	4942.71	5135.93	102285	0	3
2026.01.30	12:00:00	5135.91	5145.95	4980.60	5050.12	105537	0	2
2026.01.30	16:00:00	5050.13	5051.69	4680.24	4932.68	116948	0	2
2026.01.30	20:00:00	4932.75	4933.20	4810.76	4891.18	43475	0	2
2026.02.01	20:00:00	4828.28	4834.79	4695.05	4740.72	26647	0	2
2026.02.02	00:00:00	4741.06	4885.24	4584.31	4646.51	109418	0	2
2026.02.02	04:00:00	4646.72	4713.31	4402.98	4587.14	101588	0	2
2026.02.02	08:00:00	4587.22	4779.72	4564.41	4766.47	89482	0	2
2026.02.02	12:00:00	4766.49	4812.41	4617.29	4620.47	105416	0	2
2026.02.02	16:00:00	4620.14	4713.88	4596.54	4685.45	94674	0	2
2026.02.02	20:00:00	4685.43	4775.57	4643.96	4774.20	55952	0	2
2026.02.03	00:00:00	4774.37	4855.90	4745.52	4809.79	98264	0	2
2026.02.03	04:00:00	4809.71	4933.66	4800.77	4917.36	80096	0	3
2026.02.03	08:00:00	4917.33	4950.64	4884.04	4916.39	66155	0	3
2026.02.03	12:00:00	4917.10	4951.13	4892.63	4935.37	88429	0	3
2026.02.03	16:00:00	4935.40	4993.88	4880.93	4927.27	101156	0	3
2026.02.03	20:00:00	4927.26	4971.90	4903.42	4947.42	52071	0	2
2026.02.04	00:00:00	4947.40	5073.66	4946.05	5069.96	82237	0	2
2026.02.04	04:00:00	5070.00	5091.38	5051.21	5084.80	58532	0	2
2026.02.04	08:00:00	5084.77	5091.89	5013.72	5047.65	55937	0	2
2026.02.04	12:00:00	5047.66	5063.50	4887.44	4920.02	84533	0	2
2026.02.04	16:00:00	4919.99	4957.97	4849.39	4942.24	95180	0	2
2026.02.04	20:00:00	4942.10	5023.83	4914.60	5012.31	41940	0	2
2026.02.05	00:00:00	5012.34	5020.52	4790.03	4880.96	103004	0	3
2026.02.05	04:00:00	4880.90	4940.76	4826.42	4914.88	84480	0	3
2026.02.05	08:00:00	4914.98	4943.54	4848.38	4868.12	67714	0	3
2026.02.05	12:00:00	4868.24	4878.24	4800.59	4818.52	98374	0	3
2026.02.05	16:00:00	4818.50	4906.75	4812.53	4829.50	93247	0	3
2026.02.05	20:00:00	4829.48	4843.15	4703.47	4704.04	53414	0	3
2026.02.06	00:00:00	4704.05	4846.42	4655.50	4824.40	98171	0	3
2026.02.06	04:00:00	4824.38	4903.31	4807.22	4840.24	64234	0	2
2026.02.06	08:00:00	4840.23	4895.74	4829.58	4887.84	49255	0	4
2026.02.06	12:00:00	4887.69	4964.54	4871.61	4943.62	74068	0	3
2026.02.06	16:00:00	4943.61	4971.38	4922.20	4957.59	56404	0	3
2026.02.06	20:00:00	4957.58	4966.67	4936.73	4966.66	19608	0	3
2026.02.08	20:00:00	4986.66	5047.23	4964.44	5036.01	17780	0	3
2026.02.09	00:00:00	5036.00	5045.07	4969.13	5016.32	71510	0	3
2026.02.09	04:00:00	5016.27	5045.73	4997.48	5006.58	59363	0	3
2026.02.09	08:00:00	5006.59	5040.88	4982.31	5010.89	56122	0	3
2026.02.09	12:00:00	5011.03	5060.44	4995.39	5059.12	77549	0	3
2026.02.09	16:00:00	5059.13	5080.56	5040.99	5074.78	64169	0	3
2026.02.09	20:00:00	5074.79	5086.56	4987.10	5031.85	38150	0	3
2026.02.10	00:00:00	5031.81	5056.47	5009.07	5030.30	68299	0	5
2026.02.10	04:00:00	5030.18	5045.52	5011.53	5034.03	49419	0	5
2026.02.10	08:00:00	5033.60	5063.28	5029.02	5056.08	47216	0	3
2026.02.10	12:00:00	5056.23	5078.68	4999.00	5019.71	76713	0	3
2026.02.10	16:00:00	5019.62	5040.15	5004.93	5028.07	67724	0	4
2026.02.10	20:00:00	5028.08	5054.63	5020.46	5041.89	26765	0	4
2026.02.11	00:00:00	5042.01	5060.99	5028.50	5054.45	44729	0	4
2026.02.11	04:00:00	5054.28	5069.45	5043.62	5055.62	40373	0	4
2026.02.11	08:00:00	5055.43	5116.73	5046.05	5111.85	50940	0	4
2026.02.11	12:00:00	5111.87	5119.45	5019.10	5060.07	97044	0	4
2026.02.11	16:00:00	5060.02	5099.00	5043.13	5081.61	68425	0	7
2026.02.11	20:00:00	5081.60	5100.03	5052.41	5061.29	29974	0	7
2026.02.12	00:00:00	5061.24	5074.74	5045.20	5056.99	50078	0	7
2026.02.12	04:00:00	5057.00	5078.22	5047.26	5064.32	36719	0	7
2026.02.12	08:00:00	5064.25	5080.92	5052.50	5064.02	32195	0	7
2026.02.12	12:00:00	5063.98	5083.78	5039.52	5060.30	66252	0	5
2026.02.12	16:00:00	5060.41	5068.25	4878.54	4945.43	105894	0	5
2026.02.12	20:00:00	4945.45	4948.57	4887.37	4920.11	43327	0	5
2026.02.13	00:00:00	4920.34	4991.65	4913.94	4981.49	55456	0	5
2026.02.13	04:00:00	4981.47	4997.44	4944.96	4974.71	45711	0	5
2026.02.13	08:00:00	4975.05	4989.50	4934.12	4954.08	49785	0	5
2026.02.13	12:00:00	4954.16	5020.71	4952.37	4976.92	82053	0	5
2026.02.13	16:00:00	4976.94	5046.15	4975.85	5024.76	66947	0	5
2026.02.13	20:00:00	5023.92	5046.16	5021.61	5041.35	23039	0	5
2026.02.15	20:00:00	5014.62	5031.80	5008.61	5020.21	14218	0	4
2026.02.16	00:00:00	5020.24	5031.21	4975.82	4987.62	41528	0	4
2026.02.16	04:00:00	4987.61	5010.04	4965.70	5007.39	32391	0	4
2026.02.16	08:00:00	5007.41	5017.34	4995.87	5004.53	24045	0	4
2026.02.16	12:00:00	5004.51	5008.17	4969.14	4979.78	32443	0	5
2026.02.16	16:00:00	4979.75	4997.84	4973.09	4992.08	21498	0	5
2026.02.16	20:00:00	4997.40	5000.81	4985.42	4989.83	6237	0	5
2026.02.17	00:00:00	4989.86	4991.50	4923.13	4956.90	44560	0	4
2026.02.17	04:00:00	4956.84	4960.40	4858.54	4917.18	47587	0	4
2026.02.17	08:00:00	4917.09	4939.43	4907.84	4929.46	34469	0	4
2026.02.17	12:00:00	4929.45	4944.38	4839.93	4878.73	82646	0	4
2026.02.17	16:00:00	4878.60	4910.65	4850.41	4880.44	79340	0	2
2026.02.17	20:00:00	4880.43	4886.76	4854.22	4859.37	33295	0	3
2026.02.18	00:00:00	4859.36	4922.23	4858.49	4920.86	34638	0	3
2026.02.18	04:00:00	4920.88	4942.43	4918.43	4930.37	25661	0	2
2026.02.18	08:00:00	4930.49	4932.35	4906.53	4913.10	26721	0	2
2026.02.18	12:00:00	4913.16	5009.16	4912.15	4997.97	56354	0	2
2026.02.18	16:00:00	4997.93	5010.96	4973.07	4980.50	53305	0	3
2026.02.18	20:00:00	4980.70	4988.73	4966.47	4976.07	24002	0	2
2026.02.19	00:00:00	4975.93	4983.47	4960.81	4981.71	26453	0	3
2026.02.19	04:00:00	4981.67	5021.80	4977.10	5010.45	19679	0	3
2026.02.19	08:00:00	5010.43	5022.04	4978.16	4984.70	29451	0	2
2026.02.19	12:00:00	4985.09	5022.36	4963.94	5013.91	60947	0	2
2026.02.19	16:00:00	5013.93	5014.47	4975.42	4988.01	49968	0	2
2026.02.19	20:00:00	4988.03	5008.17	4985.75	4987.69	21128	0	2
2026.02.20	00:00:00	4987.73	5014.80	4981.82	4987.89	25887	0	2
2026.02.20	04:00:00	4987.50	5030.03	4986.82	5006.54	24795	0	2
2026.02.20	08:00:00	5006.39	5042.73	5005.18	5017.53	33199	0	2
2026.02.20	12:00:00	5017.50	5064.13	4989.49	5042.55	65412	0	2
2026.02.20	16:00:00	5042.56	5079.92	5038.95	5079.60	72378	0	2
2026.02.20	20:00:00	5079.61	5107.82	5076.95	5104.90	19134	0	2
2026.02.22	20:00:00	5117.13	5171.92	5117.12	5165.47	14821	0	2
2026.02.23	00:00:00	5165.07	5176.76	5129.66	5166.84	59394	0	4
2026.02.23	04:00:00	5166.86	5168.82	5125.21	5136.79	37109	0	8
2026.02.23	08:00:00	5136.73	5163.54	5122.28	5149.90	37085	0	4
2026.02.23	12:00:00	5149.91	5205.15	5141.63	5196.59	61723	0	3
2026.02.23	16:00:00	5196.34	5219.08	5175.93	5215.82	55083	0	3
2026.02.23	20:00:00	5215.52	5250.71	5215.05	5235.72	27363	0	3
2026.02.24	00:00:00	5235.79	5238.19	5145.34	5172.06	61735	0	3
2026.02.24	04:00:00	5171.96	5185.63	5156.71	5179.37	39096	0	3
2026.02.24	08:00:00	5179.36	5181.94	5163.34	5172.85	30736	0	3
2026.02.24	12:00:00	5172.72	5173.60	5094.21	5150.37	75593	0	4
2026.02.24	16:00:00	5150.55	5170.05	5131.12	5154.05	54294	0	5
2026.02.24	20:00:00	5154.17	5173.30	5125.79	5146.77	29586	0	5
2026.02.25	00:00:00	5146.75	5193.87	5136.94	5182.17	54966	0	5
2026.02.25	04:00:00	5181.98	5210.68	5172.95	5184.68	39028	0	5
2026.02.25	08:00:00	5184.70	5197.27	5155.09	5181.67	35549	0	4
2026.02.25	12:00:00	5181.52	5202.55	5159.00	5194.57	57733	0	4
2026.02.25	16:00:00	5194.86	5217.74	5189.80	5205.16	42594	0	4
2026.02.25	20:00:00	5205.13	5206.38	5146.04	5163.27	35086	0	4
2026.02.26	00:00:00	5163.30	5198.57	5155.57	5192.78	53784	0	4
2026.02.26	04:00:00	5192.77	5205.60	5179.79	5186.07	34484	0	4
2026.02.26	08:00:00	5186.17	5190.90	5161.16	5164.71	34330	0	4
2026.02.26	12:00:00	5164.70	5192.90	5130.62	5185.85	69972	0	4
2026.02.26	16:00:00	5185.88	5194.14	5160.84	5187.09	52879	0	4
2026.02.26	20:00:00	5186.84	5200.85	5174.92	5184.74	20502	0	4
2026.02.27	00:00:00	5184.72	5199.73	5166.98	5184.23	45494	0	4
2026.02.27	04:00:00	5184.17	5200.46	5175.80	5176.12	36818	0	4
2026.02.27	08:00:00	5176.49	5185.67	5168.89	5185.66	28037	0	4
2026.02.27	12:00:00	5185.72	5246.50	5183.07	5239.42	70294	0	4
2026.02.27	16:00:00	5239.43	5257.75	5220.78	5250.27	61450	0	4
2026.02.27	20:00:00	5250.29	5281.37	5248.62	5278.28	19683	0	4
2026.03.01	20:00:00	5362.19	5393.58	5328.72	5386.91	24301	0	4
2026.03.02	00:00:00	5387.10	5388.21	5303.28	5366.43	78801	0	11
2026.03.02	04:00:00	5366.42	5419.21	5340.95	5408.14	50543	0	5
2026.03.02	08:00:00	5408.13	5416.82	5375.42	5385.31	52748	0	5
2026.03.02	12:00:00	5385.14	5416.53	5306.92	5316.00	95486	0	5
2026.03.02	16:00:00	5315.97	5334.22	5260.96	5330.53	80681	0	5
2026.03.02	20:00:00	5330.61	5346.88	5321.83	5346.04	39510	0	5
2026.03.03	00:00:00	5346.07	5379.91	5333.16	5367.50	59173	0	5
2026.03.03	04:00:00	5367.44	5375.66	5279.47	5327.80	63496	0	5
2026.03.03	08:00:00	5327.57	5335.97	5074.88	5145.01	91861	0	5
2026.03.03	12:00:00	5144.91	5226.66	4996.21	5095.74	114886	0	5
2026.03.03	16:00:00	5095.97	5148.76	5065.49	5113.32	108726	0	5
2026.03.03	20:00:00	5113.36	5130.37	5083.51	5125.41	51389	0	5
2026.03.04	00:00:00	5125.40	5190.79	5105.79	5174.59	79707	0	5
2026.03.04	04:00:00	5174.63	5180.90	5120.26	5168.44	69522	0	5
2026.03.04	08:00:00	5168.41	5202.56	5147.76	5192.14	65216	0	5
2026.03.04	12:00:00	5192.20	5206.18	5131.47	5151.37	98314	0	5
2026.03.04	16:00:00	5151.44	5162.53	5109.17	5138.05	83798	0	5
2026.03.04	20:00:00	5137.97	5166.23	5123.73	5165.34	28508	0	5
2026.03.05	00:00:00	5165.28	5194.98	5159.56	5180.29	58155	0	5
2026.03.05	04:00:00	5180.30	5186.74	5121.07	5162.29	57318	0	5
2026.03.05	08:00:00	5162.03	5180.42	5137.78	5163.91	60172	0	5
2026.03.05	12:00:00	5163.90	5171.60	5061.27	5102.57	91847	0	5
2026.03.05	16:00:00	5102.58	5104.60	5051.21	5065.89	95892	0	5
2026.03.05	20:00:00	5065.99	5101.79	5061.76	5086.27	37151	0	5
2026.03.06	00:00:00	5086.16	5143.90	5066.72	5131.18	58520	0	5
2026.03.06	04:00:00	5131.19	5136.42	5105.75	5119.62	42016	0	5
2026.03.06	08:00:00	5119.65	5123.10	5062.92	5077.13	60579	0	5
2026.03.06	12:00:00	5077.20	5171.57	5065.56	5142.03	99148	0	5
2026.03.06	16:00:00	5141.94	5174.65	5126.10	5159.84	80219	0	5
2026.03.06	20:00:00	5159.86	5175.43	5149.67	5173.32	21680	0	5
2026.03.08	20:00:00	5164.94	5171.22	5044.73	5076.06	46013	0	5
2026.03.09	00:00:00	5076.13	5102.10	5014.80	5091.50	84068	0	5
2026.03.09	04:00:00	5091.48	5140.49	5081.06	5098.90	65647	0	5
2026.03.09	08:00:00	5098.93	5132.60	5079.64	5088.05	63101	0	5
2026.03.09	12:00:00	5088.07	5116.12	5061.09	5099.74	85120	0	5
2026.03.09	16:00:00	5099.76	5144.22	5089.16	5141.21	64390	0	5
2026.03.09	20:00:00	5141.48	5156.10	5117.69	5139.77	30227	0	5
2026.03.10	00:00:00	5139.74	5186.79	5124.74	5157.58	63393	0	5
2026.03.10	04:00:00	5157.67	5181.44	5154.53	5181.08	41897	0	5
2026.03.10	08:00:00	5181.11	5195.09	5156.59	5175.27	53742	0	6
2026.03.10	12:00:00	5175.26	5238.63	5162.54	5228.70	78975	0	6
2026.03.10	16:00:00	5228.78	5235.54	5161.01	5198.85	66417	0	6
2026.03.10	20:00:00	5198.89	5199.10	5183.33	5197.39	19915	0	6
2026.03.11	00:00:00	5197.40	5223.12	5186.93	5203.40	49224	0	6
2026.03.11	04:00:00	5203.41	5210.90	5184.67	5195.79	41121	0	6
2026.03.11	08:00:00	5195.82	5198.78	5175.51	5181.50	45606	0	5
2026.03.11	12:00:00	5181.43	5196.27	5149.53	5166.45	84985	0	5
2026.03.11	16:00:00	5166.44	5183.60	5155.08	5183.38	50845	0	5
2026.03.11	20:00:00	5183.37	5183.71	5129.97	5134.38	24187	0	5
2026.03.12	00:00:00	5134.40	5175.24	5125.64	5153.19	53938	0	5
2026.03.12	04:00:00	5153.26	5185.25	5137.25	5182.06	37986	0	5
2026.03.12	08:00:00	5182.07	5191.77	5172.85	5179.08	36919	0	5
2026.03.12	12:00:00	5179.36	5186.16	5109.86	5132.20	81871	0	5
2026.03.12	16:00:00	5132.21	5138.10	5079.61	5084.83	63647	0	5
2026.03.12	20:00:00	5084.73	5101.34	5055.17	5098.21	24880	0	5
2026.03.13	00:00:00	5098.19	5128.68	5097.53	5115.68	41370	0	5
2026.03.13	04:00:00	5115.59	5117.94	5071.78	5085.26	45868	0	4
2026.03.13	08:00:00	5085.00	5107.83	5061.65	5107.83	47674	0	4
2026.03.13	12:00:00	5107.78	5121.72	5032.16	5034.68	84809	0	4
2026.03.13	16:00:00	5034.44	5063.89	5009.79	5016.36	69297	0	4
2026.03.13	20:00:00	5016.34	5025.51	5012.54	5019.83	8009	0	4
2026.03.15	20:00:00	5014.99	5030.24	4967.73	4997.70	39891	0	4
2026.03.16	00:00:00	4997.68	5030.88	4982.72	5019.33	70227	0	4
2026.03.16	04:00:00	5019.31	5036.28	4991.96	4995.47	49970	0	4
2026.03.16	08:00:00	4995.63	5022.79	4970.18	4997.04	56828	0	4
2026.03.16	12:00:00	4997.05	5037.89	4983.93	4987.04	78149	0	6
2026.03.16	16:00:00	4987.05	5020.30	4974.22	5013.33	57387	0	6
2026.03.16	20:00:00	5012.97	5021.68	4998.58	5012.96	19089	0	6
2026.03.17	00:00:00	5012.98	5033.70	4994.83	5027.65	50186	0	6
2026.03.17	04:00:00	5027.63	5044.62	5005.25	5021.30	47135	0	4
2026.03.17	08:00:00	5021.27	5029.69	4992.12	5003.30	45002	0	4
2026.03.17	12:00:00	5003.28	5031.47	4973.85	4997.91	72957	0	4
2026.03.17	16:00:00	4998.11	5009.12	4991.71	5000.29	52146	0	4
2026.03.17	20:00:00	5000.31	5006.42	4993.38	5002.97	13617	0	4
2026.03.18	00:00:00	5003.06	5016.00	4986.32	4991.37	45947	0	4
2026.03.18	04:00:00	4991.35	5016.36	4981.84	4995.07	38252	0	4
2026.03.18	08:00:00	4995.11	4996.85	4925.17	4930.23	50031	0	4
2026.03.18	12:00:00	4930.21	4932.44	4834.37	4862.52	93718	0	4
2026.03.18	16:00:00	4862.53	4899.07	4839.10	4843.33	72669	0	4
2026.03.18	20:00:00	4843.26	4848.64	4804.31	4837.00	37994	0	4
2026.03.19	00:00:00	4837.01	4867.15	4833.01	4850.99	58445	0	4
2026.03.19	04:00:00	4850.96	4853.93	4727.54	4727.97	64800	0	3
2026.03.19	08:00:00	4728.00	4740.42	4651.75	4652.32	93843	0	3
2026.03.19	12:00:00	4652.07	4654.09	4502.53	4596.52	122675	0	3
2026.03.19	16:00:00	4596.45	4663.30	4574.12	4644.08	104183	0	5
2026.03.19	20:00:00	4644.09	4677.11	4634.22	4643.71	35419	0	5
2026.03.20	00:00:00	4643.68	4735.93	4639.61	4725.82	73720	0	5
2026.03.20	04:00:00	4725.83	4727.65	4661.44	4706.33	61558	0	4
2026.03.20	08:00:00	4706.35	4734.85	4637.15	4671.69	76261	0	4
2026.03.20	12:00:00	4671.70	4695.66	4540.83	4553.48	113602	0	4
2026.03.20	16:00:00	4553.49	4613.81	4477.44	4501.52	105629	0	4
2026.03.20	20:00:00	4501.56	4514.65	4493.99	4497.52	13203	0	4
2026.03.22	20:00:00	4475.14	4535.72	4452.64	4464.75	39909	0	4
2026.03.23	00:00:00	4464.77	4473.25	4320.22	4353.02	108817	0	4
2026.03.23	04:00:00	4353.01	4381.90	4098.90	4203.46	104325	0	4
2026.03.23	08:00:00	4203.95	4462.85	4203.48	4379.01	112544	0	4
2026.03.23	12:00:00	4379.05	4512.71	4336.98	4363.95	130548	0	4
2026.03.23	16:00:00	4363.85	4467.13	4352.68	4398.57	109515	0	4
2026.03.23	20:00:00	4397.96	4448.32	4359.25	4441.30	44614	0	4
2026.03.24	00:00:00	4441.27	4446.79	4306.02	4347.28	106488	0	5
2026.03.24	04:00:00	4347.27	4432.36	4319.93	4417.60	95653	0	4
2026.03.24	08:00:00	4417.57	4442.17	4374.60	4408.01	91230	0	4
2026.03.24	12:00:00	4408.06	4433.79	4351.67	4411.79	121830	0	4
2026.03.24	16:00:00	4411.59	4427.57	4372.61	4400.34	101355	0	4
2026.03.24	20:00:00	4400.35	4551.52	4397.47	4546.99	55697	0	4
2026.03.25	00:00:00	4547.00	4602.48	4537.58	4570.16	80976	0	4
2026.03.25	04:00:00	4570.15	4574.70	4533.20	4539.48	59567	0	4
2026.03.25	08:00:00	4539.49	4585.85	4527.91	4579.02	76111	0	4
2026.03.25	12:00:00	4578.99	4583.78	4522.15	4559.09	109753	0	4
2026.03.25	16:00:00	4559.11	4569.04	4487.24	4530.91	84612	0	4
2026.03.25	20:00:00	4531.08	4542.26	4489.06	4498.37	39784	0	4
2026.03.26	00:00:00	4498.34	4544.31	4498.31	4516.76	71170	0	4
2026.03.26	04:00:00	4516.88	4524.29	4415.88	4452.77	75265	0	4
2026.03.26	08:00:00	4452.71	4459.28	4413.28	4423.20	94037	0	4
2026.03.26	12:00:00	4423.14	4479.42	4416.69	4438.35	113731	0	4
2026.03.26	16:00:00	4438.16	4442.78	4359.19	4364.13	95026	0	4
2026.03.26	20:00:00	4364.08	4420.70	4351.25	4405.07	40698	0	4
2026.03.27	00:00:00	4405.16	4446.22	4375.59	4437.62	51958	0	4
2026.03.27	04:00:00	4437.74	4475.19	4431.57	4447.83	45514	0	4
2026.03.27	08:00:00	4447.81	4450.71	4404.41	4420.17	63868	0	4
2026.03.27	12:00:00	4420.15	4555.24	4412.75	4524.02	100579	0	4
2026.03.27	16:00:00	4524.04	4533.81	4486.57	4514.45	79646	0	4
2026.03.27	20:00:00	4514.40	4520.49	4491.08	4494.64	8853	0	4
2026.03.29	20:00:00	4511.39	4513.11	4479.68	4484.58	18031	0	4
2026.03.30	00:00:00	4484.63	4499.27	4419.53	4481.32	82674	0	4
2026.03.30	04:00:00	4481.29	4550.63	4478.98	4532.56	60015	0	4
2026.03.30	08:00:00	4532.60	4540.62	4515.81	4532.52	58552	0	4
2026.03.30	12:00:00	4532.51	4580.77	4512.46	4538.61	89974	0	4
2026.03.30	16:00:00	4538.69	4556.91	4498.37	4499.02	79651	0	4
2026.03.30	20:00:00	4499.03	4523.19	4493.18	4511.01	34271	0	4
2026.03.31	00:00:00	4510.81	4619.47	4482.86	4568.40	81000	0	4
2026.03.31	04:00:00	4568.41	4581.75	4548.09	4557.31	61520	0	3
2026.03.31	08:00:00	4557.30	4575.31	4529.68	4547.06	57947	0	3
2026.03.31	12:00:00	4547.12	4630.13	4541.37	4599.29	96592	0	3
2026.03.31	16:00:00	4599.18	4671.13	4599.17	4667.53	94876	0	3
2026.03.31	20:00:00	4667.54	4696.54	4661.86	4680.85	38846	0	3
2026.04.01	00:00:00	4680.90	4724.16	4672.07	4684.98	59513	0	3
2026.04.01	04:00:00	4684.97	4733.20	4667.14	4730.68	47423	0	3
2026.04.01	08:00:00	4730.67	4747.78	4709.79	4731.36	61985	0	3
2026.04.01	12:00:00	4731.38	4768.89	4716.39	4760.87	88578	0	3
2026.04.01	16:00:00	4760.86	4793.02	4742.28	4753.18	80744	0	6
2026.04.01	20:00:00	4753.23	4782.81	4751.31	4776.57	30765	0	6
2026.04.02	00:00:00	4776.65	4800.38	4651.37	4687.06	73611	0	6
2026.04.02	04:00:00	4687.09	4699.46	4554.04	4599.28	66391	0	6
2026.04.02	08:00:00	4599.29	4651.25	4597.34	4620.63	63918	0	6
2026.04.02	12:00:00	4620.62	4699.77	4580.96	4681.41	97836	0	6
2026.04.02	16:00:00	4681.44	4684.00	4643.08	4668.61	87736	0	6
2026.04.02	20:00:00	4668.64	4681.90	4661.61	4674.93	22714	0	6
2026.04.05	20:00:00	4636.75	4654.13	4608.91	4645.67	15130	0	6
2026.04.06	00:00:00	4645.68	4671.78	4600.91	4648.09	50469	0	6
2026.04.06	04:00:00	4648.08	4678.79	4625.55	4666.02	34363	0	4
2026.04.06	08:00:00	4666.04	4706.74	4645.16	4689.93	51003	0	4
2026.04.06	12:00:00	4690.15	4697.81	4659.87	4682.89	72368	0	4
2026.04.06	16:00:00	4682.92	4684.02	4646.04	4658.45	62736	0	4
2026.04.06	20:00:00	4658.42	4667.94	4645.69	4658.47	18747	0	4
2026.04.07	00:00:00	4658.62	4664.55	4616.61	4650.49	52458	0	4
2026.04.07	04:00:00	4650.50	4664.21	4623.35	4653.51	47320	0	4
2026.04.07	08:00:00	4653.53	4694.58	4636.92	4652.12	70810	0	3
2026.04.07	12:00:00	4652.13	4670.58	4607.58	4633.42	87260	0	4
2026.04.07	16:00:00	4633.32	4686.71	4624.92	4662.28	80063	0	4
2026.04.07	20:00:00	4662.26	4819.74	4660.98	4818.41	59153	0	4
2026.04.08	00:00:00	4818.27	4857.59	4788.29	4804.09	88042	0	4
2026.04.08	04:00:00	4804.10	4843.85	4790.37	4820.56	57325	0	5
2026.04.08	08:00:00	4820.08	4821.35	4771.46	4782.78	57070	0	4
2026.04.08	12:00:00	4782.76	4807.26	4732.61	4736.31	89144	0	4
2026.04.08	16:00:00	4736.25	4765.56	4703.88	4705.39	80798	0	4
2026.04.08	20:00:00	4705.38	4732.31	4699.82	4717.77	32055	0	4
2026.04.09	00:00:00	4717.72	4732.95	4698.83	4719.22	49898	0	4
2026.04.09	04:00:00	4719.12	4726.63	4703.64	4712.50	44583	0	4
2026.04.09	08:00:00	4712.54	4746.80	4705.74	4741.25	51606	0	4
2026.04.09	12:00:00	4741.24	4777.16	4735.04	4768.64	79405	0	4
2026.04.09	16:00:00	4768.78	4801.29	4761.39	4772.27	82219	0	4
2026.04.09	20:00:00	4772.29	4782.65	4758.88	4764.26	26678	0	4
2026.04.10	00:00:00	4764.29	4777.09	4738.08	4753.19	45398	0	4
2026.04.10	04:00:00	4753.18	4770.85	4742.93	4746.62	40657	0	4
2026.04.10	08:00:00	4746.56	4760.88	4730.86	4757.39	45880	0	4
2026.04.10	12:00:00	4757.25	4795.22	4753.37	4774.85	73774	0	4
2026.04.10	16:00:00	4774.88	4787.40	4747.67	4765.34	69405	0	4
2026.04.10	20:00:00	4765.39	4770.52	4741.19	4748.48	17877	0	4
2026.04.12	20:00:00	4669.76	4684.28	4643.01	4659.11	15398	0	4
2026.04.13	00:00:00	4659.14	4728.28	4644.56	4720.64	48254	0	4
2026.04.13	04:00:00	4720.52	4732.79	4708.76	4725.69	31312	0	4
2026.04.13	08:00:00	4726.01	4740.08	4708.36	4722.19	49260	0	4
2026.04.13	12:00:00	4722.13	4744.68	4703.81	4719.12	77384	0	4
2026.04.13	16:00:00	4719.15	4750.14	4700.46	4738.51	74849	0	4
2026.04.13	20:00:00	4738.49	4759.67	4730.75	4758.12	24775	0	4
2026.04.14	00:00:00	4758.01	4777.22	4751.76	4775.24	52784	0	4
2026.04.14	04:00:00	4775.23	4783.11	4758.07	4782.16	42828	0	4
2026.04.14	08:00:00	4782.26	4796.12	4751.21	4768.53	58180	0	4
2026.04.14	12:00:00	4768.52	4817.92	4762.37	4803.87	82949	0	4
2026.04.14	16:00:00	4803.74	4843.51	4791.27	4835.79	72790	0	4
2026.04.14	20:00:00	4835.70	4850.59	4833.31	4835.11	24809	0	4
2026.04.15	00:00:00	4835.14	4871.25	4820.75	4823.94	63974	0	4
2026.04.15	04:00:00	4823.96	4830.52	4811.34	4811.91	55909	0	4
2026.04.15	08:00:00	4811.76	4821.06	4787.04	4800.13	62452	0	4
2026.04.15	12:00:00	4800.15	4830.57	4795.65	4815.61	77362	0	4
2026.04.15	16:00:00	4815.62	4816.25	4787.16	4799.87	74048	0	4
2026.04.15	20:00:00	4799.79	4812.06	4787.52	4807.67	23818	0	5
2026.04.16	00:00:00	4807.64	4837.67	4807.59	4819.81	46963	0	5
2026.04.16	04:00:00	4819.72	4838.39	4814.48	4826.13	43122	0	5
2026.04.16	08:00:00	4826.35	4830.99	4805.22	4817.27	51195	0	5
2026.04.16	12:00:00	4817.33	4824.02	4773.15	4788.80	73753	0	5
2026.04.16	16:00:00	4788.79	4813.04	4781.45	4789.58	75555	0	5
2026.04.16	20:00:00	4789.59	4798.68	4786.43	4795.34	24992	0	5
2026.04.17	00:00:00	4795.30	4801.26	4767.77	4784.81	46729	0	5
2026.04.17	04:00:00	4784.64	4806.31	4779.39	4785.13	42371	0	5
2026.04.17	08:00:00	4785.06	4800.96	4778.80	4787.47	44974	0	5
2026.04.17	12:00:00	4787.48	4889.74	4783.62	4873.28	81276	0	5
2026.04.17	16:00:00	4873.21	4880.56	4854.05	4858.30	71562	0	5
2026.04.17	20:00:00	4858.29	4861.48	4829.81	4832.31	24414	0	5
2026.04.19	20:00:00	4773.28	4794.89	4769.91	4779.43	13849	0	4
2026.04.20	00:00:00	4779.44	4814.42	4737.02	4797.41	73929	0	4
2026.04.20	04:00:00	4797.40	4798.39	4779.85	4795.54	55097	0	5
2026.04.20	08:00:00	4796.04	4805.83	4783.56	4795.89	47733	0	5
2026.04.20	12:00:00	4795.88	4827.63	4786.66	4805.42	79541	0	3
2026.04.20	16:00:00	4805.44	4816.58	4792.92	4814.17	61486	0	3
2026.04.20	20:00:00	4814.08	4833.23	4810.50	4827.76	22812	0	3
2026.04.21	00:00:00	4827.64	4831.98	4802.61	4806.92	49704	0	3
2026.04.21	04:00:00	4806.95	4807.75	4774.74	4778.86	48532	0	3
2026.04.21	08:00:00	4778.84	4792.93	4772.81	4789.87	46897	0	4
2026.04.21	12:00:00	4789.86	4798.04	4723.75	4738.99	84241	0	4
2026.04.21	16:00:00	4739.04	4757.58	4692.51	4709.35	93736	0	4
2026.04.21	20:00:00	4709.37	4729.07	4668.60	4719.57	43819	0	4
2026.04.22	00:00:00	4719.46	4758.77	4718.16	4755.85	38848	0	4
2026.04.22	04:00:00	4755.76	4772.22	4752.18	4767.75	31078	0	4
2026.04.22	08:00:00	4767.83	4772.43	4745.88	4759.28	36869	0	4
2026.04.22	12:00:00	4759.54	4760.99	4730.15	4736.02	64972	0	4
2026.04.22	16:00:00	4736.06	4749.97	4723.97	4741.76	52780	0	3
2026.04.22	20:00:00	4741.77	4745.52	4725.79	4726.03	22229	0	4
2026.04.23	00:00:00	4726.08	4753.71	4694.35	4698.96	67341	0	4
2026.04.23	04:00:00	4698.97	4721.24	4692.90	4712.96	56425	0	4
2026.04.23	08:00:00	4712.97	4724.94	4684.38	4696.67	59164	0	4
2026.04.23	12:00:00	4696.81	4743.19	4695.58	4733.64	81077	0	4
2026.04.23	16:00:00	4733.67	4741.04	4664.36	4701.19	92359	0	3
2026.04.23	20:00:00	4701.14	4704.44	4686.62	4693.38	34863	0	3
2026.04.24	00:00:00	4693.36	4711.23	4673.17	4676.79	60086	0	3
2026.04.24	04:00:00	4676.82	4688.22	4657.90	4672.01	55875	0	3
2026.04.24	08:00:00	4671.86	4697.49	4671.05	4677.86	50640	0	3
2026.04.24	12:00:00	4677.89	4740.37	4677.89	4726.42	87742	0	4
2026.04.24	16:00:00	4726.43	4733.31	4714.97	4722.85	71351	0	4
2026.04.24	20:00:00	4722.84	4726.12	4705.44	4707.65	20848	0	4
2026.04.26	20:00:00	4696.80	4696.80	4679.82	4684.65	9618	0	4
2026.04.27	00:00:00	4684.64	4723.43	4672.28	4718.32	57740	0	4
2026.04.27	04:00:00	4718.31	4730.05	4708.79	4712.87	47259	0	4
2026.04.27	08:00:00	4712.57	4718.36	4699.42	4708.93	36889	0	4
2026.04.27	12:00:00	4708.94	4712.63	4676.67	4678.17	68154	0	4
2026.04.27	16:00:00	4678.21	4686.18	4667.27	4680.75	63978	0	4
2026.04.27	20:00:00	4680.74	4691.30	4676.72	4688.03	20927	0	4
2026.04.28	00:00:00	4688.01	4701.35	4666.65	4669.18	45285	0	4
2026.04.28	04:00:00	4669.16	4675.96	4623.36	4629.03	52752	0	4
2026.04.28	08:00:00	4629.00	4639.47	4603.34	4603.35	56997	0	4
2026.04.28	12:00:00	4603.37	4608.87	4555.02	4574.68	96719	0	4
2026.04.28	16:00:00	4574.63	4601.54	4567.01	4594.32	73935	0	3
2026.04.28	20:00:00	4594.35	4600.04	4591.28	4594.20	22393	0	3
2026.04.29	00:00:00	4594.26	4610.38	4576.29	4593.69	52735	0	3
2026.04.29	04:00:00	4593.76	4607.78	4580.86	4584.64	44380	0	3
2026.04.29	08:00:00	4584.61	4588.97	4551.75	4570.03	62863	0	3
2026.04.29	12:00:00	4570.01	4572.09	4510.19	4539.47	81776	0	4
2026.04.29	16:00:00	4539.48	4564.97	4518.42	4538.19	85939	0	3
2026.04.29	20:00:00	4538.25	4553.82	4533.34	4552.15	37950	0	4
2026.04.30	00:00:00	4552.14	4582.55	4549.73	4564.99	55571	0	4
2026.04.30	04:00:00	4564.82	4591.62	4540.93	4589.58	57556	0	4
2026.04.30	08:00:00	4589.59	4646.94	4584.92	4639.80	71133	0	4
2026.04.30	12:00:00	4640.27	4646.01	4609.57	4619.83	89774	0	3
2026.04.30	16:00:00	4619.84	4625.51	4605.46	4622.54	69163	0	3
2026.04.30	20:00:00	4622.55	4632.88	4614.55	4630.47	28165	0	3
2026.05.01	00:00:00	4630.41	4635.96	4614.14	4619.22	35059	0	3
2026.05.01	04:00:00	4619.10	4632.11	4590.86	4594.96	33895	0	3
2026.05.01	08:00:00	4594.86	4598.16	4560.33	4567.04	42145	0	3
2026.05.01	12:00:00	4567.00	4660.26	4562.61	4632.25	74678	0	3
2026.05.01	16:00:00	4632.20	4650.10	4613.89	4624.43	67474	0	3
2026.05.01	20:00:00	4624.56	4627.80	4607.13	4613.22	18200	0	3
2026.05.03	20:00:00	4625.24	4629.48	4612.23	4618.97	6952	0	3
2026.05.04	00:00:00	4619.00	4620.95	4591.16	4605.96	45376	0	3
2026.05.04	04:00:00	4605.89	4617.16	4583.84	4588.64	44651	0	3
2026.05.04	08:00:00	4588.66	4593.44	4526.19	4562.60	61104	0	3
2026.05.04	12:00:00	4562.82	4583.22	4551.59	4561.53	77086	0	4
2026.05.04	16:00:00	4561.58	4566.14	4500.85	4516.38	86578	0	4
2026.05.04	20:00:00	4516.40	4527.24	4511.50	4517.59	25010	0	4
2026.05.05	00:00:00	4517.46	4546.76	4513.62	4539.14	36568	0	4
2026.05.05	04:00:00	4538.94	4552.13	4528.03	4548.20	36217	0	4
2026.05.05	08:00:00	4548.16	4560.56	4540.24	4543.87	46221	0	4
2026.05.05	12:00:00	4543.85	4586.59	4540.00	4582.45	69968	0	4
2026.05.05	16:00:00	4582.42	4583.90	4553.41	4561.12	55949	0	4
2026.05.05	20:00:00	4561.10	4577.29	4546.34	4573.08	19938	0	4
2026.05.06	00:00:00	4573.48	4642.08	4569.69	4640.90	51899	0	4
2026.05.06	04:00:00	4640.86	4669.58	4638.67	4669.39	45029	0	4
2026.05.06	08:00:00	4669.43	4723.06	4657.49	4718.04	62120	0	4
2026.05.06	12:00:00	4718.06	4721.32	4660.68	4703.12	86573	0	4
2026.05.06	16:00:00	4703.05	4705.88	4679.09	4686.16	62189	0	4
2026.05.06	20:00:00	4686.13	4700.19	4685.28	4695.04	23862	0	4
2026.05.07	00:00:00	4695.01	4721.41	4685.41	4707.31	49584	0	4
2026.05.07	04:00:00	4707.32	4750.11	4692.41	4739.09	43032	0	4
2026.05.07	08:00:00	4739.20	4753.55	4721.90	4735.74	61762	0	4
2026.05.07	12:00:00	4735.82	4763.46	4727.37	4762.83	78985	0	4
2026.05.07	16:00:00	4762.84	4764.80	4687.84	4709.72	94832	0	4
2026.05.07	20:00:00	4709.89	4719.19	4682.04	4686.03	42031	0	4
2026.05.08	00:00:00	4686.06	4732.86	4684.73	4713.43	50454	0	4
2026.05.08	04:00:00	4713.46	4734.68	4709.15	4725.74	47337	0	4
2026.05.08	08:00:00	4725.62	4727.91	4697.21	4719.98	56780	0	4
2026.05.08	12:00:00	4719.84	4749.49	4702.70	4716.02	79401	0	3
2026.05.08	16:00:00	4716.00	4729.06	4702.12	4721.98	57640	0	3
2026.05.08	20:00:00	4721.94	4726.84	4714.46	4714.65	15098	0	3
2026.05.10	20:00:00	4686.49	4695.89	4679.47	4691.95	8864	0	3
2026.05.11	00:00:00	4691.89	4705.53	4670.51	4681.81	59705	0	3
2026.05.11	04:00:00	4681.79	4690.53	4648.03	4678.48	49161	0	4
2026.05.11	08:00:00	4678.53	4680.39	4650.64	4663.94	46311	0	4
2026.05.11	12:00:00	4663.98	4748.62	4663.98	4725.67	75554	0	4
2026.05.11	16:00:00	4725.64	4738.31	4708.17	4725.03	54893	0	4
2026.05.11	20:00:00	4725.06	4755.26	4722.50	4750.98	21584	0	4
2026.05.12	00:00:00	4750.99	4773.55	4720.40	4730.21	54845	0	4
2026.05.12	04:00:00	4730.18	4733.36	4694.64	4697.24	48654	0	4
2026.05.12	08:00:00	4697.18	4708.52	4685.24	4694.46	50405	0	4
2026.05.12	12:00:00	4694.56	4711.61	4669.71	4672.99	82111	0	4
2026.05.12	16:00:00	4672.92	4698.17	4638.41	4696.02	70691	0	4
2026.05.12	20:00:00	4696.03	4722.54	4696.03	4717.04	27097	0	4
2026.05.13	00:00:00	4717.00	4726.84	4687.65	4691.91	53684	0	4
2026.05.13	04:00:00	4692.06	4715.46	4689.07	4701.48	47393	0	4
2026.05.13	08:00:00	4701.72	4710.63	4686.08	4694.25	50828	0	4
2026.05.13	12:00:00	4694.26	4705.49	4669.62	4679.82	78309	0	4
2026.05.13	16:00:00	4679.95	4709.89	4677.73	4685.04	59698	0	4
2026.05.13	20:00:00	4685.09	4700.62	4683.47	4700.11	20848	0	4
2026.05.14	00:00:00	4700.02	4707.08	4679.99	4686.63	52758	0	4
2026.05.14	04:00:00	4686.65	4712.68	4668.47	4700.25	51015	0	4
2026.05.14	08:00:00	4700.31	4718.79	4688.57	4696.99	56571	0	4
2026.05.14	12:00:00	4697.11	4710.03	4666.83	4679.49	72339	0	4
2026.05.14	16:00:00	4679.52	4689.47	4667.09	4671.68	56338	0	4
2026.05.14	20:00:00	4671.73	4671.91	4644.44	4662.41	24742	0	4
2026.05.15	00:00:00	4662.43	4665.43	4607.60	4618.18	67382	0	4
2026.05.15	04:00:00	4618.13	4622.33	4556.49	4569.82	69579	0	4
2026.05.15	08:00:00	4569.94	4588.76	4532.06	4566.15	74930	0	4
2026.05.15	12:00:00	4566.16	4570.31	4511.93	4562.82	93005	0	4
2026.05.15	16:00:00	4562.84	4564.56	4529.52	4559.33	80540	0	4
2026.05.15	20:00:00	4559.43	4560.23	4533.21	4539.14	24939	0	4
2026.05.17	20:00:00	4544.72	4554.55	4537.45	4546.12	8684	0	4
2026.05.18	00:00:00	4546.14	4548.04	4480.46	4533.59	76992	0	3
2026.05.18	04:00:00	4533.74	4552.03	4525.26	4546.83	69266	0	4
2026.05.18	08:00:00	4546.84	4560.02	4532.16	4540.35	61014	0	4
2026.05.18	12:00:00	4540.34	4584.24	4530.10	4546.67	91120	0	4
2026.05.18	16:00:00	4546.58	4558.25	4532.05	4535.73	72612	0	4
2026.05.18	20:00:00	4535.80	4578.42	4535.34	4573.99	30819	0	4
2026.05.19	00:00:00	4573.87	4589.34	4546.09	4547.22	53591	0	4
2026.05.19	04:00:00	4547.58	4555.13	4531.02	4548.01	52036	0	4
2026.05.19	08:00:00	4548.05	4559.36	4525.56	4544.80	59429	0	3
2026.05.19	12:00:00	4544.98	4547.99	4465.04	4494.21	87635	0	3
2026.05.19	16:00:00	4494.19	4512.52	4489.92	4493.70	68210	0	3
2026.05.19	20:00:00	4493.71	4497.52	4477.52	4484.58	26009	0	3
2026.05.20	00:00:00	4484.44	4508.83	4456.27	4465.42	69793	0	3
2026.05.20	04:00:00	4465.29	4479.10	4453.52	4474.48	62478	0	5
2026.05.20	08:00:00	4474.45	4497.14	4472.04	4494.77	60323	0	5
2026.05.20	12:00:00	4494.75	4537.24	4467.19	4531.32	79274	0	4
2026.05.20	16:00:00	4531.36	4553.04	4523.28	4542.48	71384	0	4
2026.05.20	20:00:00	4542.49	4550.44	4535.37	4539.97	26372	0	4
2026.05.21	00:00:00	4540.06	4570.98	4531.67	4533.27	49156	0	4
2026.05.21	04:00:00	4533.16	4540.53	4518.73	4521.64	52290	0	4
2026.05.21	08:00:00	4521.63	4542.92	4505.02	4511.67	66202	0	4
2026.05.21	12:00:00	4511.66	4521.13	4488.65	4508.98	86522	0	4
2026.05.21	16:00:00	4508.89	4559.35	4496.85	4531.99	88331	0	4
2026.05.21	20:00:00	4532.00	4545.64	4530.35	4543.49	27523	0	4
2026.05.22	00:00:00	4543.40	4545.13	4518.59	4523.27	48626	0	4
2026.05.22	04:00:00	4523.24	4534.34	4507.40	4526.91	47792	0	4
2026.05.22	08:00:00	4526.89	4536.90	4510.30	4514.75	57237	0	4
2026.05.22	12:00:00	4514.60	4535.82	4492.02	4500.66	78419	0	4
2026.05.22	16:00:00	4500.63	4527.88	4500.36	4514.85	60041	0	4
2026.05.22	20:00:00	4515.07	4515.88	4504.38	4507.28	18650	0	4
2026.05.24	20:00:00	4550.90	4565.75	4548.46	4565.32	11275	0	4
2026.05.25	00:00:00	4565.28	4579.92	4558.90	4561.44	52771	0	4
2026.05.25	04:00:00	4561.45	4566.15	4550.62	4562.57	41109	0	4
2026.05.25	08:00:00	4562.55	4573.80	4552.60	4568.70	34801	0	4
2026.05.25	12:00:00	4568.82	4577.13	4553.06	4566.93	43355	0	4
2026.05.25	16:00:00	4566.92	4577.90	4563.36	4571.01	26211	0	4
2026.05.25	20:00:00	4571.56	4576.73	4569.80	4574.95	5315	0	4
2026.05.26	00:00:00	4574.74	4580.20	4527.80	4532.24	51913	0	4
2026.05.26	04:00:00	4532.25	4545.49	4523.12	4531.08	42389	0	4
2026.05.26	08:00:00	4531.16	4540.57	4512.18	4534.55	54355	0	4
2026.05.26	12:00:00	4534.56	4536.24	4500.71	4515.40	75033	0	4
2026.05.26	16:00:00	4515.41	4515.69	4482.69	4499.31	56544	0	4
2026.05.26	20:00:00	4499.32	4524.19	4493.81	4510.99	23344	0	4
2026.05.27	00:00:00	4511.12	4527.73	4498.10	4506.00	38262	0	4
2026.05.27	04:00:00	4506.01	4517.35	4480.09	4485.30	48279	0	4
2026.05.27	08:00:00	4485.31	4498.79	4442.80	4445.81	49767	0	4
2026.05.27	12:00:00	4445.82	4466.46	4401.55	4434.03	88546	0	4
2026.05.27	16:00:00	4434.01	4458.36	4428.20	4454.48	51722	0	4
2026.05.27	20:00:00	4454.42	4465.42	4448.97	4457.36	16231	0	4
2026.05.28	00:00:00	4457.37	4458.87	4392.71	4394.56	51791	0	4
2026.05.28	04:00:00	4394.50	4397.94	4366.42	4383.49	57567	0	4
2026.05.28	08:00:00	4383.46	4404.13	4375.53	4383.15	42941	0	4
2026.05.28	12:00:00	4383.12	4480.52	4379.69	4469.44	74199	0	4
2026.05.28	16:00:00	4469.45	4516.61	4468.87	4501.09	61990	0	4
2026.05.28	20:00:00	4501.19	4503.79	4490.92	4491.21	20475	0	4
2026.05.29	00:00:00	4491.19	4520.76	4489.19	4501.85	47404	0	4
2026.05.29	04:00:00	4501.83	4524.28	4494.91	4523.77	43523	0	4
2026.05.29	08:00:00	4523.38	4543.33	4510.06	4538.60	43520	0	4
2026.05.29	12:00:00	4538.61	4570.50	4512.78	4564.28	67914	0	4
2026.05.29	16:00:00	4564.25	4595.33	4550.97	4553.30	65811	0	4
2026.05.29	20:00:00	4553.34	4560.26	4539.16	4539.95	19291	0	4
2026.05.31	20:00:00	4520.44	4540.43	4519.53	4535.36	6896	0	4
2026.06.01	00:00:00	4535.38	4546.05	4521.30	4521.56	42084	0	4
2026.06.01	04:00:00	4521.60	4525.58	4500.37	4501.77	37340	0	4
2026.06.01	08:00:00	4501.72	4511.02	4489.35	4504.04	41965	0	4
2026.06.01	12:00:00	4504.09	4512.98	4447.88	4458.80	65116	0	4
2026.06.01	16:00:00	4459.15	4495.47	4455.55	4486.76	53516	0	4
2026.06.01	20:00:00	4486.72	4488.30	4479.16	4485.98	17616	0	4
2026.06.02	00:00:00	4485.70	4497.29	4463.03	4485.99	46685	0	4
2026.06.02	04:00:00	4486.02	4538.45	4485.75	4536.10	43343	0	4
2026.06.02	08:00:00	4535.95	4541.61	4522.08	4533.23	35658	0	4
2026.06.02	12:00:00	4533.24	4534.75	4490.38	4504.15	48424	0	4
2026.06.02	16:00:00	4504.16	4508.56	4478.79	4487.45	49806	0	4
2026.06.02	20:00:00	4487.44	4493.17	4483.47	4484.93	19559	0	4
2026.06.03	00:00:00	4485.06	4496.75	4462.26	4481.90	48479	0	4
2026.06.03	04:00:00	4481.86	4488.33	4455.36	4463.07	38811	0	4
2026.06.03	08:00:00	4463.08	4472.28	4439.04	4459.06	48139	0	4
2026.06.03	12:00:00	4459.42	4468.13	4426.53	4457.26	64876	0	4
2026.06.03	16:00:00	4457.22	4458.43	4433.82	4442.21	57075	0	4
2026.06.03	20:00:00	4442.19	4452.90	4424.01	4448.99	25446	0	4
2026.06.04	00:00:00	4449.20	4476.58	4443.37	4475.15	56249	0	4
2026.06.04	04:00:00	4475.17	4484.09	4458.50	4467.77	47823	0	4
2026.06.04	08:00:00	4467.75	4475.71	4458.67	4473.73	42162	0	4
2026.06.04	12:00:00	4473.98	4515.48	4457.38	4465.89	74809	0	4
2026.06.04	16:00:00	4465.94	4485.18	4463.90	4478.16	51883	0	4
2026.06.04	20:00:00	4478.18	4483.46	4468.91	4469.64	19562	0	4
2026.06.05	00:00:00	4469.66	4474.27	4438.44	4440.61	55506	0	4
2026.06.05	04:00:00	4440.60	4456.30	4428.87	4452.93	52132	0	4
2026.06.05	08:00:00	4452.96	4469.43	4451.94	4467.02	43452	0	4
2026.06.05	12:00:00	4466.94	4475.88	4344.65	4369.74	85251	0	4
2026.06.05	16:00:00	4369.77	4372.61	4315.27	4322.40	89750	0	4
2026.06.05	20:00:00	4322.45	4330.28	4311.88	4328.23	34897	0	4
2026.06.07	20:00:00	4320.37	4330.26	4309.77	4317.50	14536	0	4
2026.06.08	00:00:00	4317.53	4353.31	4300.03	4310.65	68513	0	4
2026.06.08	04:00:00	4310.60	4321.88	4268.63	4300.08	63484	0	4
2026.06.08	08:00:00	4300.09	4317.01	4273.09	4302.14	60258	0	4
2026.06.08	12:00:00	4302.13	4346.83	4297.27	4331.05	83130	0	4
2026.06.08	16:00:00	4331.10	4346.40	4322.67	4334.67	71915	0	4
2026.06.08	20:00:00	4334.68	4338.20	4322.80	4327.91	23475	0	4
2026.06.09	00:00:00	4327.92	4341.04	4313.02	4336.16	52467	0	4
2026.06.09	04:00:00	4336.12	4351.47	4324.35	4330.69	45995	0	4
2026.06.09	08:00:00	4330.73	4340.88	4321.35	4339.26	43053	0	3
2026.06.09	12:00:00	4339.23	4363.59	4278.80	4300.78	71921	0	3
2026.06.09	16:00:00	4300.60	4302.09	4236.63	4269.94	103241	0	3
2026.06.09	20:00:00	4270.00	4271.75	4232.59	4237.37	34750	0	3
2026.06.10	00:00:00	4237.21	4247.46	4173.34	4174.12	71404	0	3
2026.06.10	04:00:00	4174.11	4221.94	4172.76	4204.05	61491	0	3
2026.06.10	08:00:00	4204.06	4208.00	4155.78	4174.76	66528	0	3
2026.06.10	12:00:00	4174.73	4186.31	4118.12	4124.85	101719	0	3
2026.06.10	16:00:00	4124.91	4136.94	4097.07	4101.25	93393	0	3
2026.06.10	20:00:00	4101.65	4102.21	4036.22	4046.57	44325	0	3
2026.06.11	00:00:00	4046.75	4118.18	4023.90	4067.99	82121	0	3
2026.06.11	04:00:00	4068.00	4106.40	4056.97	4094.54	64766	0	3
2026.06.11	08:00:00	4094.70	4112.72	4077.67	4089.98	54859	0	3
2026.06.11	12:00:00	4089.99	4096.03	4053.00	4073.64	89228	0	3
2026.06.11	16:00:00	4073.54	4171.69	4070.38	4161.90	95375	0	3
2026.06.11	20:00:00	4161.91	4246.49	4161.91	4243.34	42842	0	4
2026.06.12	00:00:00	4243.38	4245.94	4171.49	4191.69	64388	0	4
2026.06.12	04:00:00	4191.63	4205.10	4170.87	4184.19	58308	0	4
2026.06.12	08:00:00	4184.46	4227.98	4170.26	4210.98	64419	0	4
2026.06.12	12:00:00	4211.00	4215.44	4177.38	4203.98	80669	0	4
2026.06.12	16:00:00	4204.03	4235.58	4200.35	4215.64	73333	0	4
2026.06.12	20:00:00	4215.63	4219.14	4201.95	4218.08	18369	0	4
2026.06.14	20:00:00	4300.37	4308.87	4280.27	4285.73	12107	0	4
2026.06.15	00:00:00	4285.63	4335.55	4281.26	4329.73	49442	0	4
2026.06.15	04:00:00	4329.71	4333.12	4300.86	4308.23	41658	0	4
2026.06.15	08:00:00	4308.45	4345.39	4305.44	4338.24	44075	0	4
2026.06.15	12:00:00	4338.23	4369.28	4324.78	4356.94	65887	0	4
2026.06.15	16:00:00	4356.84	4360.84	4318.21	4325.73	59564	0	4
2026.06.15	20:00:00	4325.72	4326.77	4306.07	4312.10	23871	0	4
2026.06.16	00:00:00	4312.11	4325.93	4306.91	4318.72	46607	0	4
2026.06.16	04:00:00	4318.71	4333.20	4313.56	4324.00	47972	0	4
2026.06.16	08:00:00	4323.96	4349.06	4322.69	4349.02	39374	0	4
2026.06.16	12:00:00	4349.05	4355.00	4313.35	4324.13	68991	0	4
2026.06.16	16:00:00	4324.21	4347.06	4321.23	4338.59	61094	0	4
2026.06.16	20:00:00	4338.60	4342.93	4329.11	4335.62	18778	0	4
2026.06.17	00:00:00	4335.53	4349.70	4328.75	4331.77	35080	0	4
2026.06.17	04:00:00	4331.73	4334.39	4317.75	4331.84	37333	0	4
2026.06.17	08:00:00	4331.69	4335.71	4317.18	4331.46	34465	0	4
2026.06.17	12:00:00	4331.49	4364.03	4319.94	4344.56	59070	0	5
2026.06.17	16:00:00	4344.53	4382.33	4270.18	4286.16	73052	0	5
2026.06.17	20:00:00	4285.89	4295.59	4219.18	4266.83	52326	0	4
2026.06.18	00:00:00	4266.76	4329.94	4264.40	4310.97	55474	0	4
2026.06.18	04:00:00	4310.95	4324.81	4296.31	4306.63	48141	0	4
2026.06.18	08:00:00	4306.60	4309.44	4254.84	4255.67	55079	0	4
2026.06.18	12:00:00	4255.57	4276.69	4237.37	4252.46	75134	0	5
2026.06.18	16:00:00	4252.44	4254.83	4214.12	4218.30	68965	0	5
2026.06.18	20:00:00	4218.31	4219.67	4201.55	4207.48	26230	0	5
2026.06.19	00:00:00	4207.51	4208.38	4171.97	4176.35	37021	0	5
2026.06.19	04:00:00	4176.42	4177.30	4121.84	4147.73	51006	0	5
2026.06.19	08:00:00	4147.85	4178.26	4147.85	4149.80	46106	0	5
2026.06.19	12:00:00	4149.77	4182.99	4142.00	4149.34	56852	0	5
2026.06.19	16:00:00	4149.32	4157.89	4144.41	4156.18	16421	0	5
2026.06.21	20:00:00	4156.36	4159.54	4147.37	4156.41	8547	0	4
2026.06.22	00:00:00	4156.30	4220.95	4136.60	4188.56	60510	0	4
2026.06.22	04:00:00	4188.58	4207.41	4170.73	4197.51	46740	0	4
2026.06.22	08:00:00	4197.65	4214.26	4188.69	4204.79	46765	0	4
2026.06.22	12:00:00	4204.80	4215.15	4183.01	4198.35	73271	0	4
2026.06.22	16:00:00	4198.48	4201.38	4169.91	4191.36	58940	0	4
2026.06.22	20:00:00	4191.35	4194.73	4184.29	4190.02	18337	0	4
2026.06.23	00:00:00	4189.97	4198.56	4146.63	4147.00	48066	0	4
2026.06.23	04:00:00	4146.98	4149.78	4110.50	4114.51	60413	0	4
2026.06.23	08:00:00	4114.47	4133.36	4091.00	4119.80	57609	0	4
2026.06.23	12:00:00	4119.86	4144.93	4105.42	4130.16	76648	0	4
2026.06.23	16:00:00	4130.20	4143.94	4112.90	4117.84	55938	0	4
2026.06.23	20:00:00	4117.83	4126.13	4097.04	4104.36	28050	0	4
2026.06.24	00:00:00	4104.30	4112.13	4052.20	4061.24	71358	0	4
2026.06.24	04:00:00	4061.34	4097.65	4050.46	4087.17	63598	0	4
2026.06.24	08:00:00	4087.08	4090.90	4054.75	4055.67	54723	0	4
2026.06.24	12:00:00	4055.60	4058.53	3964.67	4008.03	95973	0	4
2026.06.24	16:00:00	4008.45	4022.27	3959.14	3981.43	81603	0	4
2026.06.24	20:00:00	3981.66	4008.57	3973.62	3996.45	34413	0	4
2026.06.25	00:00:00	3996.50	4018.75	3963.62	3983.44	67622	0	4
2026.06.25	04:00:00	3982.91	4001.22	3966.38	3977.42	59990	0	4
2026.06.25	08:00:00	3977.64	4002.13	3971.50	3984.40	43552	0	4
2026.06.25	12:00:00	3984.49	4034.11	3973.73	4012.10	82225	0	4
2026.06.25	16:00:00	4012.09	4044.23	4005.08	4034.81	73043	0	4
2026.06.25	20:00:00	4034.79	4043.84	4019.88	4026.41	27437	0	4
2026.06.26	00:00:00	4026.34	4030.48	3983.09	3990.79	57907	0	4
2026.06.26	04:00:00	3990.67	4033.24	3986.74	4032.10	62014	0	4
2026.06.26	08:00:00	4032.16	4054.86	4025.86	4054.78	47508	0	4
2026.06.26	12:00:00	4054.96	4093.13	4035.94	4080.64	73245	0	4
2026.06.26	16:00:00	4080.65	4096.12	4067.18	4067.39	53090	0	4
2026.06.26	20:00:00	4067.48	4089.57	4064.67	4087.63	20345	0	4
2026.06.28	20:00:00	4075.62	4083.48	4052.74	4066.46	10312	0	4
2026.06.29	00:00:00	4066.43	4074.57	4048.33	4066.44	60612	0	4
2026.06.29	04:00:00	4066.42	4075.75	4039.38	4062.42	52148	0	4
2026.06.29	08:00:00	4062.39	4068.61	4024.79	4036.93	44565	0	4
2026.06.29	12:00:00	4036.92	4052.44	4000.20	4025.77	63131	0	4
2026.06.29	16:00:00	4025.76	4032.10	4012.05	4013.47	47155	0	4
2026.06.29	20:00:00	4013.44	4022.19	4005.44	4014.25	19778	0	4
2026.06.30	00:00:00	4014.52	4022.41	3942.74	3962.98	61017	0	4
2026.06.30	04:00:00	3962.89	4034.10	3960.26	4029.79	58875	0	4
2026.06.30	08:00:00	4029.71	4037.67	4012.55	4029.91	44683	0	4
2026.06.30	12:00:00	4029.88	4063.45	4008.79	4037.43	68450	0	4
2026.06.30	16:00:00	4037.62	4039.37	4020.83	4028.58	46135	0	4
2026.06.30	20:00:00	4028.59	4029.53	4006.10	4013.21	21697	0	4
2026.07.01	00:00:00	4013.19	4018.49	3970.24	3979.30	53799	0	4
2026.07.01	04:00:00	3979.32	3987.16	3963.26	3971.91	45546	0	4
2026.07.01	08:00:00	3971.88	3998.81	3960.21	3998.41	41624	0	4
2026.07.01	12:00:00	3998.43	4115.60	3997.94	4093.41	82140	0	4
2026.07.01	16:00:00	4093.44	4094.63	4057.95	4062.21	53657	0	4
2026.07.01	20:00:00	4062.20	4068.38	4028.57	4045.13	24811	0	4
2026.07.02	00:00:00	4045.06	4068.63	4030.85	4057.24	53094	0	4
2026.07.02	04:00:00	4057.13	4079.80	4053.22	4073.18	51336	0	4
2026.07.02	08:00:00	4073.21	4080.08	4060.88	4066.36	46593	0	4
2026.07.02	12:00:00	4066.46	4144.06	4057.51	4128.61	83834	0	4
2026.07.02	16:00:00	4128.70	4131.41	4100.41	4122.67	68016	0	4
2026.07.02	20:00:00	4122.83	4128.15	4108.26	4124.79	21606	0	4
2026.07.03	00:00:00	4124.81	4195.47	4121.19	4183.54	57641	0	4
2026.07.03	04:00:00	4183.53	4184.62	4160.56	4173.12	41174	0	4
2026.07.03	08:00:00	4173.24	4186.60	4168.53	4177.24	33700	0	4
2026.07.03	12:00:00	4177.05	4186.34	4175.64	4183.57	5845	0	4
